patient_id,age,gender,admission_type,primary_diagnosis,length_of_stay_days,charlson_comorbidity_count,prescribed_medication_count,prior_inpatient_admissions_12m,hba1c_level,serum_creatinine_mg_dl,systolic_blood_pressure,readmitted_30d
PAT-10000,56,Female,Elective,COPD Exacerbation,4,2,3,2,5.6,2.27,139,1
PAT-10001,89,Female,Emergency,Pneumonia,7,0,4,0,8.8,0.73,149,1
PAT-10002,78,Female,Emergency,Ischemic Stroke,7,5,11,1,6.8,0.65,138,1
PAT-10003,71,Male,Elective,Type 2 Diabetes,4,2,8,0,6.9,0.97,125,0
PAT-10004,38,Female,Emergency,COPD Exacerbation,3,3,9,1,5.4,1.91,132,1
PAT-10005,38,Male,Elective,Acute Myocardial Infarction,2,1,10,1,5.7,0.71,138,0
PAT-10006,27,Female,Urgent,Sepsis,7,1,8,2,6.8,1.25,120,0
PAT-10007,85,Male,Emergency,Pneumonia,4,2,7,0,5.7,0.98,124,1
PAT-10008,71,Male,Elective,Acute Myocardial Infarction,1,1,5,0,7.8,0.51,134,0
PAT-10009,77,Male,Emergency,Type 2 Diabetes,5,0,12,0,7.8,0.95,125,0
PAT-10010,21,Male,Emergency,Pneumonia,5,2,5,2,7.5,1.23,189,0
PAT-10011,90,Male,Emergency,Total Hip Arthroplasty,6,1,16,0,6.4,0.75,117,0
PAT-10012,83,Male,Emergency,Ischemic Stroke,7,3,6,1,5.6,0.78,116,0
PAT-10013,43,Female,Emergency,Acute Myocardial Infarction,1,7,10,0,7.6,0.62,122,0
PAT-10014,41,Female,Emergency,Type 2 Diabetes,1,0,8,0,6.8,0.87,156,0
PAT-10015,41,Female,Urgent,Sepsis,6,4,13,0,7.0,1.58,143,0
PAT-10016,51,Female,Elective,Heart Failure,6,0,14,1,8.0,1.92,134,1
PAT-10017,66,Female,Urgent,Heart Failure,8,2,8,0,7.3,3.56,133,0
PAT-10018,60,Female,Elective,COPD Exacerbation,5,3,4,0,6.6,2.63,130,0
PAT-10019,50,Female,Emergency,Type 2 Diabetes,1,4,9,0,10.2,0.63,114,0
PAT-10020,72,Female,Emergency,Ischemic Stroke,5,1,7,0,6.1,2.01,129,0
PAT-10021,36,Female,Emergency,Pneumonia,3,2,12,2,5.3,1.35,142,0
PAT-10022,50,Male,Emergency,Pneumonia,5,5,6,0,7.0,1.35,125,0
PAT-10023,56,Female,Elective,Acute Myocardial Infarction,6,3,3,1,6.7,0.91,119,0
PAT-10024,62,Male,Emergency,Acute Myocardial Infarction,7,2,6,3,7.5,1.19,130,1
PAT-10025,81,Female,Emergency,Pneumonia,6,1,5,0,5.6,1.89,108,0
PAT-10026,42,Male,Emergency,Type 2 Diabetes,3,3,5,0,4.7,2.08,76,0
PAT-10027,66,Male,Emergency,Acute Myocardial Infarction,3,1,6,0,8.7,1.16,125,0
PAT-10028,70,Male,Emergency,Type 2 Diabetes,1,1,10,1,8.0,1.84,141,0
PAT-10029,25,Male,Emergency,Heart Failure,7,3,7,0,7.9,1.86,76,0
PAT-10030,71,Female,Elective,COPD Exacerbation,1,1,8,0,5.7,3.17,124,0
PAT-10031,40,Male,Emergency,Heart Failure,1,3,10,2,6.8,1.11,167,1
PAT-10032,28,Male,Elective,Ischemic Stroke,9,4,7,2,7.1,0.8,110,1
PAT-10033,89,Male,Emergency,COPD Exacerbation,6,2,8,0,9.4,0.97,110,0
PAT-10034,90,Male,Emergency,Ischemic Stroke,6,1,8,0,6.2,1.1,165,0
PAT-10035,82,Female,Elective,Type 2 Diabetes,6,1,5,0,8.1,0.74,107,0
PAT-10036,51,Male,Emergency,Ischemic Stroke,8,5,8,1,5.6,0.64,126,1
PAT-10037,32,Female,Emergency,Heart Failure,1,0,6,0,7.3,3.19,132,0
PAT-10038,76,Male,Urgent,Heart Failure,5,1,5,0,9.1,0.88,131,0
PAT-10039,61,Female,Emergency,Heart Failure,7,4,5,3,8.6,3.55,135,1
PAT-10040,34,Male,Emergency,Pneumonia,3,1,8,0,7.2,1.85,140,0
PAT-10041,65,Female,Elective,Heart Failure,6,1,9,0,5.2,0.9,123,1
PAT-10042,23,Female,Elective,Pneumonia,7,2,9,0,6.5,0.91,138,0
PAT-10043,87,Male,Emergency,Type 2 Diabetes,1,3,9,1,5.9,0.88,143,0
PAT-10044,47,Male,Emergency,Type 2 Diabetes,2,0,8,0,6.6,1.15,121,0
PAT-10045,74,Male,Elective,COPD Exacerbation,6,3,10,0,8.4,0.56,156,1
PAT-10046,52,Female,Emergency,Heart Failure,1,1,11,1,6.4,0.63,145,0
PAT-10047,66,Female,Emergency,Acute Myocardial Infarction,4,4,7,1,9.3,0.53,98,1
PAT-10048,68,Male,Emergency,COPD Exacerbation,7,2,10,0,5.3,0.58,140,0
PAT-10049,41,Male,Urgent,Total Hip Arthroplasty,1,0,8,3,8.0,1.11,112,0
PAT-10050,90,Male,Emergency,Type 2 Diabetes,2,0,8,0,5.8,0.56,121,0
PAT-10051,81,Female,Elective,Ischemic Stroke,10,0,3,3,7.1,1.08,104,1
PAT-10052,89,Male,Emergency,COPD Exacerbation,7,3,10,1,6.0,2.6,159,0
PAT-10053,87,Female,Emergency,Ischemic Stroke,8,2,9,0,10.2,1.06,135,1
PAT-10054,71,Male,Elective,Heart Failure,5,1,7,1,7.4,0.79,153,0
PAT-10055,88,Female,Urgent,Acute Myocardial Infarction,8,3,9,2,5.2,0.96,108,1
PAT-10056,31,Female,Emergency,Sepsis,8,3,9,0,5.6,1.38,129,1
PAT-10057,42,Male,Emergency,Heart Failure,6,3,6,2,5.7,0.56,140,0
PAT-10058,25,Male,Urgent,COPD Exacerbation,2,3,4,0,7.9,1.17,129,1
PAT-10059,53,Female,Elective,Sepsis,4,5,4,1,6.4,1.43,133,0
PAT-10060,57,Female,Emergency,COPD Exacerbation,6,3,10,3,7.6,2.37,109,0
PAT-10061,49,Female,Emergency,Heart Failure,7,5,10,4,8.4,1.68,126,0
PAT-10062,83,Male,Elective,Acute Myocardial Infarction,5,3,6,1,5.2,1.02,130,1
PAT-10063,55,Female,Elective,Heart Failure,7,2,9,2,9.3,2.4,127,1
PAT-10064,49,Female,Urgent,Sepsis,7,1,9,0,5.5,0.62,119,0
PAT-10065,68,Male,Emergency,Heart Failure,5,2,3,1,8.8,0.82,134,0
PAT-10066,37,Male,Emergency,Heart Failure,8,4,4,1,7.0,1.4,172,0
PAT-10067,82,Male,Elective,Type 2 Diabetes,4,1,6,0,9.8,3.12,113,0
PAT-10068,29,Female,Emergency,COPD Exacerbation,3,2,6,1,6.5,1.11,108,0
PAT-10069,91,Male,Elective,Ischemic Stroke,4,4,3,0,6.5,2.66,157,0
PAT-10070,80,Male,Emergency,Heart Failure,7,3,6,0,8.0,0.83,127,1
PAT-10071,42,Male,Emergency,Heart Failure,3,2,9,0,5.7,1.08,146,0
PAT-10072,19,Male,Emergency,Type 2 Diabetes,2,2,12,0,5.3,1.15,131,0
PAT-10073,83,Female,Elective,Sepsis,9,3,6,0,8.1,1.46,95,1
PAT-10074,77,Male,Elective,Pneumonia,6,1,9,1,8.4,2.27,144,0
PAT-10075,78,Female,Emergency,Type 2 Diabetes,4,1,11,0,8.7,3.39,113,0
PAT-10076,80,Female,Emergency,COPD Exacerbation,6,2,8,0,8.1,1.11,142,1
PAT-10077,29,Female,Emergency,Type 2 Diabetes,5,6,6,1,6.2,1.16,118,0
PAT-10078,55,Female,Elective,Pneumonia,9,4,8,0,7.4,0.62,119,1
PAT-10079,34,Male,Emergency,Type 2 Diabetes,4,2,9,0,5.7,1.85,121,0
PAT-10080,85,Male,Elective,Sepsis,12,2,9,0,9.5,1.1,150,1
PAT-10081,72,Male,Emergency,Total Hip Arthroplasty,5,2,6,1,7.8,1.68,154,0
PAT-10082,53,Male,Emergency,Acute Myocardial Infarction,5,4,11,1,8.2,1.52,162,1
PAT-10083,27,Female,Elective,Pneumonia,8,3,10,0,7.7,0.51,119,0
PAT-10084,52,Female,Emergency,Pneumonia,3,4,8,2,6.6,0.54,136,1
PAT-10085,53,Male,Emergency,Heart Failure,3,1,7,1,9.5,2.73,120,0
PAT-10086,78,Male,Emergency,Acute Myocardial Infarction,3,2,9,0,7.3,0.7,110,0
PAT-10087,73,Female,Emergency,COPD Exacerbation,5,2,9,0,8.9,1.21,141,0
PAT-10088,86,Male,Emergency,Total Hip Arthroplasty,5,3,6,0,6.7,0.98,138,0
PAT-10089,63,Female,Emergency,Type 2 Diabetes,2,2,10,0,10.7,1.4,118,0
PAT-10090,34,Female,Elective,Acute Myocardial Infarction,4,0,8,1,7.8,0.91,129,0
PAT-10091,77,Female,Elective,Acute Myocardial Infarction,4,4,6,0,6.5,1.09,134,0
PAT-10092,80,Female,Elective,Type 2 Diabetes,4,3,6,2,5.7,0.71,133,1
PAT-10093,69,Male,Emergency,COPD Exacerbation,6,5,7,2,8.5,1.26,145,0
PAT-10094,80,Male,Elective,Total Hip Arthroplasty,7,4,7,0,7.0,2.73,121,0
PAT-10095,64,Female,Emergency,Total Hip Arthroplasty,2,5,11,2,5.4,3.88,127,1
PAT-10096,66,Male,Emergency,Acute Myocardial Infarction,4,1,13,1,6.6,0.75,167,0
PAT-10097,60,Male,Elective,Heart Failure,3,3,6,2,6.7,0.68,127,1
PAT-10098,22,Female,Urgent,Total Hip Arthroplasty,1,1,8,2,5.9,0.72,108,0
PAT-10099,33,Female,Emergency,COPD Exacerbation,2,4,8,2,8.9,1.1,119,1
PAT-10100,23,Male,Urgent,Type 2 Diabetes,3,4,9,0,6.2,0.61,121,0
PAT-10101,73,Male,Emergency,Heart Failure,6,3,10,1,6.4,2.38,127,0
PAT-10102,52,Male,Emergency,Heart Failure,6,4,5,1,6.9,0.83,107,1
PAT-10103,65,Female,Emergency,Heart Failure,4,1,9,0,7.7,1.12,158,0
PAT-10104,87,Male,Elective,Acute Myocardial Infarction,6,3,6,2,7.1,0.79,150,0
PAT-10105,47,Female,Emergency,Type 2 Diabetes,3,4,11,1,10.2,0.73,149,0
PAT-10106,59,Female,Urgent,Heart Failure,5,3,5,1,7.2,0.53,146,0
PAT-10107,80,Female,Elective,Pneumonia,4,2,12,2,9.4,1.13,130,1
PAT-10108,45,Female,Elective,Pneumonia,6,2,9,0,8.0,2.76,161,0
PAT-10109,29,Female,Emergency,Heart Failure,4,4,8,0,6.9,0.79,118,0
PAT-10110,50,Female,Urgent,Heart Failure,5,2,8,0,7.9,0.71,144,1
PAT-10111,39,Female,Elective,Heart Failure,5,3,5,0,7.5,1.12,137,1
PAT-10112,88,Male,Emergency,Acute Myocardial Infarction,7,1,4,0,8.1,3.08,111,0
PAT-10113,82,Female,Elective,Heart Failure,4,1,8,1,6.2,0.98,119,0
PAT-10114,73,Female,Emergency,COPD Exacerbation,5,1,12,0,6.6,1.05,136,0
PAT-10115,85,Female,Elective,Heart Failure,7,1,6,2,6.3,2.91,150,1
PAT-10116,82,Female,Emergency,Heart Failure,5,2,11,1,8.7,1.17,162,0
PAT-10117,41,Male,Emergency,Pneumonia,7,4,10,0,9.4,1.56,135,0
PAT-10118,86,Female,Emergency,Heart Failure,6,0,12,0,6.6,0.81,108,0
PAT-10119,67,Male,Emergency,Heart Failure,1,4,7,1,5.6,1.26,157,0
PAT-10120,82,Female,Elective,Type 2 Diabetes,6,3,11,1,5.6,1.6,117,1
PAT-10121,87,Female,Urgent,Type 2 Diabetes,5,2,9,0,8.7,1.07,128,0
PAT-10122,52,Male,Urgent,Acute Myocardial Infarction,1,4,5,1,6.4,3.03,142,0
PAT-10123,33,Male,Emergency,Heart Failure,4,2,7,1,7.2,1.52,140,1
PAT-10124,45,Female,Elective,Sepsis,5,3,5,2,7.8,3.1,122,1
PAT-10125,60,Male,Emergency,Sepsis,10,4,5,2,8.5,0.76,135,1
PAT-10126,83,Female,Elective,Acute Myocardial Infarction,5,2,9,0,4.7,0.53,129,0
PAT-10127,85,Male,Emergency,Type 2 Diabetes,3,1,8,1,6.9,0.89,165,1
PAT-10128,19,Male,Emergency,Sepsis,9,3,7,0,7.5,3.25,157,1
PAT-10129,66,Male,Elective,Heart Failure,6,1,8,1,4.8,2.37,114,1
PAT-10130,59,Male,Emergency,Heart Failure,5,3,9,0,5.7,1.5,106,0
PAT-10131,44,Female,Emergency,Heart Failure,2,2,5,1,8.5,1.68,141,0
PAT-10132,34,Male,Elective,Total Hip Arthroplasty,1,2,9,0,5.6,3.13,150,0
PAT-10133,54,Female,Emergency,Type 2 Diabetes,2,3,10,1,9.0,2.51,123,0
PAT-10134,89,Female,Emergency,Total Hip Arthroplasty,6,3,8,0,7.7,2.26,138,0
PAT-10135,53,Female,Emergency,Type 2 Diabetes,1,4,7,0,8.9,0.54,138,0
PAT-10136,66,Female,Emergency,Total Hip Arthroplasty,3,0,15,0,7.2,1.32,100,0
PAT-10137,77,Male,Emergency,Total Hip Arthroplasty,3,3,4,1,7.6,1.18,156,0
PAT-10138,56,Male,Elective,Total Hip Arthroplasty,5,3,6,1,5.8,5.03,141,0
PAT-10139,90,Male,Emergency,Pneumonia,8,1,14,1,6.0,1.26,143,0
PAT-10140,90,Female,Elective,Sepsis,11,1,5,0,6.7,0.7,129,1
PAT-10141,47,Female,Emergency,Ischemic Stroke,5,5,8,1,7.7,0.61,87,0
PAT-10142,65,Male,Emergency,Type 2 Diabetes,1,1,13,0,7.5,0.64,144,0
PAT-10143,51,Female,Elective,Pneumonia,5,3,11,0,5.7,2.67,138,1
PAT-10144,50,Male,Elective,Acute Myocardial Infarction,6,1,6,2,7.2,1.04,113,1
PAT-10145,24,Male,Elective,Type 2 Diabetes,4,2,4,2,6.0,1.41,137,0
PAT-10146,71,Male,Urgent,Acute Myocardial Infarction,4,5,6,3,6.1,3.13,130,0
PAT-10147,65,Female,Emergency,Heart Failure,4,3,9,1,4.3,4.45,114,1
PAT-10148,26,Male,Emergency,Pneumonia,3,2,8,0,9.3,2.98,127,0
PAT-10149,49,Female,Urgent,Heart Failure,4,2,5,2,7.7,1.4,143,0
PAT-10150,87,Male,Emergency,Type 2 Diabetes,5,0,9,2,8.8,0.69,129,1
PAT-10151,46,Female,Emergency,Type 2 Diabetes,6,3,7,1,5.0,0.79,136,1
PAT-10152,37,Female,Emergency,Sepsis,8,1,5,0,6.4,3.03,130,0
PAT-10153,64,Female,Elective,Heart Failure,6,4,7,1,5.9,1.76,156,1
PAT-10154,91,Male,Emergency,Sepsis,8,0,8,0,6.7,0.65,105,0
PAT-10155,46,Female,Emergency,Sepsis,8,0,4,0,8.1,1.23,109,0
PAT-10156,75,Female,Emergency,Pneumonia,7,2,10,0,6.9,0.75,164,1
PAT-10157,80,Female,Elective,Type 2 Diabetes,4,2,7,0,6.6,0.6,127,0
PAT-10158,46,Male,Emergency,Type 2 Diabetes,3,3,13,0,8.2,1.64,107,1
PAT-10159,78,Male,Emergency,Pneumonia,7,2,10,1,7.1,1.67,140,1
PAT-10160,56,Male,Elective,Heart Failure,6,2,4,0,6.1,0.64,114,0
PAT-10161,73,Male,Urgent,COPD Exacerbation,8,4,8,1,8.3,1.73,136,1
PAT-10162,73,Female,Elective,Ischemic Stroke,3,5,10,0,7.5,1.38,111,1
PAT-10163,67,Female,Elective,Heart Failure,8,3,8,0,4.9,1.44,182,0
PAT-10164,31,Male,Emergency,COPD Exacerbation,1,3,8,0,8.3,0.94,134,0
PAT-10165,84,Female,Emergency,Ischemic Stroke,8,0,7,0,8.8,1.15,136,1
PAT-10166,52,Female,Emergency,Sepsis,13,4,12,1,6.3,0.59,125,1
PAT-10167,41,Female,Elective,Sepsis,8,1,11,0,7.2,3.25,112,0
PAT-10168,24,Female,Emergency,Sepsis,8,4,8,0,3.8,0.54,149,0
PAT-10169,70,Female,Elective,Type 2 Diabetes,3,5,14,0,4.6,1.22,140,1
PAT-10170,75,Female,Urgent,Total Hip Arthroplasty,5,0,6,1,6.8,1.5,153,0
PAT-10171,20,Female,Emergency,Ischemic Stroke,6,0,6,0,8.2,0.74,162,0
PAT-10172,66,Female,Emergency,Pneumonia,5,4,5,1,6.1,5.59,132,0
PAT-10173,45,Female,Emergency,Type 2 Diabetes,3,5,8,1,6.4,0.56,153,1
PAT-10174,74,Female,Emergency,Pneumonia,4,0,8,2,7.9,0.57,98,1
PAT-10175,40,Female,Emergency,Type 2 Diabetes,3,1,6,1,8.6,0.8,106,0
PAT-10176,76,Male,Urgent,Type 2 Diabetes,4,3,8,1,8.5,2.17,138,0
PAT-10177,57,Female,Emergency,COPD Exacerbation,5,4,8,1,8.3,2.57,115,0
PAT-10178,89,Male,Emergency,COPD Exacerbation,5,1,12,1,5.6,0.86,150,0
PAT-10179,36,Male,Emergency,Pneumonia,5,1,6,0,6.0,1.29,152,0
PAT-10180,54,Male,Urgent,Heart Failure,5,3,11,0,6.6,1.04,137,1
PAT-10181,34,Female,Elective,Sepsis,8,5,3,0,5.6,2.37,142,0
PAT-10182,88,Female,Urgent,Heart Failure,7,1,6,2,7.0,0.83,124,1
PAT-10183,86,Female,Urgent,Heart Failure,6,3,10,0,6.5,1.65,117,1
PAT-10184,47,Male,Emergency,COPD Exacerbation,3,5,7,1,6.4,1.29,126,1
PAT-10185,74,Female,Emergency,Pneumonia,7,1,9,1,7.0,2.68,107,1
PAT-10186,83,Male,Emergency,Heart Failure,6,1,9,1,5.5,0.91,128,1
PAT-10187,68,Male,Emergency,Type 2 Diabetes,6,3,5,1,9.2,0.85,104,1
PAT-10188,67,Female,Elective,Acute Myocardial Infarction,7,4,2,0,7.3,0.9,113,0
PAT-10189,46,Female,Emergency,COPD Exacerbation,1,4,5,3,8.3,1.06,99,1
PAT-10190,31,Male,Emergency,Type 2 Diabetes,4,1,8,0,7.3,1.09,159,0
PAT-10191,87,Female,Elective,Heart Failure,8,5,10,2,5.7,0.87,144,1
PAT-10192,87,Female,Elective,COPD Exacerbation,3,3,8,0,8.8,1.37,152,0
PAT-10193,73,Male,Elective,Total Hip Arthroplasty,5,5,9,1,7.9,4.03,147,1
PAT-10194,54,Female,Emergency,COPD Exacerbation,6,0,6,2,6.9,2.85,156,1
PAT-10195,55,Male,Elective,Sepsis,7,1,4,1,6.7,1.55,106,0
PAT-10196,78,Male,Emergency,Pneumonia,6,4,7,0,7.2,2.87,132,0
PAT-10197,87,Male,Emergency,Acute Myocardial Infarction,6,3,9,0,5.9,1.11,114,0
PAT-10198,86,Female,Elective,Total Hip Arthroplasty,5,2,12,1,7.6,1.82,122,1
PAT-10199,81,Female,Urgent,Acute Myocardial Infarction,3,1,6,1,7.4,1.73,142,1
PAT-10200,73,Male,Emergency,Total Hip Arthroplasty,6,2,6,3,5.3,2.15,146,1
PAT-10201,30,Female,Emergency,Pneumonia,1,2,17,1,6.9,0.57,132,0
PAT-10202,39,Female,Emergency,Total Hip Arthroplasty,5,0,7,1,6.1,0.74,136,1
PAT-10203,87,Female,Emergency,COPD Exacerbation,7,6,12,0,6.5,1.22,103,1
PAT-10204,71,Female,Urgent,Total Hip Arthroplasty,2,0,12,3,7.0,1.13,122,1
PAT-10205,19,Female,Emergency,Heart Failure,5,1,6,1,7.4,0.65,130,0
PAT-10206,32,Male,Elective,COPD Exacerbation,2,0,9,0,5.9,0.58,104,0
PAT-10207,75,Female,Elective,Sepsis,9,0,8,1,6.2,1.12,108,1
PAT-10208,18,Female,Elective,Heart Failure,4,3,6,1,9.0,0.66,149,1
PAT-10209,39,Male,Emergency,COPD Exacerbation,4,0,8,1,5.3,2.02,130,0
PAT-10210,68,Male,Emergency,Sepsis,7,3,3,0,5.7,0.81,135,0
PAT-10211,76,Female,Emergency,Type 2 Diabetes,3,2,4,1,6.4,1.74,170,0
PAT-10212,74,Female,Emergency,Pneumonia,7,2,11,3,5.3,2.97,135,1
PAT-10213,45,Male,Emergency,COPD Exacerbation,3,3,5,0,6.5,0.95,136,0
PAT-10214,77,Male,Elective,Pneumonia,7,1,5,1,7.1,1.01,126,0
PAT-10215,46,Male,Emergency,Heart Failure,3,3,6,0,6.5,2.92,163,0
PAT-10216,53,Male,Elective,Heart Failure,7,3,10,2,4.2,2.17,115,1
PAT-10217,79,Female,Emergency,Heart Failure,9,2,5,0,8.3,2.67,134,0
PAT-10218,74,Male,Elective,Type 2 Diabetes,4,1,6,0,6.4,1.28,116,1
PAT-10219,84,Female,Urgent,Type 2 Diabetes,7,1,5,1,6.3,1.01,138,1
PAT-10220,74,Male,Emergency,Acute Myocardial Infarction,5,1,6,0,4.4,1.75,102,1
PAT-10221,69,Male,Urgent,COPD Exacerbation,3,0,6,1,7.7,0.81,115,1
PAT-10222,31,Male,Elective,Acute Myocardial Infarction,2,1,7,1,7.8,1.44,142,0
PAT-10223,56,Female,Elective,Heart Failure,5,2,9,1,7.1,1.7,163,0
PAT-10224,48,Female,Elective,Pneumonia,2,2,3,0,7.7,1.23,145,0
PAT-10225,46,Male,Emergency,Type 2 Diabetes,4,3,8,0,6.5,1.57,156,0
PAT-10226,90,Male,Emergency,Sepsis,10,4,6,0,9.1,2.75,110,1
PAT-10227,58,Male,Emergency,Acute Myocardial Infarction,6,0,12,2,8.5,0.81,127,1
PAT-10228,86,Female,Emergency,Sepsis,11,1,7,0,6.6,0.54,135,0
PAT-10229,73,Female,Urgent,Heart Failure,6,1,10,2,6.8,2.84,115,1
PAT-10230,82,Female,Elective,Acute Myocardial Infarction,5,3,4,2,4.3,1.54,137,1
PAT-10231,65,Female,Emergency,COPD Exacerbation,8,0,9,0,6.3,1.48,119,0
PAT-10232,70,Male,Elective,Sepsis,13,1,8,2,7.2,1.48,118,1
PAT-10233,64,Female,Elective,Pneumonia,5,1,14,1,7.0,1.81,147,0
PAT-10234,42,Male,Emergency,COPD Exacerbation,6,4,13,0,4.6,1.38,142,1
PAT-10235,78,Male,Emergency,Heart Failure,4,2,6,2,8.1,2.23,137,1
PAT-10236,49,Male,Emergency,COPD Exacerbation,3,5,8,1,12.7,1.1,135,0
PAT-10237,22,Female,Urgent,Type 2 Diabetes,1,3,7,2,4.0,1.48,144,0
PAT-10238,74,Male,Elective,Heart Failure,7,1,8,2,8.7,1.75,129,1
PAT-10239,40,Female,Emergency,Heart Failure,2,4,9,3,9.0,2.07,142,0
PAT-10240,89,Male,Emergency,Ischemic Stroke,11,2,8,0,7.3,1.15,120,1
PAT-10241,89,Female,Elective,Type 2 Diabetes,7,1,7,1,7.5,0.69,153,1
PAT-10242,88,Female,Urgent,Sepsis,11,0,13,0,7.9,1.0,144,0
PAT-10243,56,Female,Elective,Ischemic Stroke,6,2,9,1,8.8,1.34,146,1
PAT-10244,20,Female,Elective,Ischemic Stroke,7,4,5,2,8.5,3.61,120,0
PAT-10245,88,Male,Emergency,Total Hip Arthroplasty,1,1,10,0,6.7,2.22,145,0
PAT-10246,60,Female,Emergency,Total Hip Arthroplasty,4,1,13,0,5.9,3.5,155,0
PAT-10247,90,Male,Emergency,Type 2 Diabetes,5,2,6,1,8.2,2.83,106,0
PAT-10248,90,Male,Elective,Heart Failure,3,2,8,0,9.0,1.06,124,1
PAT-10249,84,Female,Emergency,COPD Exacerbation,7,1,15,1,8.8,1.02,125,1
PAT-10250,50,Male,Elective,Pneumonia,7,1,6,1,4.8,1.68,132,0
PAT-10251,57,Female,Emergency,Heart Failure,1,2,7,1,8.8,0.98,126,1
PAT-10252,84,Female,Elective,Acute Myocardial Infarction,3,6,4,2,7.5,1.74,152,1
PAT-10253,52,Female,Emergency,COPD Exacerbation,9,3,7,0,7.9,1.11,125,1
PAT-10254,39,Male,Emergency,Sepsis,7,0,8,2,5.0,0.72,158,1
PAT-10255,68,Female,Elective,COPD Exacerbation,7,1,8,2,7.3,2.03,123,0
PAT-10256,89,Male,Emergency,COPD Exacerbation,8,1,14,1,7.3,0.65,139,1
PAT-10257,76,Female,Urgent,Pneumonia,7,4,9,0,6.9,0.68,148,1
PAT-10258,69,Male,Emergency,Pneumonia,8,2,0,1,7.8,0.8,160,1
PAT-10259,32,Female,Emergency,Ischemic Stroke,1,1,7,1,6.9,1.31,117,0
PAT-10260,72,Male,Elective,Heart Failure,5,3,5,1,4.4,1.63,128,0
PAT-10261,91,Male,Urgent,Pneumonia,1,3,2,1,6.2,0.65,125,1
PAT-10262,36,Male,Emergency,COPD Exacerbation,1,3,7,2,7.8,0.96,140,0
PAT-10263,66,Male,Urgent,Pneumonia,5,1,6,0,5.6,1.6,108,0
PAT-10264,86,Male,Emergency,Type 2 Diabetes,3,1,4,4,6.4,1.05,126,1
PAT-10265,79,Female,Emergency,Type 2 Diabetes,5,4,6,1,8.7,0.66,138,0
PAT-10266,76,Female,Elective,Type 2 Diabetes,4,1,15,1,7.1,1.36,132,1
PAT-10267,77,Female,Emergency,Type 2 Diabetes,5,2,8,0,8.0,1.66,144,0
PAT-10268,55,Female,Emergency,Total Hip Arthroplasty,3,4,6,1,8.8,0.55,127,0
PAT-10269,50,Female,Emergency,Pneumonia,6,3,10,0,5.6,1.27,156,0
PAT-10270,82,Female,Emergency,Type 2 Diabetes,3,4,7,2,5.9,1.14,116,1
PAT-10271,82,Female,Elective,Pneumonia,5,0,8,1,6.2,0.51,158,1
PAT-10272,85,Male,Elective,Heart Failure,6,3,7,1,7.2,1.16,170,1
PAT-10273,87,Female,Urgent,Total Hip Arthroplasty,4,1,9,1,5.7,1.41,127,0
PAT-10274,66,Male,Elective,Pneumonia,4,1,12,1,9.2,0.79,110,0
PAT-10275,65,Female,Emergency,Ischemic Stroke,9,2,10,1,5.1,0.54,113,1
PAT-10276,82,Male,Emergency,Type 2 Diabetes,6,7,13,1,8.3,0.64,110,1
PAT-10277,74,Male,Emergency,Sepsis,7,0,8,2,9.0,4.23,126,0
PAT-10278,77,Female,Elective,Type 2 Diabetes,4,5,9,1,4.2,1.07,161,0
PAT-10279,82,Female,Emergency,Heart Failure,10,2,8,1,5.1,0.8,129,1
PAT-10280,86,Female,Emergency,Heart Failure,6,3,7,1,6.6,1.36,122,0
PAT-10281,54,Female,Urgent,COPD Exacerbation,5,5,10,1,7.6,2.28,141,0
PAT-10282,57,Male,Elective,Type 2 Diabetes,2,0,4,1,6.3,1.13,137,0
PAT-10283,31,Male,Emergency,Pneumonia,4,3,6,2,6.1,2.68,124,0
PAT-10284,70,Female,Emergency,Sepsis,12,3,7,2,7.0,3.09,127,1
PAT-10285,24,Female,Urgent,Type 2 Diabetes,2,1,8,1,6.0,1.61,136,0
PAT-10286,63,Female,Urgent,Type 2 Diabetes,4,4,14,1,4.0,1.39,141,1
PAT-10287,68,Female,Emergency,Sepsis,9,1,8,0,6.2,0.52,122,0
PAT-10288,50,Male,Emergency,Pneumonia,11,2,6,1,5.4,1.49,156,0
PAT-10289,70,Female,Elective,Sepsis,9,2,10,0,7.3,1.31,154,0
PAT-10290,23,Male,Elective,Type 2 Diabetes,1,3,8,1,6.1,0.75,141,0
PAT-10291,24,Female,Elective,Pneumonia,3,0,11,3,5.6,0.72,115,0
PAT-10292,83,Female,Emergency,Heart Failure,8,3,7,1,6.9,4.0,93,0
PAT-10293,55,Male,Urgent,Total Hip Arthroplasty,1,3,9,2,5.7,2.26,91,0
PAT-10294,35,Female,Emergency,Total Hip Arthroplasty,3,4,7,0,4.5,0.77,143,0
PAT-10295,66,Male,Emergency,Ischemic Stroke,5,2,11,0,7.1,1.76,143,0
PAT-10296,80,Male,Elective,Pneumonia,3,0,11,0,5.5,1.26,154,0
PAT-10297,44,Female,Emergency,Sepsis,6,1,11,1,7.8,2.56,107,0
PAT-10298,72,Female,Elective,Pneumonia,7,1,9,2,7.7,0.72,121,0
PAT-10299,30,Male,Emergency,Pneumonia,8,2,14,0,6.0,0.61,119,0
PAT-10300,26,Male,Elective,Sepsis,9,2,8,0,8.9,1.58,134,0
PAT-10301,67,Male,Emergency,Heart Failure,5,2,9,2,8.0,0.54,144,0
PAT-10302,67,Female,Elective,Type 2 Diabetes,6,2,10,0,5.8,2.93,143,1
PAT-10303,73,Male,Emergency,Type 2 Diabetes,4,1,5,1,9.1,3.68,135,1
PAT-10304,78,Female,Elective,Sepsis,6,2,10,0,2.5,1.2,81,0
PAT-10305,90,Male,Elective,Type 2 Diabetes,5,5,7,0,8.7,1.47,140,1
PAT-10306,66,Male,Emergency,Type 2 Diabetes,1,5,3,1,7.9,1.51,133,0
PAT-10307,53,Female,Emergency,Ischemic Stroke,8,4,5,0,6.2,0.98,146,0
PAT-10308,82,Male,Emergency,Pneumonia,8,1,13,1,6.1,0.62,146,1
PAT-10309,48,Female,Elective,Type 2 Diabetes,1,2,4,0,6.6,1.01,87,0
PAT-10310,61,Male,Emergency,COPD Exacerbation,5,3,6,1,6.8,1.15,135,0
PAT-10311,29,Female,Emergency,Sepsis,8,2,11,1,4.8,7.25,94,1
PAT-10312,22,Male,Emergency,Heart Failure,5,1,9,0,7.5,2.12,177,0
PAT-10313,90,Female,Urgent,COPD Exacerbation,4,1,13,0,8.7,4.71,110,0
PAT-10314,84,Male,Emergency,Heart Failure,7,2,10,2,8.8,1.58,147,1
PAT-10315,76,Male,Emergency,Pneumonia,4,4,8,0,6.4,1.05,134,0
PAT-10316,59,Female,Elective,Type 2 Diabetes,5,2,7,0,7.4,1.1,143,1
PAT-10317,40,Female,Elective,Type 2 Diabetes,5,2,8,2,8.8,1.75,112,0
PAT-10318,38,Male,Emergency,Pneumonia,4,4,10,0,7.0,2.23,134,1
PAT-10319,47,Female,Urgent,Total Hip Arthroplasty,5,2,9,2,9.2,1.32,153,0
PAT-10320,68,Male,Elective,Acute Myocardial Infarction,2,4,8,0,5.7,0.51,122,0
PAT-10321,77,Female,Emergency,Total Hip Arthroplasty,6,2,9,0,6.5,0.93,120,0
PAT-10322,74,Male,Emergency,COPD Exacerbation,8,3,10,1,5.0,1.92,131,1
PAT-10323,49,Female,Urgent,Heart Failure,5,1,5,2,8.0,0.61,155,0
PAT-10324,89,Female,Emergency,Type 2 Diabetes,4,3,8,0,5.8,0.63,144,1
PAT-10325,79,Female,Emergency,Total Hip Arthroplasty,4,0,5,0,8.3,3.42,147,1
PAT-10326,68,Female,Emergency,COPD Exacerbation,4,1,8,1,8.1,0.51,140,1
PAT-10327,72,Female,Elective,Ischemic Stroke,12,1,14,1,9.5,2.24,124,1
PAT-10328,60,Female,Elective,Heart Failure,4,3,5,0,7.7,0.96,120,0
PAT-10329,47,Male,Elective,Type 2 Diabetes,6,1,10,2,7.2,2.48,123,0
PAT-10330,55,Male,Emergency,Type 2 Diabetes,2,3,5,2,5.1,0.91,116,0
PAT-10331,80,Male,Elective,Type 2 Diabetes,8,1,7,0,7.7,1.63,133,0
PAT-10332,20,Female,Elective,Type 2 Diabetes,6,3,10,0,9.0,1.86,120,0
PAT-10333,34,Male,Emergency,Pneumonia,6,1,3,0,9.2,0.6,123,0
PAT-10334,25,Female,Elective,COPD Exacerbation,4,4,6,3,6.7,2.39,144,1
PAT-10335,24,Male,Emergency,Type 2 Diabetes,1,3,8,0,7.2,4.63,118,0
PAT-10336,85,Female,Elective,Heart Failure,4,1,9,0,8.6,0.57,171,0
PAT-10337,77,Female,Emergency,Acute Myocardial Infarction,6,2,8,0,7.3,0.83,136,1
PAT-10338,63,Female,Emergency,Pneumonia,9,3,4,0,8.2,1.1,130,1
PAT-10339,32,Male,Urgent,COPD Exacerbation,3,3,8,0,9.3,0.53,105,0
PAT-10340,64,Female,Urgent,Pneumonia,11,5,8,0,7.8,1.38,143,1
PAT-10341,63,Male,Emergency,Total Hip Arthroplasty,2,5,8,3,4.6,0.88,174,0
PAT-10342,40,Female,Emergency,COPD Exacerbation,4,4,6,3,8.8,1.84,118,0
PAT-10343,61,Male,Emergency,Total Hip Arthroplasty,4,2,8,0,6.2,1.53,154,0
PAT-10344,58,Male,Urgent,Pneumonia,6,2,5,2,5.7,1.59,145,1
PAT-10345,72,Female,Emergency,Type 2 Diabetes,1,0,6,1,6.0,1.88,110,0
PAT-10346,73,Female,Emergency,Type 2 Diabetes,3,0,7,2,7.1,1.85,146,1
PAT-10347,25,Male,Emergency,Pneumonia,5,3,9,0,6.6,0.77,166,0
PAT-10348,56,Male,Urgent,Pneumonia,6,1,9,0,5.9,0.6,179,0
PAT-10349,72,Female,Emergency,Acute Myocardial Infarction,6,3,4,1,5.6,0.79,139,0
PAT-10350,65,Male,Emergency,Type 2 Diabetes,5,2,10,2,6.4,2.85,125,1
PAT-10351,85,Male,Emergency,COPD Exacerbation,5,2,10,1,7.1,0.53,130,1
PAT-10352,74,Female,Emergency,Acute Myocardial Infarction,3,2,5,0,9.9,2.93,138,1
PAT-10353,39,Male,Elective,Acute Myocardial Infarction,7,3,7,1,9.1,0.79,148,0
PAT-10354,28,Female,Urgent,Pneumonia,2,5,6,1,6.4,1.8,133,1
PAT-10355,73,Female,Elective,Ischemic Stroke,6,1,6,2,9.4,0.69,102,0
PAT-10356,22,Male,Emergency,Pneumonia,3,4,7,0,7.0,0.71,130,0
PAT-10357,70,Female,Elective,Heart Failure,7,3,6,4,10.3,3.18,135,1
PAT-10358,89,Female,Emergency,Sepsis,12,3,4,0,7.4,2.5,123,1
PAT-10359,69,Male,Emergency,Type 2 Diabetes,4,4,4,0,7.6,0.61,135,0
PAT-10360,57,Male,Urgent,Acute Myocardial Infarction,5,3,11,2,7.5,4.36,120,1
PAT-10361,73,Male,Emergency,Heart Failure,6,3,7,0,6.2,0.88,113,0
PAT-10362,62,Male,Emergency,Heart Failure,9,3,9,0,9.5,0.65,122,1
PAT-10363,68,Male,Urgent,Heart Failure,2,5,5,1,6.6,0.67,157,1
PAT-10364,89,Female,Emergency,Type 2 Diabetes,6,1,7,0,6.6,3.1,146,0
PAT-10365,57,Female,Elective,Heart Failure,6,1,12,1,8.2,0.73,156,1
PAT-10366,90,Male,Urgent,Heart Failure,6,5,10,1,5.1,0.75,119,1
PAT-10367,87,Female,Emergency,Acute Myocardial Infarction,6,3,6,0,7.1,0.96,128,0
PAT-10368,42,Male,Emergency,Acute Myocardial Infarction,5,3,10,1,6.5,1.32,118,0
PAT-10369,28,Male,Emergency,Sepsis,8,1,7,1,5.0,2.67,137,1
PAT-10370,32,Female,Emergency,Sepsis,12,2,6,1,6.7,0.75,96,0
PAT-10371,21,Male,Emergency,Pneumonia,5,3,2,2,7.3,2.01,129,0
PAT-10372,31,Female,Elective,Sepsis,7,8,9,0,7.7,1.76,115,1
PAT-10373,76,Female,Emergency,Pneumonia,6,4,4,0,5.2,1.12,135,0
PAT-10374,28,Male,Emergency,Pneumonia,6,3,8,1,5.1,2.13,145,0
PAT-10375,52,Female,Emergency,Acute Myocardial Infarction,4,4,3,2,8.5,1.02,110,1
PAT-10376,84,Female,Elective,Type 2 Diabetes,5,4,5,0,9.7,2.01,109,1
PAT-10377,22,Female,Elective,Sepsis,7,4,7,1,5.6,0.58,151,0
PAT-10378,83,Male,Emergency,Pneumonia,7,4,9,2,5.8,1.23,133,0
PAT-10379,49,Male,Elective,Heart Failure,3,2,15,0,6.2,1.88,136,0
PAT-10380,34,Male,Emergency,Heart Failure,5,2,10,0,5.7,0.97,142,0
PAT-10381,76,Male,Emergency,Heart Failure,5,1,12,2,6.5,1.29,134,1
PAT-10382,73,Female,Emergency,Total Hip Arthroplasty,5,3,12,0,6.0,3.08,112,0
PAT-10383,86,Male,Emergency,Ischemic Stroke,8,6,8,1,7.6,0.67,132,1
PAT-10384,78,Male,Elective,Type 2 Diabetes,4,2,6,1,6.8,1.81,124,0
PAT-10385,82,Female,Emergency,Type 2 Diabetes,8,2,12,2,7.4,0.52,134,1
PAT-10386,49,Female,Urgent,Type 2 Diabetes,3,4,1,0,9.2,1.55,127,0
PAT-10387,40,Male,Emergency,Sepsis,9,2,6,1,8.6,2.82,143,0
PAT-10388,79,Male,Urgent,Type 2 Diabetes,3,4,9,1,6.7,1.45,142,0
PAT-10389,82,Male,Emergency,Total Hip Arthroplasty,1,2,12,1,7.9,1.22,147,0
PAT-10390,91,Male,Emergency,COPD Exacerbation,5,1,5,2,10.3,0.74,143,1
PAT-10391,59,Male,Emergency,Total Hip Arthroplasty,1,0,8,1,4.7,0.84,146,0
PAT-10392,56,Male,Emergency,COPD Exacerbation,4,1,8,1,6.8,4.16,144,0
PAT-10393,81,Male,Urgent,Acute Myocardial Infarction,8,2,5,1,6.6,0.78,142,1
PAT-10394,54,Female,Emergency,COPD Exacerbation,3,1,6,0,7.5,0.7,136,0
PAT-10395,88,Male,Emergency,Sepsis,6,2,6,1,6.2,1.21,108,1
PAT-10396,85,Female,Emergency,Sepsis,13,1,8,0,8.1,0.91,117,1
PAT-10397,60,Male,Emergency,COPD Exacerbation,4,0,15,2,9.8,1.27,136,0
PAT-10398,79,Female,Elective,COPD Exacerbation,6,2,4,1,4.9,1.26,125,0
PAT-10399,79,Female,Elective,Total Hip Arthroplasty,5,1,7,2,7.0,2.83,135,0
PAT-10400,32,Female,Elective,Total Hip Arthroplasty,3,2,12,0,6.6,2.79,146,1
PAT-10401,87,Female,Emergency,COPD Exacerbation,7,1,3,1,7.1,0.73,115,0
PAT-10402,65,Female,Urgent,Heart Failure,7,1,6,1,5.5,0.89,148,0
PAT-10403,83,Female,Elective,Heart Failure,3,1,9,2,6.7,0.91,128,1
PAT-10404,52,Male,Emergency,Sepsis,5,4,7,1,8.1,1.85,127,1
PAT-10405,87,Female,Emergency,Heart Failure,9,3,9,0,7.2,2.47,166,1
PAT-10406,57,Female,Urgent,Type 2 Diabetes,2,2,17,1,8.8,1.88,91,0
PAT-10407,19,Male,Emergency,Type 2 Diabetes,1,3,10,3,8.5,0.78,145,1
PAT-10408,87,Male,Elective,COPD Exacerbation,3,3,11,0,6.6,1.25,160,0
PAT-10409,31,Female,Emergency,COPD Exacerbation,3,5,11,0,7.4,1.36,146,0
PAT-10410,52,Male,Emergency,Type 2 Diabetes,3,0,8,1,5.2,1.33,123,0
PAT-10411,89,Male,Elective,Type 2 Diabetes,3,0,11,4,6.7,2.3,115,1
PAT-10412,89,Female,Elective,Acute Myocardial Infarction,3,4,8,1,9.3,0.88,124,0
PAT-10413,69,Female,Emergency,Total Hip Arthroplasty,4,0,4,0,6.3,0.53,131,0
PAT-10414,73,Male,Elective,Heart Failure,4,2,8,0,7.2,3.43,98,0
PAT-10415,62,Male,Emergency,Heart Failure,4,7,9,1,5.7,0.74,155,1
PAT-10416,50,Male,Elective,COPD Exacerbation,1,3,10,0,5.5,0.61,115,0
PAT-10417,53,Female,Urgent,Sepsis,12,6,7,0,8.7,1.0,111,0
PAT-10418,75,Female,Urgent,Sepsis,11,2,10,1,6.9,1.72,130,1
PAT-10419,79,Male,Emergency,Acute Myocardial Infarction,4,3,12,1,7.1,2.48,148,0
PAT-10420,81,Female,Emergency,Total Hip Arthroplasty,2,2,5,0,5.9,1.8,135,0
PAT-10421,81,Female,Elective,Type 2 Diabetes,5,1,11,2,6.8,1.98,162,0
PAT-10422,31,Male,Elective,Heart Failure,4,5,7,1,7.0,1.74,154,0
PAT-10423,65,Female,Emergency,COPD Exacerbation,2,4,3,1,5.6,1.7,142,0
PAT-10424,27,Male,Urgent,Sepsis,2,3,11,0,8.4,2.58,126,0
PAT-10425,68,Male,Emergency,COPD Exacerbation,4,2,8,1,6.7,0.73,115,0
PAT-10426,61,Female,Emergency,Ischemic Stroke,4,1,10,3,6.3,0.58,130,1
PAT-10427,86,Male,Emergency,Sepsis,10,1,8,0,5.8,1.57,138,0
PAT-10428,55,Female,Emergency,Acute Myocardial Infarction,5,3,5,1,6.8,1.89,140,1
PAT-10429,34,Male,Emergency,Heart Failure,2,2,8,0,6.4,0.53,128,0
PAT-10430,37,Female,Urgent,Heart Failure,3,3,16,2,7.3,1.73,128,0
PAT-10431,80,Female,Emergency,Sepsis,13,0,9,1,9.1,1.03,122,1
PAT-10432,72,Male,Emergency,Heart Failure,7,1,4,0,7.9,1.75,142,0
PAT-10433,32,Female,Elective,Heart Failure,3,1,6,2,7.2,1.44,139,0
PAT-10434,30,Male,Elective,Total Hip Arthroplasty,6,3,5,1,6.6,0.98,134,0
PAT-10435,77,Female,Elective,Total Hip Arthroplasty,1,3,11,0,8.1,3.57,151,0
PAT-10436,29,Female,Emergency,Type 2 Diabetes,1,0,12,2,5.7,0.64,187,0
PAT-10437,83,Female,Elective,Sepsis,9,2,6,2,6.4,0.79,125,0
PAT-10438,77,Female,Emergency,Heart Failure,3,3,5,2,6.9,0.74,149,0
PAT-10439,30,Female,Emergency,Type 2 Diabetes,6,1,7,1,6.1,0.62,91,0
PAT-10440,30,Male,Emergency,COPD Exacerbation,4,2,5,3,6.9,0.79,113,0
PAT-10441,91,Male,Emergency,Acute Myocardial Infarction,4,1,8,0,4.7,1.64,116,0
PAT-10442,56,Male,Emergency,Heart Failure,6,1,9,1,7.4,0.83,128,1
PAT-10443,56,Male,Elective,Type 2 Diabetes,4,1,9,2,11.6,1.07,140,0
PAT-10444,82,Female,Emergency,Type 2 Diabetes,4,1,8,0,7.6,2.65,133,0
PAT-10445,89,Male,Elective,Ischemic Stroke,5,5,9,1,7.3,1.87,99,0
PAT-10446,91,Female,Emergency,Acute Myocardial Infarction,3,4,10,0,5.5,5.84,147,1
PAT-10447,79,Male,Emergency,Pneumonia,11,1,1,1,5.8,0.63,136,0
PAT-10448,57,Female,Emergency,Heart Failure,2,2,9,1,6.0,0.77,116,1
PAT-10449,30,Male,Urgent,COPD Exacerbation,7,4,7,0,5.6,1.95,133,0
PAT-10450,81,Male,Elective,COPD Exacerbation,4,2,6,3,7.9,0.85,133,0
PAT-10451,68,Male,Urgent,Sepsis,11,4,7,3,6.3,0.78,106,1
PAT-10452,60,Male,Elective,Type 2 Diabetes,5,3,7,3,6.5,1.67,125,0
PAT-10453,87,Male,Elective,Ischemic Stroke,9,4,7,1,10.4,0.75,137,1
PAT-10454,33,Male,Elective,Pneumonia,6,5,12,0,6.3,0.56,113,1
PAT-10455,64,Female,Elective,Type 2 Diabetes,1,2,10,0,8.1,0.76,135,0
PAT-10456,20,Female,Emergency,Type 2 Diabetes,1,7,7,1,7.8,0.62,130,1
PAT-10457,63,Female,Emergency,Pneumonia,3,4,6,1,8.7,0.68,138,0
PAT-10458,26,Female,Emergency,Total Hip Arthroplasty,2,1,5,0,7.2,1.7,130,0
PAT-10459,34,Male,Emergency,Acute Myocardial Infarction,1,0,7,0,7.9,0.63,109,0
PAT-10460,34,Female,Emergency,COPD Exacerbation,1,3,9,2,5.5,1.11,103,0
PAT-10461,74,Male,Emergency,Heart Failure,5,3,4,1,6.7,2.64,156,0
PAT-10462,79,Male,Emergency,Heart Failure,1,4,9,0,7.5,0.59,149,1
PAT-10463,70,Male,Emergency,Pneumonia,7,4,11,1,10.2,1.11,116,0
PAT-10464,90,Female,Urgent,Acute Myocardial Infarction,3,3,4,1,6.8,6.29,152,0
PAT-10465,56,Female,Emergency,Acute Myocardial Infarction,3,0,6,1,7.3,2.44,136,0
PAT-10466,50,Female,Emergency,Type 2 Diabetes,1,4,10,2,6.9,0.64,157,1
PAT-10467,85,Female,Urgent,Heart Failure,9,5,13,1,9.9,0.52,159,1
PAT-10468,44,Male,Emergency,Pneumonia,2,5,6,1,8.2,0.9,138,0
PAT-10469,90,Male,Emergency,Total Hip Arthroplasty,3,2,7,3,7.5,2.88,111,1
PAT-10470,20,Male,Emergency,COPD Exacerbation,1,1,7,0,6.2,0.56,171,0
PAT-10471,90,Male,Emergency,Type 2 Diabetes,3,3,7,1,7.6,0.82,112,1
PAT-10472,25,Male,Emergency,Type 2 Diabetes,6,3,4,1,7.9,2.78,123,0
PAT-10473,86,Female,Emergency,Heart Failure,7,1,9,0,6.7,1.26,144,1
PAT-10474,67,Male,Emergency,Pneumonia,5,6,10,0,5.6,0.64,123,0
PAT-10475,91,Female,Elective,Sepsis,10,1,12,1,5.6,1.24,150,1
PAT-10476,29,Female,Elective,Ischemic Stroke,4,1,9,0,5.8,0.77,128,1
PAT-10477,68,Female,Elective,Pneumonia,6,1,4,2,7.8,0.6,120,1
PAT-10478,90,Female,Emergency,Heart Failure,8,2,10,1,9.4,2.14,162,1
PAT-10479,66,Female,Emergency,Acute Myocardial Infarction,4,3,6,1,9.0,1.46,123,1
PAT-10480,73,Female,Elective,Acute Myocardial Infarction,5,2,8,1,8.4,5.48,108,1
PAT-10481,76,Male,Emergency,Heart Failure,6,3,5,1,8.3,1.03,138,0
PAT-10482,62,Male,Elective,Sepsis,8,1,5,1,7.6,1.26,123,0
PAT-10483,73,Female,Emergency,Sepsis,8,2,14,0,7.4,0.67,135,1
PAT-10484,70,Female,Elective,Pneumonia,5,5,14,0,6.5,2.45,137,1
PAT-10485,87,Male,Emergency,COPD Exacerbation,7,3,3,1,7.2,0.75,156,1
PAT-10486,25,Female,Emergency,Acute Myocardial Infarction,5,2,6,0,7.9,0.83,125,0
PAT-10487,49,Male,Elective,Acute Myocardial Infarction,2,3,14,2,7.0,3.04,118,1
PAT-10488,89,Male,Elective,Heart Failure,6,2,8,1,3.9,1.9,120,1
PAT-10489,86,Female,Emergency,Heart Failure,5,3,9,0,6.0,1.06,107,1
PAT-10490,62,Female,Urgent,Heart Failure,7,1,7,1,7.4,0.58,149,0
PAT-10491,72,Female,Emergency,Acute Myocardial Infarction,4,3,5,0,6.9,1.15,113,0
PAT-10492,49,Female,Emergency,Pneumonia,10,0,7,1,8.3,2.17,120,0
PAT-10493,41,Female,Elective,COPD Exacerbation,4,1,7,1,5.9,4.25,115,0
PAT-10494,63,Male,Elective,Acute Myocardial Infarction,7,3,6,2,7.6,0.51,121,1
PAT-10495,55,Female,Urgent,Type 2 Diabetes,1,0,7,1,8.8,0.73,143,0
PAT-10496,70,Male,Emergency,Acute Myocardial Infarction,5,5,7,0,7.1,1.28,141,1
PAT-10497,29,Male,Emergency,Pneumonia,6,1,10,0,6.8,1.07,166,0
PAT-10498,90,Female,Elective,Type 2 Diabetes,3,5,7,1,8.5,3.57,119,1
PAT-10499,91,Female,Emergency,Type 2 Diabetes,5,1,7,2,5.3,1.22,93,0
PAT-10500,76,Female,Emergency,Ischemic Stroke,9,2,4,0,6.6,2.86,127,0
PAT-10501,67,Female,Emergency,Acute Myocardial Infarction,4,7,9,2,4.9,2.03,102,1
PAT-10502,52,Male,Emergency,Heart Failure,3,3,10,0,7.0,0.91,143,1
PAT-10503,83,Female,Emergency,Ischemic Stroke,11,2,9,0,8.6,0.84,126,0
PAT-10504,76,Male,Emergency,Acute Myocardial Infarction,3,4,7,1,7.0,0.81,118,0
PAT-10505,39,Female,Elective,Heart Failure,5,1,8,1,5.5,2.4,147,0
PAT-10506,87,Female,Elective,Heart Failure,5,4,5,1,8.6,0.54,148,1
PAT-10507,83,Female,Emergency,Type 2 Diabetes,3,2,7,1,7.6,0.67,151,0
PAT-10508,89,Male,Emergency,COPD Exacerbation,7,2,9,1,6.1,0.81,143,1
PAT-10509,78,Female,Emergency,COPD Exacerbation,5,2,4,1,8.3,1.28,109,0
PAT-10510,72,Female,Emergency,Type 2 Diabetes,5,1,12,1,7.6,1.1,108,0
PAT-10511,59,Male,Elective,Pneumonia,1,3,3,1,9.4,0.92,146,1
PAT-10512,88,Female,Urgent,Type 2 Diabetes,6,1,8,1,6.9,4.53,127,0
PAT-10513,85,Female,Elective,Heart Failure,5,2,9,1,8.2,1.28,156,1
PAT-10514,25,Male,Elective,Pneumonia,1,1,10,0,4.4,0.89,128,0
PAT-10515,22,Female,Emergency,Type 2 Diabetes,6,3,12,2,5.5,2.77,144,0
PAT-10516,57,Male,Emergency,COPD Exacerbation,6,5,13,0,6.6,2.66,119,1
PAT-10517,82,Male,Urgent,Ischemic Stroke,8,1,9,0,7.6,0.7,134,1
PAT-10518,91,Male,Urgent,Heart Failure,9,1,10,3,6.8,4.38,127,1
PAT-10519,38,Male,Emergency,Heart Failure,5,3,10,1,6.5,1.71,118,0
PAT-10520,71,Male,Emergency,Heart Failure,4,4,15,1,7.0,1.63,135,1
PAT-10521,57,Male,Elective,Pneumonia,6,2,9,0,8.0,1.53,167,0
PAT-10522,90,Male,Emergency,Acute Myocardial Infarction,4,1,10,1,6.7,1.31,151,1
PAT-10523,84,Female,Elective,COPD Exacerbation,5,4,6,1,6.9,0.94,169,1
PAT-10524,84,Female,Elective,Pneumonia,4,3,8,1,7.7,0.63,103,0
PAT-10525,63,Male,Emergency,Type 2 Diabetes,2,4,15,1,10.0,0.82,152,1
PAT-10526,59,Male,Urgent,Type 2 Diabetes,5,1,10,0,6.5,0.51,119,0
PAT-10527,49,Female,Urgent,Type 2 Diabetes,4,3,10,0,9.0,2.89,126,0
PAT-10528,26,Male,Urgent,COPD Exacerbation,2,4,9,0,6.1,2.06,121,0
PAT-10529,85,Female,Emergency,Heart Failure,4,4,4,1,7.9,1.12,149,1
PAT-10530,82,Male,Emergency,Acute Myocardial Infarction,4,2,5,0,5.7,1.96,138,0
PAT-10531,91,Male,Elective,COPD Exacerbation,3,2,13,2,8.3,1.41,125,1
PAT-10532,91,Male,Emergency,Type 2 Diabetes,5,2,6,2,7.8,1.77,106,0
PAT-10533,68,Female,Emergency,Pneumonia,8,3,11,0,8.7,1.59,142,0
PAT-10534,80,Male,Emergency,Ischemic Stroke,12,1,6,1,5.6,3.13,145,1
PAT-10535,89,Female,Elective,Heart Failure,4,5,8,1,6.9,0.51,125,1
PAT-10536,84,Female,Emergency,Heart Failure,8,3,7,0,6.2,0.58,146,0
PAT-10537,47,Female,Emergency,Pneumonia,4,2,9,1,6.4,1.37,156,1
PAT-10538,62,Male,Emergency,COPD Exacerbation,3,5,5,0,5.3,0.53,143,1
PAT-10539,35,Female,Elective,Type 2 Diabetes,1,1,6,1,6.3,1.49,126,0
PAT-10540,89,Female,Elective,Total Hip Arthroplasty,4,4,10,1,8.0,1.0,143,1
PAT-10541,71,Male,Emergency,COPD Exacerbation,3,2,5,0,6.9,1.3,143,0
PAT-10542,45,Male,Urgent,Total Hip Arthroplasty,1,0,6,2,9.5,1.32,118,1
PAT-10543,75,Male,Emergency,Type 2 Diabetes,3,3,7,0,7.3,0.55,154,0
PAT-10544,72,Male,Elective,Sepsis,8,1,10,1,8.4,0.62,117,0
PAT-10545,55,Female,Elective,Type 2 Diabetes,2,2,4,1,6.2,1.17,125,0
PAT-10546,34,Male,Elective,Type 2 Diabetes,1,1,8,0,4.9,1.05,127,0
PAT-10547,75,Male,Emergency,Total Hip Arthroplasty,4,4,5,0,7.5,2.13,109,0
PAT-10548,66,Female,Urgent,Heart Failure,5,1,11,0,8.2,1.03,141,0
PAT-10549,80,Female,Urgent,Ischemic Stroke,6,1,8,0,7.2,1.35,161,1
PAT-10550,66,Female,Emergency,Pneumonia,7,4,10,1,7.3,0.51,86,0
PAT-10551,84,Female,Emergency,Ischemic Stroke,10,3,10,3,8.8,1.53,145,1
PAT-10552,68,Male,Emergency,COPD Exacerbation,5,1,8,0,7.0,0.51,163,1
PAT-10553,69,Male,Emergency,Acute Myocardial Infarction,7,4,8,0,6.0,1.85,107,0
PAT-10554,86,Male,Emergency,Heart Failure,11,2,5,0,9.5,3.27,138,1
PAT-10555,58,Female,Elective,Pneumonia,11,2,7,1,9.8,0.55,124,0
PAT-10556,36,Female,Emergency,Acute Myocardial Infarction,1,1,8,1,9.3,1.06,124,0
PAT-10557,22,Male,Elective,Sepsis,5,0,11,2,8.5,1.1,115,0
PAT-10558,79,Female,Emergency,Heart Failure,5,1,8,0,6.9,0.97,156,1
PAT-10559,72,Male,Emergency,Pneumonia,7,2,10,0,8.0,0.52,147,0
PAT-10560,77,Female,Emergency,Pneumonia,10,1,6,1,7.2,0.98,116,1
PAT-10561,44,Male,Emergency,Heart Failure,6,3,9,1,6.5,0.73,115,1
PAT-10562,36,Female,Emergency,Pneumonia,3,3,6,3,5.0,0.73,94,1
PAT-10563,20,Female,Elective,Sepsis,6,3,6,1,7.7,0.53,144,1
PAT-10564,55,Female,Elective,Type 2 Diabetes,3,3,11,0,8.4,0.64,142,1
PAT-10565,70,Male,Emergency,Pneumonia,3,3,10,1,7.2,1.0,143,0
PAT-10566,58,Male,Elective,Ischemic Stroke,7,2,3,2,9.0,1.3,105,0
PAT-10567,61,Female,Emergency,Heart Failure,3,3,4,3,8.1,0.8,148,1
PAT-10568,87,Male,Emergency,COPD Exacerbation,3,2,11,1,5.3,3.25,125,0
PAT-10569,55,Male,Emergency,Acute Myocardial Infarction,2,5,16,2,8.8,1.18,105,1
PAT-10570,66,Male,Elective,Acute Myocardial Infarction,5,1,9,0,6.5,0.6,112,1
PAT-10571,81,Male,Emergency,Acute Myocardial Infarction,6,2,7,0,5.5,0.8,137,0
PAT-10572,58,Female,Emergency,Acute Myocardial Infarction,5,2,7,1,6.2,0.98,149,0
PAT-10573,72,Female,Elective,Heart Failure,8,1,10,2,9.6,1.91,114,1
PAT-10574,85,Male,Urgent,COPD Exacerbation,8,1,8,0,9.6,0.61,97,0
PAT-10575,89,Male,Elective,Sepsis,10,4,4,0,6.6,0.7,121,1
PAT-10576,37,Male,Elective,Heart Failure,4,3,10,0,8.5,1.59,136,0
PAT-10577,88,Male,Elective,Heart Failure,6,0,12,1,7.7,0.96,116,0
PAT-10578,64,Female,Emergency,Sepsis,8,5,8,1,6.6,1.63,82,1
PAT-10579,47,Male,Elective,Acute Myocardial Infarction,1,3,6,1,7.5,1.41,164,0
PAT-10580,62,Female,Elective,Pneumonia,8,2,10,1,4.6,0.85,149,0
PAT-10581,91,Male,Emergency,Ischemic Stroke,9,3,8,1,6.3,1.5,159,1
PAT-10582,64,Female,Emergency,Acute Myocardial Infarction,2,4,11,1,7.0,1.76,142,1
PAT-10583,53,Male,Emergency,Ischemic Stroke,9,1,12,0,7.6,6.04,144,1
PAT-10584,73,Male,Emergency,Total Hip Arthroplasty,2,0,3,0,8.9,0.79,127,0
PAT-10585,46,Female,Urgent,Pneumonia,5,3,9,1,10.3,0.74,132,0
PAT-10586,29,Female,Emergency,Acute Myocardial Infarction,5,1,8,0,6.1,1.71,146,0
PAT-10587,35,Male,Emergency,COPD Exacerbation,4,4,9,0,7.7,1.05,155,0
PAT-10588,35,Male,Urgent,Sepsis,10,2,8,1,7.8,1.3,124,0
PAT-10589,38,Female,Emergency,Sepsis,7,3,7,0,3.2,1.04,130,0
PAT-10590,36,Male,Emergency,Heart Failure,8,3,7,0,7.9,0.56,90,0
PAT-10591,73,Male,Urgent,Type 2 Diabetes,3,1,4,2,6.2,1.3,139,0
PAT-10592,41,Female,Emergency,Type 2 Diabetes,6,2,6,1,4.6,0.97,111,0
PAT-10593,54,Female,Elective,Sepsis,4,4,6,0,7.2,1.13,161,0
PAT-10594,87,Male,Emergency,Sepsis,7,0,11,3,8.4,1.21,138,1
PAT-10595,63,Male,Emergency,Pneumonia,7,1,10,1,6.0,2.23,116,0
PAT-10596,75,Male,Emergency,COPD Exacerbation,5,1,9,1,9.5,4.82,143,1
PAT-10597,40,Male,Emergency,Sepsis,8,0,8,3,6.3,2.74,97,1
PAT-10598,42,Female,Urgent,Type 2 Diabetes,3,2,8,0,9.9,1.09,124,0
PAT-10599,24,Female,Urgent,Heart Failure,1,4,4,1,7.0,0.85,159,0
PAT-10600,39,Female,Elective,Pneumonia,3,0,5,0,9.2,1.04,119,0
PAT-10601,49,Female,Emergency,Total Hip Arthroplasty,3,0,9,0,7.0,2.33,139,0
PAT-10602,40,Male,Urgent,Sepsis,6,4,6,1,7.0,2.23,131,1
PAT-10603,31,Male,Elective,Type 2 Diabetes,5,5,2,1,6.5,2.2,129,0
PAT-10604,34,Female,Emergency,Heart Failure,4,3,10,1,6.7,0.93,126,0
PAT-10605,62,Female,Elective,COPD Exacerbation,6,1,16,0,6.4,1.29,165,0
PAT-10606,43,Male,Emergency,Sepsis,9,4,9,1,6.8,2.85,127,1
PAT-10607,56,Male,Emergency,COPD Exacerbation,3,1,10,1,9.0,1.04,129,0
PAT-10608,65,Male,Elective,Pneumonia,2,1,8,2,8.0,1.27,141,1
PAT-10609,76,Male,Elective,Heart Failure,8,5,9,0,4.8,1.11,110,1
PAT-10610,24,Male,Emergency,Total Hip Arthroplasty,1,0,9,0,6.9,0.66,126,0
PAT-10611,82,Male,Emergency,Type 2 Diabetes,4,3,6,1,9.1,2.5,133,1
PAT-10612,73,Female,Urgent,Type 2 Diabetes,4,3,7,1,8.4,1.28,134,0
PAT-10613,30,Female,Elective,Sepsis,7,3,11,1,6.0,2.52,158,1
PAT-10614,85,Female,Emergency,Ischemic Stroke,10,2,6,1,6.5,1.25,132,0
PAT-10615,88,Female,Emergency,COPD Exacerbation,6,3,8,0,8.0,0.81,127,1
PAT-10616,27,Male,Emergency,COPD Exacerbation,3,3,10,2,6.1,0.54,120,0
PAT-10617,49,Male,Urgent,Type 2 Diabetes,5,4,7,1,5.4,1.2,139,0
PAT-10618,82,Female,Emergency,Heart Failure,7,5,4,3,7.1,1.34,111,1
PAT-10619,79,Female,Emergency,Heart Failure,4,3,10,2,8.0,1.08,127,1
PAT-10620,41,Female,Emergency,COPD Exacerbation,2,3,10,0,7.5,1.01,113,0
PAT-10621,43,Female,Urgent,Heart Failure,3,8,8,3,6.9,0.75,140,1
PAT-10622,56,Male,Elective,Total Hip Arthroplasty,3,0,14,0,6.5,2.56,129,0
PAT-10623,64,Male,Elective,Heart Failure,3,2,18,0,8.4,0.83,148,0
PAT-10624,72,Male,Emergency,Pneumonia,7,3,8,1,5.8,1.7,115,1
PAT-10625,56,Male,Emergency,Pneumonia,6,3,11,1,8.2,3.46,140,1
PAT-10626,62,Male,Urgent,COPD Exacerbation,1,2,10,3,8.2,0.53,114,0
PAT-10627,79,Male,Urgent,Type 2 Diabetes,2,1,10,0,6.5,2.34,136,0
PAT-10628,24,Female,Urgent,Total Hip Arthroplasty,1,2,6,0,7.5,3.1,132,0
PAT-10629,47,Male,Urgent,Pneumonia,5,3,5,1,7.9,0.55,141,0
PAT-10630,77,Male,Elective,Acute Myocardial Infarction,7,0,10,1,6.9,2.39,126,0
PAT-10631,87,Male,Elective,COPD Exacerbation,2,2,11,0,5.9,1.13,128,0
PAT-10632,66,Female,Elective,Heart Failure,3,2,6,2,5.3,0.86,159,0
PAT-10633,67,Female,Elective,COPD Exacerbation,5,4,6,2,5.6,0.56,121,1
PAT-10634,33,Female,Emergency,COPD Exacerbation,2,5,10,2,8.3,3.46,110,1
PAT-10635,61,Male,Emergency,Total Hip Arthroplasty,1,0,9,0,5.2,1.59,122,0
PAT-10636,67,Female,Urgent,Total Hip Arthroplasty,4,3,8,0,7.6,0.72,104,0
PAT-10637,46,Male,Emergency,Heart Failure,4,5,10,1,6.5,1.84,151,0
PAT-10638,48,Male,Urgent,Heart Failure,2,6,7,0,5.6,1.79,124,0
PAT-10639,57,Female,Emergency,Type 2 Diabetes,1,2,6,1,5.1,2.99,138,0
PAT-10640,21,Male,Emergency,Ischemic Stroke,10,2,9,0,6.9,2.33,134,0
PAT-10641,53,Male,Emergency,Heart Failure,7,3,10,0,8.9,0.99,141,1
PAT-10642,43,Female,Emergency,Acute Myocardial Infarction,3,4,8,3,7.2,1.28,108,1
PAT-10643,53,Male,Emergency,COPD Exacerbation,5,2,11,1,11.0,2.27,127,1
PAT-10644,34,Female,Emergency,COPD Exacerbation,3,1,5,2,9.7,1.26,143,0
PAT-10645,86,Female,Elective,Type 2 Diabetes,6,1,6,1,5.7,2.26,147,0
PAT-10646,71,Male,Emergency,Type 2 Diabetes,2,3,10,2,5.5,2.3,142,1
PAT-10647,75,Male,Emergency,Pneumonia,6,3,13,2,8.3,3.73,166,1
PAT-10648,81,Male,Emergency,Heart Failure,7,4,9,2,5.9,0.63,141,1
PAT-10649,65,Male,Elective,Heart Failure,8,1,8,0,6.0,1.46,140,0
PAT-10650,30,Male,Elective,Heart Failure,5,3,9,0,7.9,0.84,155,0
PAT-10651,67,Male,Elective,COPD Exacerbation,8,2,5,3,9.4,3.47,142,0
PAT-10652,70,Male,Emergency,Pneumonia,6,2,7,3,8.3,2.48,152,1
PAT-10653,79,Male,Emergency,Type 2 Diabetes,3,6,7,1,7.3,0.89,128,1
PAT-10654,60,Female,Elective,Type 2 Diabetes,1,3,5,0,8.7,4.09,101,0
PAT-10655,35,Male,Elective,Type 2 Diabetes,3,1,11,2,9.5,1.4,143,0
PAT-10656,50,Female,Emergency,Pneumonia,6,4,8,2,6.9,1.59,128,1
PAT-10657,56,Male,Emergency,Type 2 Diabetes,3,0,10,2,5.8,0.85,144,0
PAT-10658,74,Female,Emergency,Acute Myocardial Infarction,3,3,13,1,6.1,0.83,114,0
PAT-10659,69,Male,Emergency,Heart Failure,8,4,10,0,7.0,4.51,139,1
PAT-10660,55,Female,Elective,Ischemic Stroke,8,6,10,0,6.5,0.55,130,0
PAT-10661,91,Female,Emergency,Heart Failure,9,5,7,0,7.6,1.85,138,1
PAT-10662,71,Male,Emergency,Ischemic Stroke,5,2,14,2,5.6,0.63,113,0
PAT-10663,46,Female,Emergency,Sepsis,7,3,15,0,7.5,1.21,134,0
PAT-10664,32,Male,Urgent,Acute Myocardial Infarction,6,2,11,0,6.5,1.2,158,0
PAT-10665,38,Female,Elective,Total Hip Arthroplasty,2,3,12,0,7.2,2.35,116,0
PAT-10666,46,Female,Urgent,Heart Failure,3,2,11,2,9.1,0.83,134,1
PAT-10667,39,Female,Emergency,Heart Failure,3,2,7,0,10.0,0.68,113,1
PAT-10668,41,Male,Elective,Type 2 Diabetes,3,1,7,0,7.2,1.8,133,0
PAT-10669,50,Female,Emergency,Type 2 Diabetes,5,2,6,2,9.1,1.43,133,1
PAT-10670,40,Male,Emergency,Type 2 Diabetes,3,2,8,0,7.4,1.5,121,0
PAT-10671,87,Female,Emergency,COPD Exacerbation,7,1,8,1,5.1,1.07,113,1
PAT-10672,30,Female,Elective,Heart Failure,5,4,8,1,7.4,0.88,114,1
PAT-10673,66,Female,Emergency,Pneumonia,4,3,7,0,5.3,1.98,152,0
PAT-10674,59,Female,Elective,Type 2 Diabetes,2,4,10,1,8.9,1.81,92,0
PAT-10675,91,Male,Emergency,COPD Exacerbation,5,2,5,0,6.7,2.57,124,0
PAT-10676,33,Male,Emergency,Ischemic Stroke,3,5,7,2,4.1,2.23,104,1
PAT-10677,58,Male,Emergency,Pneumonia,5,2,6,1,5.1,1.45,131,1
PAT-10678,90,Female,Emergency,Pneumonia,10,0,9,0,6.2,2.46,133,1
PAT-10679,85,Female,Emergency,Type 2 Diabetes,5,4,13,0,4.2,0.83,133,0
PAT-10680,83,Female,Emergency,Sepsis,8,5,6,2,7.5,1.54,117,1
PAT-10681,47,Male,Emergency,Heart Failure,8,3,6,1,8.7,0.94,126,1
PAT-10682,40,Female,Emergency,Ischemic Stroke,4,2,9,1,6.4,2.12,167,0
PAT-10683,75,Male,Emergency,Pneumonia,5,3,7,0,7.3,3.43,146,1
PAT-10684,88,Female,Emergency,Type 2 Diabetes,7,5,10,0,9.7,1.88,128,1
PAT-10685,68,Female,Emergency,Ischemic Stroke,8,1,10,0,6.2,0.88,126,1
PAT-10686,69,Female,Emergency,Total Hip Arthroplasty,3,3,6,2,6.2,0.82,119,0
PAT-10687,49,Female,Emergency,COPD Exacerbation,6,1,5,1,6.4,0.63,140,0
PAT-10688,80,Male,Elective,Heart Failure,7,3,4,0,8.1,1.8,120,1
PAT-10689,41,Female,Emergency,Acute Myocardial Infarction,1,3,7,0,5.9,3.57,151,0
PAT-10690,53,Male,Emergency,Type 2 Diabetes,1,0,11,1,7.0,0.83,126,0
PAT-10691,60,Female,Urgent,Pneumonia,5,2,8,1,9.3,5.43,129,0
PAT-10692,65,Male,Elective,Heart Failure,7,4,6,1,5.4,1.36,131,0
PAT-10693,46,Female,Urgent,Pneumonia,5,2,9,1,8.0,1.91,141,0
PAT-10694,34,Male,Elective,Acute Myocardial Infarction,4,0,11,0,8.6,0.78,139,0
PAT-10695,72,Male,Emergency,Type 2 Diabetes,5,1,11,0,8.3,0.67,157,0
PAT-10696,50,Male,Emergency,Total Hip Arthroplasty,1,4,8,1,8.5,5.78,96,1
PAT-10697,70,Female,Elective,Heart Failure,5,1,7,2,6.1,0.98,120,1
PAT-10698,38,Male,Urgent,Heart Failure,5,1,7,1,8.4,0.74,137,0
PAT-10699,64,Female,Elective,COPD Exacerbation,3,6,4,1,5.9,2.51,131,1
PAT-10700,67,Female,Urgent,Sepsis,8,2,10,0,7.0,0.59,142,1
PAT-10701,26,Female,Emergency,Ischemic Stroke,6,2,8,1,5.3,0.65,141,0
PAT-10702,54,Female,Emergency,Acute Myocardial Infarction,4,2,6,2,7.3,2.35,134,1
PAT-10703,36,Male,Urgent,Heart Failure,6,0,10,0,7.2,1.21,136,0
PAT-10704,27,Female,Elective,Ischemic Stroke,6,2,7,1,9.2,0.85,138,0
PAT-10705,91,Male,Urgent,Total Hip Arthroplasty,2,4,10,0,5.6,1.13,142,0
PAT-10706,53,Male,Elective,Heart Failure,4,6,5,1,6.7,4.57,141,1
PAT-10707,82,Male,Emergency,COPD Exacerbation,6,2,7,0,5.9,0.76,120,0
PAT-10708,47,Male,Emergency,COPD Exacerbation,7,3,8,1,6.3,0.61,139,0
PAT-10709,76,Female,Urgent,Pneumonia,6,1,13,1,4.9,3.38,120,0
PAT-10710,80,Male,Emergency,Ischemic Stroke,4,3,8,0,5.4,0.79,136,0
PAT-10711,71,Female,Emergency,Heart Failure,6,3,4,4,8.0,3.48,119,1
PAT-10712,63,Male,Emergency,COPD Exacerbation,3,3,6,1,5.1,0.98,152,0
PAT-10713,59,Male,Emergency,Type 2 Diabetes,1,1,4,0,4.2,0.53,137,0
PAT-10714,55,Male,Emergency,Pneumonia,6,0,12,1,8.2,1.22,151,1
PAT-10715,88,Female,Elective,Acute Myocardial Infarction,7,1,9,1,5.9,0.75,116,1
PAT-10716,83,Female,Emergency,Type 2 Diabetes,3,2,15,2,8.8,1.18,129,0
PAT-10717,90,Female,Emergency,Pneumonia,8,3,4,0,6.9,1.39,106,1
PAT-10718,35,Female,Elective,Ischemic Stroke,7,4,12,0,7.1,1.54,113,0
PAT-10719,78,Female,Emergency,Acute Myocardial Infarction,7,2,5,0,5.0,3.65,136,1
PAT-10720,89,Male,Elective,COPD Exacerbation,4,1,6,0,6.3,2.44,137,0
PAT-10721,41,Female,Emergency,Type 2 Diabetes,1,6,9,0,6.5,0.51,141,0
PAT-10722,28,Female,Urgent,Pneumonia,3,2,10,4,8.4,2.93,130,1
PAT-10723,79,Male,Emergency,Acute Myocardial Infarction,7,1,9,2,7.5,0.76,122,0
PAT-10724,69,Male,Emergency,Sepsis,10,2,12,2,7.3,0.81,99,1
PAT-10725,84,Female,Urgent,Type 2 Diabetes,3,2,8,1,6.3,2.36,132,0
PAT-10726,36,Female,Elective,COPD Exacerbation,8,4,1,3,7.0,1.29,127,0
PAT-10727,82,Female,Emergency,Heart Failure,4,1,5,2,8.7,1.08,117,0
PAT-10728,42,Female,Urgent,Heart Failure,6,1,5,0,7.8,0.5,154,0
PAT-10729,39,Male,Emergency,COPD Exacerbation,7,3,9,2,7.0,0.91,145,0
PAT-10730,39,Female,Urgent,Type 2 Diabetes,3,2,7,2,6.3,1.56,124,0
PAT-10731,83,Male,Emergency,Heart Failure,4,4,8,2,8.3,0.61,123,1
PAT-10732,75,Male,Emergency,Acute Myocardial Infarction,4,0,10,2,7.3,1.38,136,0
PAT-10733,66,Male,Emergency,Pneumonia,6,5,3,1,7.7,0.51,148,0
PAT-10734,55,Female,Emergency,Sepsis,11,2,4,0,7.5,1.69,107,0
PAT-10735,86,Female,Emergency,COPD Exacerbation,3,1,5,1,8.3,0.56,116,0
PAT-10736,58,Male,Emergency,Acute Myocardial Infarction,1,2,8,1,4.9,0.58,142,0
PAT-10737,83,Female,Emergency,Type 2 Diabetes,5,5,6,1,7.2,1.91,113,1
PAT-10738,61,Female,Emergency,Type 2 Diabetes,5,3,11,0,5.9,1.93,146,0
PAT-10739,57,Female,Emergency,COPD Exacerbation,9,1,5,2,6.3,0.75,116,0
PAT-10740,62,Female,Urgent,Type 2 Diabetes,1,6,15,0,5.9,0.61,140,0
PAT-10741,51,Male,Elective,Sepsis,8,3,7,1,7.6,2.19,130,1
PAT-10742,79,Female,Elective,Pneumonia,9,5,10,2,9.1,2.13,144,1
PAT-10743,65,Male,Urgent,Type 2 Diabetes,4,4,5,1,9.0,0.75,131,0
PAT-10744,45,Female,Elective,COPD Exacerbation,4,3,8,0,8.2,0.88,113,0
PAT-10745,87,Male,Urgent,Ischemic Stroke,9,1,6,0,9.4,0.77,119,1
PAT-10746,57,Male,Emergency,Heart Failure,4,1,5,3,7.1,1.37,124,1
PAT-10747,68,Male,Emergency,Heart Failure,7,5,9,3,5.8,1.64,141,1
PAT-10748,87,Female,Emergency,Sepsis,7,0,7,1,6.9,3.67,123,1
PAT-10749,72,Female,Emergency,Heart Failure,3,1,6,2,7.7,0.75,111,0
PAT-10750,34,Female,Urgent,Heart Failure,4,0,12,1,8.7,1.33,139,1
PAT-10751,89,Male,Emergency,Type 2 Diabetes,1,2,10,0,8.9,0.63,96,0
PAT-10752,73,Male,Emergency,Pneumonia,7,3,6,1,4.7,1.21,158,1
PAT-10753,54,Male,Elective,COPD Exacerbation,1,5,6,0,4.2,2.21,108,0
PAT-10754,36,Female,Emergency,Pneumonia,6,3,8,0,6.7,0.91,126,0
PAT-10755,82,Male,Emergency,Total Hip Arthroplasty,4,3,5,0,8.4,1.48,146,0
PAT-10756,72,Female,Emergency,Acute Myocardial Infarction,5,4,8,0,6.5,1.73,138,0
PAT-10757,67,Male,Urgent,Ischemic Stroke,8,4,5,0,6.4,0.71,136,1
PAT-10758,86,Female,Elective,Pneumonia,7,1,8,0,6.3,0.54,159,1
PAT-10759,81,Male,Elective,Heart Failure,5,3,5,0,6.5,0.71,149,0
PAT-10760,38,Female,Emergency,Ischemic Stroke,9,3,9,0,7.7,1.39,148,1
PAT-10761,52,Female,Emergency,Heart Failure,6,4,6,0,4.3,1.47,134,0
PAT-10762,47,Male,Emergency,Acute Myocardial Infarction,5,3,11,1,8.5,1.69,96,0
PAT-10763,79,Female,Elective,Heart Failure,8,2,7,1,8.1,1.34,124,1
PAT-10764,23,Male,Emergency,Acute Myocardial Infarction,4,2,7,0,5.0,1.17,135,0
PAT-10765,69,Male,Emergency,Total Hip Arthroplasty,7,3,10,0,7.5,2.77,122,1
PAT-10766,80,Male,Urgent,Pneumonia,7,2,6,2,7.6,0.79,132,1
PAT-10767,86,Female,Elective,Type 2 Diabetes,5,4,10,3,5.7,1.27,152,1
PAT-10768,54,Female,Elective,Type 2 Diabetes,2,1,3,3,6.4,1.42,130,0
PAT-10769,83,Male,Emergency,Pneumonia,6,2,7,2,6.4,0.64,142,0
PAT-10770,33,Female,Emergency,Heart Failure,3,4,12,0,4.3,2.99,120,0
PAT-10771,84,Male,Emergency,Acute Myocardial Infarction,7,4,8,2,6.1,1.68,129,1
PAT-10772,35,Female,Elective,Type 2 Diabetes,1,2,12,2,8.4,0.55,97,0
PAT-10773,58,Female,Emergency,Type 2 Diabetes,4,2,9,0,5.7,0.57,124,1
PAT-10774,82,Female,Elective,Pneumonia,8,3,9,1,7.2,2.45,119,1
PAT-10775,37,Female,Urgent,COPD Exacerbation,4,0,8,1,7.7,0.78,129,0
PAT-10776,45,Female,Emergency,Heart Failure,3,3,6,1,5.8,2.13,148,0
PAT-10777,78,Male,Emergency,Acute Myocardial Infarction,7,2,5,4,8.6,1.45,131,0
PAT-10778,78,Male,Elective,Total Hip Arthroplasty,4,1,8,2,6.6,2.68,151,1
PAT-10779,73,Female,Urgent,Type 2 Diabetes,1,4,9,0,6.5,1.53,112,1
PAT-10780,76,Male,Urgent,Heart Failure,4,4,9,0,7.2,1.61,127,1
PAT-10781,68,Female,Emergency,Acute Myocardial Infarction,8,2,11,1,12.0,2.52,132,1
PAT-10782,47,Male,Emergency,Heart Failure,8,1,8,1,8.4,1.38,166,1
PAT-10783,54,Male,Elective,Heart Failure,6,3,13,1,7.2,1.0,132,1
PAT-10784,41,Male,Elective,COPD Exacerbation,6,1,7,0,6.3,2.34,123,0
PAT-10785,87,Female,Emergency,Type 2 Diabetes,3,1,12,1,8.7,1.01,105,1
PAT-10786,70,Female,Emergency,Heart Failure,5,3,13,4,9.3,2.09,133,1
PAT-10787,58,Female,Elective,Ischemic Stroke,9,1,10,0,8.0,1.44,152,0
PAT-10788,62,Male,Emergency,Type 2 Diabetes,5,2,13,1,7.2,1.53,138,1
PAT-10789,89,Female,Urgent,Total Hip Arthroplasty,4,4,4,2,8.6,1.04,114,1
PAT-10790,38,Male,Emergency,Heart Failure,4,3,9,1,8.3,1.61,112,1
PAT-10791,70,Female,Elective,Sepsis,11,5,7,1,6.6,0.97,125,0
PAT-10792,65,Male,Elective,Pneumonia,8,0,6,0,8.1,1.46,109,1
PAT-10793,72,Female,Emergency,Heart Failure,7,5,7,2,6.2,0.63,121,1
PAT-10794,21,Female,Elective,Acute Myocardial Infarction,3,2,7,2,7.5,3.8,137,0
PAT-10795,85,Female,Elective,Total Hip Arthroplasty,3,4,3,0,4.8,0.57,132,0
PAT-10796,88,Female,Urgent,Heart Failure,8,8,6,0,8.4,0.52,118,1
PAT-10797,69,Female,Emergency,Acute Myocardial Infarction,3,1,5,1,5.8,1.52,121,0
PAT-10798,76,Male,Elective,Pneumonia,5,1,4,0,8.3,1.53,123,0
PAT-10799,88,Female,Elective,Acute Myocardial Infarction,3,2,9,0,6.4,3.37,115,0
PAT-10800,77,Female,Emergency,Acute Myocardial Infarction,8,2,6,0,5.9,0.54,123,0
PAT-10801,38,Male,Urgent,Heart Failure,3,1,10,1,5.4,1.09,96,0
PAT-10802,70,Female,Emergency,Heart Failure,6,0,10,1,7.1,1.08,151,1
PAT-10803,71,Male,Emergency,Pneumonia,6,5,6,1,8.2,0.85,128,0
PAT-10804,60,Male,Emergency,Total Hip Arthroplasty,9,3,7,0,5.1,2.49,146,0
PAT-10805,79,Female,Emergency,Type 2 Diabetes,5,1,11,2,6.3,2.09,158,1
PAT-10806,88,Female,Urgent,COPD Exacerbation,2,2,9,2,7.9,2.56,136,1
PAT-10807,88,Female,Elective,Heart Failure,9,1,9,1,6.5,1.37,146,0
PAT-10808,62,Male,Emergency,Acute Myocardial Infarction,4,5,8,1,10.4,1.45,169,0
PAT-10809,34,Male,Elective,COPD Exacerbation,3,0,10,2,5.4,1.71,131,1
PAT-10810,91,Male,Emergency,Acute Myocardial Infarction,4,1,8,2,7.5,2.1,144,0
PAT-10811,84,Male,Emergency,Total Hip Arthroplasty,4,1,8,2,8.4,1.0,143,0
PAT-10812,35,Female,Emergency,Heart Failure,4,0,7,1,5.7,2.23,112,0
PAT-10813,88,Male,Emergency,Type 2 Diabetes,4,3,8,0,9.2,0.55,150,0
PAT-10814,85,Male,Emergency,Ischemic Stroke,7,4,7,0,8.7,1.15,88,1
PAT-10815,66,Male,Elective,Heart Failure,6,2,8,0,6.3,0.57,170,0
PAT-10816,70,Male,Emergency,Acute Myocardial Infarction,1,1,9,1,8.3,0.5,112,0
PAT-10817,58,Male,Emergency,Acute Myocardial Infarction,1,3,7,1,6.5,1.32,152,0
PAT-10818,26,Female,Emergency,Acute Myocardial Infarction,6,2,5,0,5.1,0.51,127,0
PAT-10819,54,Female,Emergency,Type 2 Diabetes,4,1,12,1,8.1,2.73,121,0
PAT-10820,82,Female,Urgent,Type 2 Diabetes,4,3,1,2,7.3,0.5,114,1
PAT-10821,18,Female,Emergency,COPD Exacerbation,1,0,9,2,7.0,1.44,142,0
PAT-10822,53,Male,Urgent,Heart Failure,5,3,8,1,7.1,1.15,155,0
PAT-10823,58,Female,Emergency,COPD Exacerbation,7,3,7,0,7.3,0.93,123,1
PAT-10824,67,Male,Elective,Pneumonia,12,3,9,0,5.9,1.51,136,1
PAT-10825,88,Female,Emergency,Pneumonia,11,0,7,0,5.9,0.66,146,1
PAT-10826,54,Female,Urgent,Type 2 Diabetes,2,5,7,0,7.1,0.8,136,1
PAT-10827,54,Male,Emergency,Ischemic Stroke,5,1,13,2,7.7,2.37,127,1
PAT-10828,79,Male,Elective,Pneumonia,4,0,11,0,7.9,1.86,128,0
PAT-10829,62,Male,Urgent,COPD Exacerbation,3,3,4,0,8.0,0.67,92,0
PAT-10830,45,Female,Urgent,Ischemic Stroke,6,2,5,1,8.8,1.44,125,0
PAT-10831,62,Female,Emergency,COPD Exacerbation,4,4,9,2,5.5,1.74,145,1
PAT-10832,37,Female,Urgent,Ischemic Stroke,10,4,9,0,8.1,3.3,148,0
PAT-10833,40,Female,Elective,Heart Failure,2,1,8,1,8.0,1.23,132,0
PAT-10834,65,Female,Emergency,Sepsis,9,1,8,1,7.2,1.74,148,1
PAT-10835,60,Male,Emergency,Type 2 Diabetes,1,0,6,2,8.0,0.98,150,0
PAT-10836,87,Male,Emergency,Sepsis,10,1,6,0,6.3,1.56,138,1
PAT-10837,56,Male,Emergency,Sepsis,6,2,10,1,6.3,0.89,135,1
PAT-10838,70,Male,Elective,Type 2 Diabetes,6,5,5,1,8.6,1.21,96,1
PAT-10839,73,Female,Elective,Pneumonia,6,3,13,1,7.7,1.56,141,1
PAT-10840,20,Male,Emergency,Acute Myocardial Infarction,1,3,3,1,7.9,2.91,87,0
PAT-10841,75,Female,Urgent,Heart Failure,1,6,6,2,6.5,2.16,133,1
PAT-10842,40,Male,Emergency,Acute Myocardial Infarction,2,1,5,1,6.7,2.69,135,0
PAT-10843,90,Female,Urgent,Heart Failure,7,3,11,3,6.3,1.28,149,1
PAT-10844,37,Female,Urgent,Total Hip Arthroplasty,3,2,7,1,6.8,1.35,130,0
PAT-10845,59,Male,Urgent,Type 2 Diabetes,3,2,8,0,8.4,0.93,94,0
PAT-10846,30,Male,Elective,COPD Exacerbation,5,4,10,0,6.0,1.21,119,0
PAT-10847,91,Male,Emergency,Heart Failure,4,5,10,1,6.4,1.66,153,1
PAT-10848,65,Male,Emergency,Type 2 Diabetes,1,2,11,0,7.2,1.14,109,1
PAT-10849,71,Female,Emergency,Pneumonia,7,2,8,2,8.6,1.35,117,1
PAT-10850,28,Female,Emergency,Pneumonia,7,3,9,1,7.5,1.95,151,1
PAT-10851,79,Female,Elective,Heart Failure,8,4,9,1,4.8,1.3,167,0
PAT-10852,43,Male,Emergency,Total Hip Arthroplasty,1,1,9,1,10.1,1.17,128,0
PAT-10853,87,Male,Urgent,Heart Failure,5,0,6,1,8.4,5.12,152,0
PAT-10854,43,Female,Urgent,Acute Myocardial Infarction,5,2,9,2,7.6,0.59,131,0
PAT-10855,41,Male,Emergency,Pneumonia,4,2,7,1,6.0,2.76,74,0
PAT-10856,24,Male,Emergency,Pneumonia,5,5,7,0,8.2,0.75,132,0
PAT-10857,63,Female,Emergency,Type 2 Diabetes,2,2,10,1,8.3,1.41,136,0
PAT-10858,69,Male,Urgent,COPD Exacerbation,3,0,7,1,7.7,1.45,116,0
PAT-10859,28,Male,Elective,COPD Exacerbation,2,2,7,2,5.6,1.24,118,0
PAT-10860,81,Male,Emergency,Heart Failure,8,0,7,4,5.0,0.81,130,1
PAT-10861,62,Female,Emergency,Type 2 Diabetes,4,4,11,3,7.8,3.28,155,1
PAT-10862,66,Female,Emergency,Heart Failure,8,4,12,1,8.0,0.5,128,1
PAT-10863,61,Female,Urgent,Heart Failure,6,2,6,0,8.4,4.55,114,0
PAT-10864,58,Female,Emergency,Heart Failure,8,1,9,2,6.6,0.74,141,1
PAT-10865,69,Male,Emergency,Type 2 Diabetes,6,1,11,0,4.3,1.87,177,0
PAT-10866,38,Female,Urgent,Acute Myocardial Infarction,5,2,13,0,6.3,0.95,133,0
PAT-10867,41,Male,Urgent,Type 2 Diabetes,3,2,8,2,7.3,1.02,142,0
PAT-10868,85,Male,Urgent,Type 2 Diabetes,11,1,5,0,3.4,0.95,153,0
PAT-10869,89,Female,Emergency,Heart Failure,6,1,8,0,8.4,1.01,125,1
PAT-10870,56,Female,Elective,COPD Exacerbation,1,2,7,1,8.7,1.59,129,0
PAT-10871,48,Male,Emergency,Type 2 Diabetes,4,4,9,0,4.5,2.19,157,0
PAT-10872,73,Male,Emergency,Acute Myocardial Infarction,3,2,4,1,5.8,0.66,123,0
PAT-10873,59,Female,Elective,Acute Myocardial Infarction,6,2,7,1,6.1,2.49,125,0
PAT-10874,22,Male,Emergency,COPD Exacerbation,5,1,7,1,6.3,5.2,111,0
PAT-10875,38,Female,Emergency,Type 2 Diabetes,2,3,5,2,8.0,1.83,108,0
PAT-10876,77,Female,Urgent,Pneumonia,5,3,8,0,6.3,1.08,148,0
PAT-10877,74,Male,Emergency,Type 2 Diabetes,5,0,8,0,6.4,1.05,152,0
PAT-10878,22,Female,Urgent,Total Hip Arthroplasty,1,1,9,4,6.7,3.19,115,0
PAT-10879,44,Male,Emergency,Acute Myocardial Infarction,5,4,8,1,10.6,2.53,127,1
PAT-10880,45,Female,Emergency,Pneumonia,7,2,6,0,10.4,5.8,145,0
PAT-10881,75,Female,Elective,Ischemic Stroke,13,2,8,0,8.9,1.99,112,1
PAT-10882,21,Female,Elective,COPD Exacerbation,2,1,8,0,6.9,0.94,163,0
PAT-10883,32,Male,Emergency,Type 2 Diabetes,2,1,6,1,5.7,2.61,147,0
PAT-10884,82,Female,Urgent,Heart Failure,6,3,7,1,5.7,0.95,118,1
PAT-10885,40,Male,Emergency,COPD Exacerbation,4,1,6,1,7.8,0.62,127,0
PAT-10886,74,Female,Urgent,Sepsis,11,1,7,1,5.7,2.37,121,0
PAT-10887,46,Female,Emergency,Sepsis,7,1,12,1,5.6,1.54,127,1
PAT-10888,32,Male,Urgent,COPD Exacerbation,8,3,2,2,6.9,1.65,121,0
PAT-10889,46,Female,Emergency,Pneumonia,7,2,10,0,7.2,0.92,120,0
PAT-10890,78,Male,Elective,COPD Exacerbation,5,2,8,0,7.9,0.52,133,0
PAT-10891,85,Female,Elective,Acute Myocardial Infarction,4,2,8,1,8.5,1.42,153,0
PAT-10892,83,Male,Emergency,Pneumonia,9,2,6,2,8.3,2.08,118,1
PAT-10893,58,Female,Urgent,Pneumonia,6,3,12,1,5.5,2.92,140,1
PAT-10894,75,Male,Emergency,Acute Myocardial Infarction,5,5,6,0,6.1,3.51,155,0
PAT-10895,43,Female,Emergency,Total Hip Arthroplasty,1,1,11,0,9.3,2.27,123,0
PAT-10896,50,Female,Elective,Sepsis,8,7,7,3,7.4,1.13,159,1
PAT-10897,87,Female,Emergency,Heart Failure,5,2,12,0,9.0,0.91,102,1
PAT-10898,20,Female,Emergency,Heart Failure,6,1,6,1,6.8,0.92,121,0
PAT-10899,30,Female,Emergency,Sepsis,9,1,7,0,6.5,1.33,157,0
PAT-10900,43,Female,Elective,Sepsis,8,2,4,0,3.6,0.9,131,0
PAT-10901,22,Male,Emergency,Pneumonia,4,3,11,0,9.0,1.35,138,1
PAT-10902,41,Male,Emergency,COPD Exacerbation,4,6,7,1,7.4,2.0,136,0
PAT-10903,70,Male,Elective,Total Hip Arthroplasty,3,2,8,1,7.2,0.58,176,0
PAT-10904,60,Male,Urgent,Total Hip Arthroplasty,1,2,8,1,4.9,1.24,124,0
PAT-10905,86,Female,Urgent,Sepsis,6,4,10,0,8.0,1.68,100,1
PAT-10906,83,Female,Elective,Type 2 Diabetes,3,0,6,1,7.3,3.11,89,1
PAT-10907,54,Female,Elective,Acute Myocardial Infarction,4,1,11,1,7.0,2.21,132,0
PAT-10908,48,Male,Emergency,Heart Failure,3,2,6,0,6.6,1.57,150,0
PAT-10909,57,Female,Emergency,Total Hip Arthroplasty,5,0,10,1,3.3,2.02,116,0
PAT-10910,70,Female,Elective,Heart Failure,5,3,8,1,6.6,1.03,140,1
PAT-10911,48,Male,Urgent,COPD Exacerbation,8,2,8,0,5.6,0.6,118,0
PAT-10912,72,Female,Elective,COPD Exacerbation,4,1,7,1,8.2,1.67,107,0
PAT-10913,59,Male,Emergency,Acute Myocardial Infarction,5,3,13,1,6.8,1.43,122,0
PAT-10914,68,Male,Emergency,COPD Exacerbation,5,3,7,3,6.1,2.49,129,1
PAT-10915,61,Female,Elective,Heart Failure,6,1,9,0,8.3,0.72,152,0
PAT-10916,50,Female,Elective,Acute Myocardial Infarction,6,3,7,0,5.6,4.23,144,0
PAT-10917,89,Female,Elective,Pneumonia,8,3,2,2,8.5,2.72,126,1
PAT-10918,80,Male,Emergency,Type 2 Diabetes,1,1,4,0,8.4,2.37,130,0
PAT-10919,36,Female,Emergency,Ischemic Stroke,7,4,11,0,6.1,1.15,130,1
PAT-10920,85,Male,Urgent,COPD Exacerbation,4,1,13,2,7.5,0.94,94,0
PAT-10921,64,Male,Elective,Acute Myocardial Infarction,4,3,6,2,5.3,2.58,99,1
PAT-10922,87,Female,Emergency,Pneumonia,8,0,12,1,8.8,1.05,124,0
PAT-10923,82,Female,Emergency,Acute Myocardial Infarction,3,1,7,1,8.7,1.33,118,0
PAT-10924,60,Male,Urgent,Acute Myocardial Infarction,7,4,7,1,7.1,0.92,156,1
PAT-10925,21,Female,Urgent,COPD Exacerbation,3,4,8,2,6.7,1.56,117,1
PAT-10926,48,Male,Emergency,Ischemic Stroke,11,7,8,0,8.2,1.63,109,1
PAT-10927,67,Female,Emergency,Pneumonia,6,5,9,2,4.4,0.52,150,1
PAT-10928,73,Male,Emergency,Acute Myocardial Infarction,8,3,7,2,6.8,0.67,93,1
PAT-10929,47,Male,Emergency,Sepsis,10,1,10,0,6.8,1.66,156,0
PAT-10930,36,Male,Elective,Type 2 Diabetes,2,3,5,1,6.3,2.53,111,0
PAT-10931,84,Female,Elective,Pneumonia,4,5,8,1,8.8,2.62,124,0
PAT-10932,91,Female,Elective,Ischemic Stroke,8,3,5,0,7.0,0.86,131,0
PAT-10933,66,Male,Elective,Heart Failure,4,5,8,1,6.5,2.34,123,1
PAT-10934,40,Female,Emergency,Type 2 Diabetes,6,4,8,0,3.5,0.88,137,0
PAT-10935,49,Female,Emergency,Pneumonia,5,6,10,2,7.7,1.5,121,1
PAT-10936,21,Male,Emergency,Heart Failure,3,3,9,2,6.6,0.85,151,1
PAT-10937,87,Female,Emergency,Total Hip Arthroplasty,1,3,7,1,6.9,2.07,133,0
PAT-10938,34,Female,Emergency,Type 2 Diabetes,3,4,8,0,7.8,3.84,146,0
PAT-10939,70,Female,Elective,Type 2 Diabetes,2,1,5,0,5.4,4.05,122,0
PAT-10940,49,Male,Elective,Sepsis,9,3,10,0,6.8,0.62,128,1
PAT-10941,68,Male,Elective,Type 2 Diabetes,5,2,5,0,6.6,3.32,140,0
PAT-10942,74,Female,Elective,COPD Exacerbation,4,2,4,1,7.6,1.74,131,0
PAT-10943,83,Female,Elective,Sepsis,11,3,4,1,5.9,0.88,104,1
PAT-10944,43,Female,Elective,Sepsis,7,1,8,1,6.4,1.44,160,0
PAT-10945,19,Male,Emergency,Sepsis,4,3,4,0,8.9,0.74,139,1
PAT-10946,36,Female,Urgent,Heart Failure,7,3,6,0,5.8,3.89,163,1
PAT-10947,87,Male,Emergency,Heart Failure,4,0,4,0,8.6,1.89,120,0
PAT-10948,86,Female,Emergency,Type 2 Diabetes,6,5,9,0,8.6,3.31,102,0
PAT-10949,71,Male,Emergency,Heart Failure,6,3,9,0,11.9,0.57,146,1
PAT-10950,71,Female,Urgent,Pneumonia,7,1,5,2,8.1,2.59,165,1
PAT-10951,75,Male,Urgent,Pneumonia,7,3,15,0,7.4,1.27,111,0
PAT-10952,40,Female,Elective,COPD Exacerbation,2,1,13,2,8.7,0.69,118,0
PAT-10953,87,Female,Elective,Type 2 Diabetes,8,1,6,0,6.6,0.55,144,0
PAT-10954,60,Male,Emergency,Pneumonia,8,2,12,2,7.6,1.26,134,1
PAT-10955,57,Male,Urgent,Type 2 Diabetes,5,3,11,2,6.0,8.64,127,0
PAT-10956,66,Female,Elective,Heart Failure,3,3,8,1,10.0,1.67,136,1
PAT-10957,25,Male,Urgent,COPD Exacerbation,1,2,7,0,5.6,0.7,128,0
PAT-10958,39,Male,Emergency,Acute Myocardial Infarction,5,4,7,1,7.9,0.53,155,0
PAT-10959,79,Male,Emergency,Sepsis,5,3,7,1,7.5,1.18,121,1
PAT-10960,30,Female,Elective,Total Hip Arthroplasty,2,3,10,0,5.7,1.94,144,0
PAT-10961,71,Male,Emergency,Acute Myocardial Infarction,2,1,7,1,5.8,0.94,105,0
PAT-10962,46,Female,Urgent,Acute Myocardial Infarction,2,5,7,0,5.5,0.58,125,0
PAT-10963,57,Female,Emergency,Heart Failure,2,1,11,1,6.0,1.02,106,0
PAT-10964,50,Male,Urgent,Heart Failure,5,2,10,1,7.1,1.19,147,0
PAT-10965,55,Female,Emergency,Sepsis,11,3,7,0,7.6,1.41,143,1
PAT-10966,78,Female,Elective,Type 2 Diabetes,5,1,4,0,7.4,1.12,155,0
PAT-10967,51,Male,Emergency,Type 2 Diabetes,4,2,6,0,7.5,0.63,163,0
PAT-10968,69,Male,Elective,Heart Failure,6,2,9,0,8.5,0.63,121,1
PAT-10969,63,Female,Emergency,Heart Failure,7,1,11,0,7.3,1.14,122,1
PAT-10970,75,Female,Urgent,Acute Myocardial Infarction,6,4,9,1,8.2,0.58,93,1
PAT-10971,89,Male,Elective,Type 2 Diabetes,1,1,9,2,7.9,0.96,131,1
PAT-10972,78,Female,Emergency,Pneumonia,9,5,5,1,7.9,0.78,146,1
PAT-10973,44,Male,Urgent,Heart Failure,6,1,10,0,8.1,0.62,116,0
PAT-10974,23,Male,Emergency,Acute Myocardial Infarction,2,2,8,2,7.4,0.91,116,0
PAT-10975,48,Female,Emergency,Acute Myocardial Infarction,1,4,6,0,5.3,2.48,116,0
PAT-10976,71,Male,Emergency,Type 2 Diabetes,5,2,7,3,8.3,2.04,129,1
PAT-10977,26,Male,Urgent,Sepsis,8,5,6,0,9.3,0.93,155,1
PAT-10978,65,Female,Emergency,Type 2 Diabetes,3,1,4,0,5.6,0.69,146,0
PAT-10979,71,Male,Emergency,Acute Myocardial Infarction,5,1,7,0,8.3,0.89,159,0
PAT-10980,53,Male,Urgent,Acute Myocardial Infarction,6,3,8,3,7.1,1.89,108,1
PAT-10981,80,Male,Elective,Ischemic Stroke,12,1,6,0,7.6,0.98,119,0
PAT-10982,33,Male,Emergency,Type 2 Diabetes,3,2,11,0,8.7,1.3,139,0
PAT-10983,29,Female,Elective,Heart Failure,5,2,5,0,8.4,4.15,116,0
PAT-10984,78,Female,Urgent,Type 2 Diabetes,3,1,7,0,6.2,1.34,132,0
PAT-10985,65,Female,Emergency,Heart Failure,4,3,6,0,6.0,0.94,141,0
PAT-10986,76,Female,Elective,Heart Failure,5,3,8,2,6.3,0.5,142,0
PAT-10987,61,Female,Emergency,Type 2 Diabetes,6,2,7,0,6.5,1.17,130,0
PAT-10988,46,Male,Elective,Pneumonia,7,1,9,2,7.2,1.85,114,0
PAT-10989,83,Male,Emergency,Total Hip Arthroplasty,8,0,12,2,6.7,0.97,112,0
PAT-10990,82,Male,Elective,Heart Failure,3,1,9,0,6.5,1.15,119,0
PAT-10991,76,Male,Emergency,Ischemic Stroke,5,2,10,1,6.2,2.14,157,0
PAT-10992,49,Male,Elective,Sepsis,10,4,3,0,7.3,2.82,158,0
PAT-10993,70,Female,Emergency,Total Hip Arthroplasty,6,4,9,2,5.8,2.48,159,1
PAT-10994,55,Male,Emergency,Total Hip Arthroplasty,3,2,13,0,8.1,1.12,126,0
PAT-10995,31,Female,Emergency,Acute Myocardial Infarction,1,3,8,0,7.3,0.89,92,0
PAT-10996,88,Male,Elective,Sepsis,8,0,8,3,4.8,1.41,127,1
PAT-10997,36,Male,Emergency,Pneumonia,6,3,8,1,7.7,1.07,122,0
PAT-10998,89,Female,Emergency,Pneumonia,5,2,7,0,8.0,0.65,151,1
PAT-10999,61,Male,Emergency,Total Hip Arthroplasty,3,3,7,2,8.8,1.28,156,1
PAT-11000,41,Male,Elective,Type 2 Diabetes,7,1,7,2,6.0,0.99,104,0
PAT-11001,67,Female,Emergency,Heart Failure,8,2,9,0,5.7,0.79,126,0
PAT-11002,85,Male,Elective,Acute Myocardial Infarction,7,3,5,0,7.9,0.75,160,1
PAT-11003,78,Female,Emergency,COPD Exacerbation,5,4,7,1,6.6,2.03,121,0
PAT-11004,82,Female,Emergency,Sepsis,8,3,6,1,7.6,1.36,134,1
PAT-11005,74,Male,Emergency,Heart Failure,7,1,7,0,8.2,2.41,148,0
PAT-11006,76,Male,Urgent,COPD Exacerbation,5,3,9,0,7.0,6.65,146,0
PAT-11007,84,Male,Emergency,Type 2 Diabetes,5,1,6,1,7.3,3.57,141,0
PAT-11008,47,Male,Emergency,Total Hip Arthroplasty,1,6,8,0,5.7,0.8,125,0
PAT-11009,64,Female,Emergency,Heart Failure,4,4,7,1,7.6,2.51,144,1
PAT-11010,44,Female,Elective,Sepsis,9,3,10,0,7.7,1.42,110,1
PAT-11011,91,Male,Emergency,Heart Failure,4,1,10,1,6.4,1.7,163,0
PAT-11012,89,Male,Elective,Heart Failure,7,1,6,1,7.3,2.14,142,0
PAT-11013,24,Female,Emergency,Type 2 Diabetes,3,2,7,1,7.6,0.64,127,0
PAT-11014,77,Male,Emergency,Type 2 Diabetes,5,1,5,1,7.9,1.16,130,0
PAT-11015,88,Male,Emergency,COPD Exacerbation,7,1,8,0,5.7,0.91,107,1
PAT-11016,41,Male,Elective,Heart Failure,6,7,6,1,5.8,2.75,137,1
PAT-11017,69,Male,Elective,Pneumonia,5,3,8,0,5.7,0.99,128,0
PAT-11018,88,Female,Emergency,Type 2 Diabetes,2,3,11,1,6.4,4.56,154,1
PAT-11019,23,Male,Urgent,Sepsis,5,2,9,1,2.9,0.75,136,1
PAT-11020,76,Male,Emergency,Heart Failure,7,3,7,1,8.3,1.38,129,1
PAT-11021,51,Female,Elective,Type 2 Diabetes,1,2,5,0,8.0,1.64,154,0
PAT-11022,88,Male,Emergency,COPD Exacerbation,4,3,9,1,5.4,1.72,133,1
PAT-11023,90,Female,Emergency,Total Hip Arthroplasty,2,1,8,1,6.6,0.84,135,0
PAT-11024,89,Female,Elective,Sepsis,6,1,9,2,7.9,1.19,127,0
PAT-11025,63,Male,Elective,Total Hip Arthroplasty,1,4,8,4,8.1,0.51,123,1
PAT-11026,85,Female,Emergency,Heart Failure,8,1,16,2,7.0,1.29,124,1
PAT-11027,84,Female,Elective,Sepsis,8,2,7,2,9.2,0.81,134,0
PAT-11028,52,Male,Emergency,Acute Myocardial Infarction,1,5,9,0,8.3,4.34,172,1
PAT-11029,83,Female,Elective,Total Hip Arthroplasty,3,2,9,1,8.1,0.56,124,1
PAT-11030,24,Female,Emergency,Type 2 Diabetes,3,1,6,0,8.9,0.84,123,0
PAT-11031,71,Female,Elective,Total Hip Arthroplasty,1,3,8,1,6.3,3.83,128,1
PAT-11032,45,Female,Emergency,Pneumonia,7,3,12,0,5.6,0.79,144,0
PAT-11033,34,Male,Emergency,COPD Exacerbation,1,3,11,1,6.3,0.8,123,1
PAT-11034,29,Male,Emergency,Pneumonia,4,1,7,0,5.8,1.22,140,0
PAT-11035,76,Male,Emergency,Pneumonia,6,1,8,1,7.3,1.33,128,0
PAT-11036,54,Male,Emergency,COPD Exacerbation,3,1,13,0,6.2,1.25,124,0
PAT-11037,78,Female,Emergency,Type 2 Diabetes,4,2,8,4,7.4,1.43,133,1
PAT-11038,28,Male,Elective,Sepsis,9,3,13,0,7.7,2.82,121,1
PAT-11039,52,Male,Emergency,COPD Exacerbation,4,1,8,3,6.3,1.92,133,0
PAT-11040,67,Male,Elective,Acute Myocardial Infarction,3,4,7,0,7.2,0.98,126,1
PAT-11041,81,Male,Emergency,Type 2 Diabetes,5,0,8,3,6.1,1.34,139,1
PAT-11042,52,Male,Urgent,Ischemic Stroke,7,5,6,0,7.8,1.3,124,0
PAT-11043,72,Male,Urgent,COPD Exacerbation,4,2,11,1,4.9,0.79,171,0
PAT-11044,86,Female,Urgent,Heart Failure,6,2,14,1,7.6,0.58,92,0
PAT-11045,72,Male,Elective,Acute Myocardial Infarction,3,5,5,0,6.7,2.37,149,0
PAT-11046,45,Female,Emergency,Heart Failure,3,3,8,2,6.1,3.43,120,1
PAT-11047,22,Female,Elective,Heart Failure,5,1,11,0,5.6,0.51,132,0
PAT-11048,85,Female,Urgent,Pneumonia,8,1,8,0,6.0,0.57,134,1
PAT-11049,21,Female,Emergency,COPD Exacerbation,5,3,12,1,10.0,0.56,141,1
PAT-11050,86,Female,Emergency,Heart Failure,7,2,15,1,6.6,2.74,149,1
PAT-11051,67,Female,Emergency,Type 2 Diabetes,2,0,5,2,7.0,1.24,123,0
PAT-11052,89,Male,Emergency,Ischemic Stroke,10,6,11,1,7.1,1.26,125,1
PAT-11053,82,Male,Emergency,Type 2 Diabetes,4,1,8,0,7.6,1.13,116,0
PAT-11054,91,Male,Emergency,Heart Failure,8,3,8,0,6.9,1.29,159,0
PAT-11055,55,Female,Emergency,Ischemic Stroke,6,4,5,2,7.4,0.61,113,0
PAT-11056,80,Male,Urgent,Type 2 Diabetes,5,4,8,1,8.7,3.19,145,1
PAT-11057,58,Male,Emergency,Acute Myocardial Infarction,5,5,7,0,8.1,1.86,114,0
PAT-11058,64,Female,Elective,Type 2 Diabetes,5,3,14,0,10.8,3.48,134,0
PAT-11059,73,Male,Emergency,COPD Exacerbation,2,0,6,0,7.4,0.52,110,1
PAT-11060,86,Male,Emergency,Pneumonia,4,2,13,1,6.0,1.73,111,0
PAT-11061,91,Female,Emergency,Ischemic Stroke,9,0,9,0,7.4,2.31,167,0
PAT-11062,80,Male,Emergency,Pneumonia,8,3,6,2,5.7,2.56,144,0
PAT-11063,59,Male,Emergency,COPD Exacerbation,3,3,13,2,8.5,0.96,124,0
PAT-11064,60,Female,Elective,Ischemic Stroke,7,1,8,2,7.0,0.92,150,1
PAT-11065,79,Female,Elective,Ischemic Stroke,5,4,3,2,7.7,2.83,156,0
PAT-11066,46,Female,Elective,Heart Failure,11,6,14,0,5.3,1.39,151,1
PAT-11067,33,Female,Emergency,Sepsis,10,1,9,0,5.8,1.34,129,0
PAT-11068,55,Female,Emergency,Pneumonia,7,3,14,0,5.0,0.74,121,1
PAT-11069,50,Male,Elective,COPD Exacerbation,5,3,10,0,8.4,0.55,141,1
PAT-11070,51,Female,Emergency,Type 2 Diabetes,2,2,11,1,6.2,1.82,117,0
PAT-11071,45,Male,Emergency,Pneumonia,3,6,5,0,6.9,0.57,116,1
PAT-11072,24,Female,Emergency,Heart Failure,3,2,4,1,9.2,0.98,156,0
PAT-11073,21,Female,Emergency,COPD Exacerbation,2,3,12,1,6.6,2.86,102,0
PAT-11074,91,Female,Emergency,COPD Exacerbation,4,1,9,0,8.2,3.16,163,1
PAT-11075,60,Male,Emergency,Heart Failure,2,4,9,1,6.7,0.98,127,0
PAT-11076,57,Female,Emergency,COPD Exacerbation,5,2,9,1,8.5,1.06,154,0
PAT-11077,75,Female,Elective,Ischemic Stroke,7,3,7,1,6.6,1.46,138,0
PAT-11078,44,Female,Emergency,Acute Myocardial Infarction,5,2,8,1,8.7,4.94,138,0
PAT-11079,89,Male,Emergency,Pneumonia,8,3,4,0,8.8,1.16,142,1
PAT-11080,81,Male,Urgent,Total Hip Arthroplasty,4,3,9,1,5.2,2.21,126,0
PAT-11081,31,Female,Elective,COPD Exacerbation,9,3,8,3,8.0,1.16,136,1
PAT-11082,59,Female,Emergency,Heart Failure,7,4,11,0,8.9,0.62,117,1
PAT-11083,86,Male,Urgent,COPD Exacerbation,3,1,9,2,6.6,1.58,153,0
PAT-11084,89,Male,Emergency,Heart Failure,7,3,6,2,6.1,0.91,108,1
PAT-11085,63,Female,Emergency,Acute Myocardial Infarction,4,2,7,1,5.1,1.49,156,0
PAT-11086,72,Male,Urgent,Ischemic Stroke,4,4,9,1,7.5,0.83,122,1
PAT-11087,39,Male,Urgent,Type 2 Diabetes,1,1,5,0,6.8,1.03,166,0
PAT-11088,91,Female,Emergency,Pneumonia,8,1,20,1,6.9,1.3,149,1
PAT-11089,45,Male,Elective,Pneumonia,7,0,10,5,6.9,0.96,126,1
PAT-11090,89,Male,Elective,Type 2 Diabetes,3,3,8,1,7.8,3.86,121,0
PAT-11091,74,Male,Emergency,Sepsis,11,4,4,4,7.9,1.42,113,1
PAT-11092,71,Female,Emergency,COPD Exacerbation,6,3,12,0,10.4,3.75,141,1
PAT-11093,66,Female,Emergency,Heart Failure,8,3,8,2,8.1,0.65,162,0
PAT-11094,45,Female,Urgent,Sepsis,10,2,11,1,9.0,0.96,118,1
PAT-11095,40,Female,Emergency,Heart Failure,4,1,13,1,7.1,1.29,108,0
PAT-11096,44,Male,Elective,Ischemic Stroke,9,0,11,2,7.7,2.86,150,0
PAT-11097,41,Male,Emergency,Type 2 Diabetes,1,1,6,3,6.9,1.14,141,0
PAT-11098,81,Male,Emergency,COPD Exacerbation,10,5,8,2,6.3,1.83,145,0
PAT-11099,55,Male,Elective,Heart Failure,3,3,9,1,7.8,1.56,127,0
PAT-11100,27,Female,Elective,Type 2 Diabetes,2,0,3,2,7.4,0.51,156,0
PAT-11101,90,Male,Emergency,Sepsis,9,1,7,2,4.7,1.65,98,1
PAT-11102,86,Male,Emergency,Pneumonia,6,3,6,3,8.7,1.45,142,1
PAT-11103,88,Female,Elective,Total Hip Arthroplasty,10,1,8,2,5.0,0.92,139,1
PAT-11104,91,Male,Emergency,COPD Exacerbation,5,0,10,2,6.9,1.33,134,1
PAT-11105,40,Female,Emergency,Total Hip Arthroplasty,4,3,11,1,6.7,0.57,100,0
PAT-11106,58,Male,Elective,Ischemic Stroke,6,5,7,0,6.2,0.59,143,1
PAT-11107,80,Male,Emergency,Pneumonia,9,3,15,0,6.0,1.99,156,1
PAT-11108,76,Female,Emergency,COPD Exacerbation,4,1,13,1,7.2,2.58,126,0
PAT-11109,38,Male,Emergency,Sepsis,8,2,10,1,7.2,1.31,138,0
PAT-11110,83,Male,Urgent,Type 2 Diabetes,6,5,6,1,6.9,1.44,135,0
PAT-11111,45,Female,Emergency,Sepsis,7,1,8,1,5.2,0.54,149,0
PAT-11112,44,Female,Elective,COPD Exacerbation,10,3,4,0,6.4,0.94,127,0
PAT-11113,67,Female,Emergency,Acute Myocardial Infarction,6,1,12,1,6.6,5.72,133,1
PAT-11114,71,Male,Emergency,Heart Failure,5,6,9,1,6.2,1.89,110,1
PAT-11115,70,Male,Emergency,Acute Myocardial Infarction,3,3,5,0,8.4,0.73,104,0
PAT-11116,31,Male,Emergency,Type 2 Diabetes,3,2,7,0,5.1,3.44,122,0
PAT-11117,86,Male,Elective,Sepsis,7,6,8,0,6.5,1.86,115,0
PAT-11118,48,Male,Emergency,Pneumonia,9,2,12,2,5.2,1.94,139,1
PAT-11119,35,Female,Elective,Type 2 Diabetes,4,2,3,0,5.6,1.99,107,0
PAT-11120,86,Male,Emergency,Ischemic Stroke,8,1,11,1,7.0,0.6,152,1
PAT-11121,89,Female,Emergency,Acute Myocardial Infarction,8,1,7,0,8.3,1.74,145,0
PAT-11122,85,Female,Emergency,Ischemic Stroke,6,3,7,0,9.1,0.86,165,0
PAT-11123,82,Male,Elective,Type 2 Diabetes,2,1,6,0,6.3,2.39,125,0
PAT-11124,74,Female,Elective,COPD Exacerbation,5,4,5,2,4.3,1.32,141,0
PAT-11125,68,Male,Elective,COPD Exacerbation,5,2,6,2,8.3,0.79,153,1
PAT-11126,30,Male,Emergency,Acute Myocardial Infarction,4,2,8,1,8.9,1.98,151,0
PAT-11127,59,Female,Elective,Heart Failure,2,3,8,0,5.4,0.88,134,1
PAT-11128,56,Female,Emergency,Type 2 Diabetes,3,2,5,1,7.7,1.69,141,0
PAT-11129,48,Male,Elective,Total Hip Arthroplasty,1,2,7,0,7.3,1.31,172,0
PAT-11130,78,Male,Urgent,Pneumonia,4,2,3,1,5.8,1.26,99,0
PAT-11131,65,Female,Emergency,Ischemic Stroke,8,4,5,1,3.8,1.98,151,0
PAT-11132,30,Female,Emergency,Type 2 Diabetes,4,6,4,0,6.0,1.99,93,0
PAT-11133,44,Male,Elective,Ischemic Stroke,4,1,9,0,5.8,1.43,157,1
PAT-11134,76,Male,Elective,Acute Myocardial Infarction,4,0,9,0,5.0,0.66,165,0
PAT-11135,29,Female,Emergency,Acute Myocardial Infarction,3,2,11,0,7.1,1.08,127,0
PAT-11136,84,Female,Urgent,Pneumonia,9,2,8,1,4.9,4.54,156,0
PAT-11137,65,Male,Elective,Total Hip Arthroplasty,6,5,9,0,7.7,0.78,148,1
PAT-11138,64,Male,Emergency,COPD Exacerbation,5,2,4,0,10.6,0.8,165,0
PAT-11139,70,Male,Emergency,Acute Myocardial Infarction,4,3,7,2,7.8,0.81,143,1
PAT-11140,83,Male,Elective,Heart Failure,3,5,9,0,10.1,0.82,161,0
PAT-11141,54,Male,Emergency,COPD Exacerbation,5,0,12,0,9.1,1.05,143,0
PAT-11142,75,Female,Emergency,Total Hip Arthroplasty,8,4,7,1,5.9,3.3,134,1
PAT-11143,69,Male,Emergency,Heart Failure,8,4,7,1,7.8,0.63,146,1
PAT-11144,48,Female,Elective,Acute Myocardial Infarction,4,2,5,1,8.3,3.36,121,0
PAT-11145,86,Male,Elective,Heart Failure,7,5,4,0,5.4,0.78,153,1
PAT-11146,82,Female,Emergency,Total Hip Arthroplasty,3,0,10,1,5.5,1.24,116,0
PAT-11147,74,Female,Elective,Ischemic Stroke,7,2,14,2,8.6,2.51,142,1
PAT-11148,84,Male,Urgent,Type 2 Diabetes,5,1,6,1,3.9,2.01,108,0
PAT-11149,85,Male,Emergency,Heart Failure,6,2,10,1,8.0,5.12,105,1
PAT-11150,77,Female,Elective,COPD Exacerbation,8,3,11,1,7.5,0.82,145,1
PAT-11151,84,Male,Urgent,Heart Failure,8,2,10,0,9.2,0.82,102,0
PAT-11152,76,Female,Elective,Pneumonia,8,5,11,0,9.1,1.92,135,0
PAT-11153,75,Female,Elective,Type 2 Diabetes,2,1,6,2,6.8,4.76,70,0
PAT-11154,72,Male,Emergency,Pneumonia,5,1,6,2,5.1,5.56,150,0
PAT-11155,79,Female,Emergency,Heart Failure,4,3,12,3,7.7,0.67,116,1
PAT-11156,38,Male,Emergency,Heart Failure,5,5,9,1,6.6,4.69,139,1
PAT-11157,86,Female,Elective,Heart Failure,2,2,16,0,5.3,0.54,138,1
PAT-11158,85,Male,Urgent,COPD Exacerbation,6,2,11,0,6.9,0.72,147,0
PAT-11159,22,Male,Emergency,COPD Exacerbation,6,2,7,0,7.0,1.63,135,0
PAT-11160,83,Female,Emergency,Type 2 Diabetes,6,3,9,0,5.5,1.19,137,0
PAT-11161,35,Female,Emergency,COPD Exacerbation,3,4,10,1,6.1,1.61,114,0
PAT-11162,54,Male,Elective,Total Hip Arthroplasty,1,1,8,0,8.3,0.81,99,1
PAT-11163,79,Male,Emergency,Type 2 Diabetes,6,2,6,0,7.4,1.28,167,1
PAT-11164,39,Female,Elective,Sepsis,8,1,8,0,4.3,1.93,118,0
PAT-11165,83,Male,Emergency,COPD Exacerbation,5,2,7,0,9.9,0.72,133,0
PAT-11166,83,Female,Emergency,Heart Failure,5,2,4,1,6.4,3.54,126,0
PAT-11167,65,Female,Emergency,Type 2 Diabetes,4,3,13,0,7.8,2.34,164,1
PAT-11168,19,Female,Urgent,Pneumonia,4,0,6,1,9.3,2.02,141,0
PAT-11169,50,Female,Elective,Acute Myocardial Infarction,6,3,9,0,6.7,1.77,144,0
PAT-11170,72,Male,Urgent,Type 2 Diabetes,7,10,12,0,8.2,0.7,117,1
PAT-11171,91,Male,Emergency,Ischemic Stroke,5,3,9,1,5.4,3.13,150,1
PAT-11172,73,Male,Emergency,Acute Myocardial Infarction,2,3,5,2,3.6,1.37,152,0
PAT-11173,48,Male,Emergency,Type 2 Diabetes,6,0,7,0,8.0,0.62,142,0
PAT-11174,73,Male,Urgent,Heart Failure,6,2,4,0,7.7,3.41,112,0
PAT-11175,67,Male,Elective,Heart Failure,3,5,3,0,6.8,1.64,135,0
PAT-11176,81,Male,Emergency,Pneumonia,9,2,4,2,5.7,2.36,144,1
PAT-11177,33,Male,Elective,Pneumonia,6,4,6,2,6.1,1.37,140,0
PAT-11178,80,Male,Emergency,Acute Myocardial Infarction,10,1,9,2,4.6,2.48,130,1
PAT-11179,67,Female,Emergency,Acute Myocardial Infarction,4,2,5,3,5.3,2.65,113,0
PAT-11180,90,Male,Emergency,Type 2 Diabetes,7,5,5,0,5.5,1.41,136,1
PAT-11181,54,Male,Elective,COPD Exacerbation,2,1,10,2,5.7,1.22,109,0
PAT-11182,73,Male,Emergency,Heart Failure,8,2,12,0,6.6,1.42,122,1
PAT-11183,88,Male,Emergency,Pneumonia,9,1,9,2,10.1,0.6,111,1
PAT-11184,32,Male,Emergency,Acute Myocardial Infarction,6,3,5,0,6.7,3.22,128,0
PAT-11185,89,Male,Emergency,Pneumonia,9,2,9,0,4.7,2.54,126,0
PAT-11186,76,Female,Emergency,Sepsis,9,4,7,0,6.5,1.76,125,0
PAT-11187,28,Male,Emergency,Ischemic Stroke,3,1,12,1,6.2,1.58,106,0
PAT-11188,51,Female,Emergency,COPD Exacerbation,3,5,9,1,8.0,0.56,159,0
PAT-11189,77,Male,Urgent,Heart Failure,2,1,7,0,8.6,0.51,123,0
PAT-11190,28,Male,Emergency,Type 2 Diabetes,1,2,5,0,8.4,0.89,124,0
PAT-11191,70,Female,Emergency,Heart Failure,6,1,4,1,7.6,3.69,108,1
PAT-11192,54,Female,Emergency,COPD Exacerbation,4,1,9,0,6.7,2.26,112,0
PAT-11193,72,Male,Emergency,Sepsis,9,5,7,1,7.5,1.24,139,1
PAT-11194,25,Female,Elective,COPD Exacerbation,2,2,9,1,6.8,1.43,160,0
PAT-11195,85,Female,Emergency,Sepsis,6,2,8,0,6.7,2.18,139,0
PAT-11196,90,Male,Urgent,Sepsis,10,0,8,1,8.5,0.72,132,1
PAT-11197,90,Female,Elective,Sepsis,11,3,9,0,7.1,1.48,145,1
PAT-11198,79,Female,Elective,Type 2 Diabetes,2,0,3,0,7.7,1.17,127,0
PAT-11199,35,Male,Emergency,Total Hip Arthroplasty,1,1,9,2,5.5,3.0,128,0
PAT-11200,80,Female,Emergency,COPD Exacerbation,9,5,9,0,9.8,1.12,145,1
PAT-11201,22,Female,Elective,Type 2 Diabetes,4,4,7,1,7.1,1.22,128,1
PAT-11202,21,Male,Urgent,Ischemic Stroke,2,1,9,2,7.5,2.13,162,1
PAT-11203,53,Male,Elective,Ischemic Stroke,6,4,9,0,6.1,0.67,123,0
PAT-11204,64,Male,Emergency,COPD Exacerbation,8,0,8,0,6.4,1.14,123,0
PAT-11205,80,Male,Emergency,Sepsis,9,3,5,0,9.5,5.35,110,0
PAT-11206,76,Male,Elective,Type 2 Diabetes,4,1,13,2,5.2,0.55,133,1
PAT-11207,61,Female,Elective,Pneumonia,8,4,6,2,7.1,4.38,166,1
PAT-11208,49,Female,Emergency,Heart Failure,7,1,10,3,7.2,0.98,162,1
PAT-11209,91,Female,Emergency,Pneumonia,9,6,11,1,5.6,0.59,140,1
PAT-11210,60,Female,Emergency,Pneumonia,5,3,10,0,7.9,3.05,135,0
PAT-11211,62,Male,Elective,Type 2 Diabetes,5,2,5,1,5.9,1.55,105,0
PAT-11212,39,Male,Elective,Acute Myocardial Infarction,7,1,7,3,9.7,1.24,143,0
PAT-11213,82,Female,Elective,Heart Failure,6,1,12,0,7.6,2.9,119,1
PAT-11214,76,Male,Elective,Heart Failure,5,0,11,1,7.1,1.6,145,1
PAT-11215,44,Female,Emergency,Pneumonia,8,3,3,0,3.9,3.48,149,0
PAT-11216,30,Female,Elective,Pneumonia,9,2,6,1,4.7,0.78,189,1
PAT-11217,75,Male,Urgent,Type 2 Diabetes,9,1,8,2,9.0,1.02,127,0
PAT-11218,74,Female,Urgent,Type 2 Diabetes,4,6,8,0,6.6,0.79,143,1
PAT-11219,49,Female,Urgent,Type 2 Diabetes,3,2,12,0,6.8,3.38,143,0
PAT-11220,89,Female,Emergency,Heart Failure,4,2,10,1,6.7,1.48,127,1
PAT-11221,38,Female,Elective,Pneumonia,5,3,5,0,6.8,2.3,143,0
PAT-11222,60,Male,Elective,Total Hip Arthroplasty,1,1,7,1,9.4,1.72,135,0
PAT-11223,89,Male,Elective,Type 2 Diabetes,4,2,6,0,6.1,1.01,142,1
PAT-11224,60,Female,Emergency,Acute Myocardial Infarction,6,1,3,2,4.8,1.4,117,1
PAT-11225,73,Female,Urgent,Heart Failure,6,3,6,0,10.4,1.29,106,1
PAT-11226,58,Male,Emergency,Type 2 Diabetes,1,3,11,0,7.6,1.26,126,0
PAT-11227,49,Male,Emergency,Type 2 Diabetes,6,2,15,3,6.7,2.62,128,1
PAT-11228,91,Female,Emergency,Total Hip Arthroplasty,2,3,8,1,9.7,3.1,127,0
PAT-11229,59,Female,Elective,Pneumonia,4,4,8,2,9.1,0.7,115,0
PAT-11230,86,Male,Emergency,Acute Myocardial Infarction,3,3,8,0,4.8,0.83,146,1
PAT-11231,45,Male,Emergency,COPD Exacerbation,3,2,5,1,8.4,0.93,131,0
PAT-11232,44,Female,Elective,Heart Failure,3,3,15,0,7.9,0.55,163,1
PAT-11233,23,Male,Elective,Total Hip Arthroplasty,1,1,12,1,5.7,0.75,125,0
PAT-11234,74,Female,Elective,Type 2 Diabetes,1,0,11,0,3.6,7.13,151,0
PAT-11235,56,Female,Emergency,Heart Failure,5,1,12,0,6.9,0.68,156,0
PAT-11236,85,Male,Elective,Type 2 Diabetes,5,1,10,1,6.4,2.88,121,1
PAT-11237,63,Male,Emergency,Type 2 Diabetes,8,3,7,2,7.6,3.91,140,1
PAT-11238,90,Female,Emergency,Heart Failure,7,0,5,1,6.0,2.29,140,1
PAT-11239,41,Female,Emergency,COPD Exacerbation,3,3,5,3,6.6,2.4,106,0
PAT-11240,85,Female,Elective,Type 2 Diabetes,2,5,5,3,9.7,0.85,147,1
PAT-11241,81,Male,Emergency,COPD Exacerbation,5,2,10,0,6.7,0.55,137,0
PAT-11242,80,Female,Emergency,Heart Failure,7,1,8,1,9.1,2.63,119,1
PAT-11243,84,Female,Emergency,Ischemic Stroke,7,2,6,3,5.2,0.65,124,0
PAT-11244,80,Female,Emergency,Heart Failure,6,3,4,0,9.2,4.28,132,1
PAT-11245,72,Male,Urgent,COPD Exacerbation,9,5,7,0,6.9,1.12,143,1
PAT-11246,35,Female,Urgent,Acute Myocardial Infarction,3,2,8,1,4.6,1.97,129,0
PAT-11247,23,Female,Emergency,Heart Failure,1,4,6,1,8.5,0.5,109,0
PAT-11248,88,Female,Emergency,Heart Failure,8,6,8,1,6.8,0.72,137,1
PAT-11249,72,Male,Emergency,Heart Failure,6,1,2,0,6.7,0.72,127,0
PAT-11250,82,Male,Elective,Type 2 Diabetes,1,3,7,0,4.9,0.59,133,0
PAT-11251,64,Male,Emergency,Heart Failure,6,3,8,1,6.3,0.5,136,1
PAT-11252,34,Male,Emergency,Acute Myocardial Infarction,1,1,13,2,8.7,0.72,159,0
PAT-11253,35,Male,Emergency,Pneumonia,6,3,12,0,6.4,2.1,106,1
PAT-11254,76,Female,Emergency,COPD Exacerbation,9,3,0,0,5.2,0.72,154,1
PAT-11255,60,Male,Emergency,Heart Failure,5,1,5,0,6.3,2.48,149,0
PAT-11256,42,Female,Emergency,Sepsis,10,4,6,1,8.2,1.21,117,1
PAT-11257,64,Female,Emergency,Heart Failure,3,2,7,0,7.2,0.63,152,0
PAT-11258,28,Male,Emergency,Type 2 Diabetes,1,6,9,0,8.4,3.68,114,0
PAT-11259,70,Female,Urgent,Heart Failure,10,4,5,1,9.3,1.31,140,0
PAT-11260,48,Female,Emergency,Heart Failure,5,3,6,2,5.9,2.54,117,0
PAT-11261,82,Female,Emergency,COPD Exacerbation,7,2,13,2,7.1,1.55,130,1
PAT-11262,52,Male,Urgent,Acute Myocardial Infarction,6,1,8,2,6.3,0.88,143,0
PAT-11263,62,Female,Urgent,Acute Myocardial Infarction,3,2,5,2,6.3,1.93,135,1
PAT-11264,20,Male,Emergency,COPD Exacerbation,5,2,9,0,5.8,1.22,128,0
PAT-11265,29,Male,Elective,Ischemic Stroke,7,5,5,2,7.6,3.59,135,1
PAT-11266,58,Male,Emergency,Pneumonia,3,4,5,0,5.8,0.93,122,0
PAT-11267,64,Female,Elective,Pneumonia,9,0,14,0,6.3,2.31,131,1
PAT-11268,71,Male,Urgent,Type 2 Diabetes,7,1,9,1,4.7,0.82,139,0
PAT-11269,50,Female,Emergency,Heart Failure,2,0,16,1,8.6,0.95,144,0
PAT-11270,76,Female,Emergency,COPD Exacerbation,6,2,7,2,6.5,0.87,91,1
PAT-11271,85,Female,Emergency,Type 2 Diabetes,4,2,6,1,7.6,2.63,144,0
PAT-11272,81,Male,Elective,Pneumonia,10,4,5,0,9.0,2.31,105,1
PAT-11273,24,Female,Elective,Type 2 Diabetes,1,1,7,1,8.8,1.04,129,0
PAT-11274,64,Female,Elective,Sepsis,16,4,8,2,6.5,3.17,128,1
PAT-11275,33,Female,Emergency,Ischemic Stroke,5,2,9,0,6.4,1.89,94,0
PAT-11276,46,Female,Emergency,Type 2 Diabetes,5,2,10,1,6.9,0.62,165,0
PAT-11277,91,Male,Elective,Sepsis,13,0,5,3,5.9,0.71,120,1
PAT-11278,37,Male,Emergency,Total Hip Arthroplasty,2,2,5,4,8.4,1.38,119,1
PAT-11279,65,Male,Emergency,Ischemic Stroke,7,2,12,2,6.9,0.98,177,1
PAT-11280,72,Female,Emergency,Type 2 Diabetes,3,1,10,2,6.0,2.18,100,1
PAT-11281,77,Female,Elective,Acute Myocardial Infarction,3,3,8,2,8.0,1.74,130,1
PAT-11282,69,Male,Elective,Type 2 Diabetes,5,1,9,2,7.6,1.55,137,0
PAT-11283,19,Female,Elective,COPD Exacerbation,3,1,7,0,5.1,2.23,130,0
PAT-11284,53,Male,Emergency,Acute Myocardial Infarction,3,3,4,3,7.7,1.18,105,1
PAT-11285,66,Female,Urgent,Acute Myocardial Infarction,4,1,9,1,10.1,0.83,119,0
PAT-11286,31,Male,Elective,Type 2 Diabetes,4,2,7,1,7.3,0.53,137,0
PAT-11287,55,Female,Emergency,Sepsis,7,1,9,0,8.1,0.92,148,0
PAT-11288,23,Female,Emergency,Pneumonia,4,1,11,0,9.1,1.36,159,0
PAT-11289,29,Male,Emergency,Type 2 Diabetes,4,3,8,1,8.5,4.34,130,0
PAT-11290,58,Male,Urgent,COPD Exacerbation,5,5,7,1,4.9,2.93,147,1
PAT-11291,36,Female,Emergency,Sepsis,6,2,12,0,4.4,1.15,150,0
PAT-11292,69,Male,Emergency,Ischemic Stroke,7,2,11,1,8.2,0.97,153,1
PAT-11293,76,Male,Emergency,Acute Myocardial Infarction,6,6,7,2,8.7,0.61,130,1
PAT-11294,82,Female,Elective,Heart Failure,8,3,13,1,5.3,1.62,138,1
PAT-11295,42,Female,Emergency,Heart Failure,3,2,8,1,8.4,1.25,139,0
PAT-11296,39,Female,Emergency,Heart Failure,3,5,5,2,6.0,0.53,139,1
PAT-11297,33,Female,Emergency,Heart Failure,3,2,7,0,6.6,0.72,152,0
PAT-11298,73,Male,Emergency,Pneumonia,5,1,9,3,6.3,0.96,130,1
PAT-11299,77,Female,Emergency,Type 2 Diabetes,5,3,10,1,9.6,6.94,139,1
PAT-11300,23,Female,Emergency,Heart Failure,5,4,11,1,5.4,1.42,137,0
PAT-11301,89,Female,Elective,Total Hip Arthroplasty,6,1,9,0,6.1,1.07,109,0
PAT-11302,26,Male,Elective,COPD Exacerbation,3,1,7,2,7.8,1.26,130,0
PAT-11303,67,Female,Elective,Sepsis,6,3,14,0,5.9,0.66,146,1
PAT-11304,77,Female,Emergency,Type 2 Diabetes,6,2,11,1,9.4,2.01,137,1
PAT-11305,85,Female,Elective,Pneumonia,7,3,12,1,7.2,2.72,106,1
PAT-11306,77,Male,Emergency,Type 2 Diabetes,4,2,4,1,8.4,2.28,142,0
PAT-11307,82,Female,Emergency,Pneumonia,4,3,8,1,7.4,4.45,142,1
PAT-11308,54,Male,Urgent,COPD Exacerbation,4,1,6,1,7.5,2.83,138,0
PAT-11309,83,Female,Elective,Pneumonia,5,5,7,1,8.6,1.19,156,1
PAT-11310,30,Female,Emergency,Sepsis,8,3,10,2,8.0,0.54,150,0
PAT-11311,87,Female,Urgent,Total Hip Arthroplasty,3,4,3,0,8.9,0.98,122,0
PAT-11312,68,Female,Urgent,Pneumonia,5,2,8,1,6.7,0.65,145,0
PAT-11313,83,Male,Elective,Type 2 Diabetes,2,6,7,0,7.6,2.29,154,1
PAT-11314,62,Male,Elective,Ischemic Stroke,9,3,10,0,4.5,2.66,130,0
PAT-11315,73,Male,Elective,Acute Myocardial Infarction,4,2,5,0,5.5,1.08,151,0
PAT-11316,67,Male,Emergency,COPD Exacerbation,5,2,5,1,5.9,0.66,136,0
PAT-11317,78,Female,Emergency,Acute Myocardial Infarction,4,3,2,1,5.9,2.09,111,0
PAT-11318,30,Female,Elective,Heart Failure,1,1,8,1,7.6,0.99,106,0
PAT-11319,27,Male,Emergency,Heart Failure,3,2,9,0,5.5,1.3,122,0
PAT-11320,47,Male,Emergency,Heart Failure,4,1,8,1,7.2,0.52,114,1
PAT-11321,38,Male,Emergency,Heart Failure,5,0,5,2,7.1,2.32,173,1
PAT-11322,85,Female,Emergency,Pneumonia,6,0,8,2,7.1,4.16,140,1
PAT-11323,44,Female,Urgent,Heart Failure,3,2,3,0,7.3,1.42,114,0
PAT-11324,90,Male,Elective,Sepsis,7,6,6,1,7.3,0.75,144,1
PAT-11325,54,Female,Emergency,COPD Exacerbation,5,2,6,0,9.8,1.49,110,0
PAT-11326,41,Female,Urgent,Type 2 Diabetes,1,2,15,2,7.2,3.41,111,0
PAT-11327,81,Female,Urgent,Heart Failure,9,0,7,0,6.9,0.98,156,0
PAT-11328,74,Male,Emergency,COPD Exacerbation,6,5,9,0,4.9,1.93,103,1
PAT-11329,65,Female,Urgent,Heart Failure,6,4,11,2,5.2,2.56,140,1
PAT-11330,68,Male,Emergency,Acute Myocardial Infarction,4,3,5,1,9.0,0.7,118,1
PAT-11331,78,Female,Emergency,Sepsis,10,1,13,0,8.3,1.17,130,1
PAT-11332,45,Male,Emergency,COPD Exacerbation,2,3,11,0,8.4,0.52,117,0
PAT-11333,91,Male,Elective,Heart Failure,4,2,3,1,9.1,2.73,108,0
PAT-11334,90,Female,Emergency,Sepsis,10,2,4,0,7.8,1.7,99,1
PAT-11335,74,Male,Elective,Type 2 Diabetes,5,4,7,0,9.6,0.81,154,0
PAT-11336,42,Female,Elective,Type 2 Diabetes,1,2,6,1,5.6,2.87,173,0
PAT-11337,75,Female,Emergency,Pneumonia,6,2,9,3,4.8,0.57,156,1
PAT-11338,29,Male,Emergency,Total Hip Arthroplasty,5,6,16,0,6.9,0.57,152,0
PAT-11339,23,Female,Emergency,Type 2 Diabetes,3,0,9,2,7.5,0.73,123,0
PAT-11340,47,Female,Emergency,Total Hip Arthroplasty,6,1,9,0,7.7,0.86,140,0
PAT-11341,62,Female,Elective,Heart Failure,4,3,9,2,8.7,1.81,105,1
PAT-11342,85,Female,Emergency,Heart Failure,5,5,13,1,7.1,2.02,172,1
PAT-11343,78,Male,Elective,Acute Myocardial Infarction,7,3,12,1,8.2,0.62,100,1
PAT-11344,79,Female,Emergency,Heart Failure,7,1,7,2,6.9,2.86,142,0
PAT-11345,60,Male,Elective,Type 2 Diabetes,4,4,9,2,5.9,2.11,147,1
PAT-11346,54,Male,Elective,Heart Failure,2,4,6,1,7.6,1.65,137,1
PAT-11347,56,Female,Urgent,Type 2 Diabetes,6,5,8,0,8.0,0.52,136,0
PAT-11348,91,Female,Elective,Type 2 Diabetes,10,6,13,1,7.1,0.61,115,1
PAT-11349,24,Male,Emergency,Acute Myocardial Infarction,1,0,6,1,7.0,1.39,99,0
PAT-11350,85,Female,Emergency,Acute Myocardial Infarction,8,1,6,1,6.4,2.21,145,0
PAT-11351,70,Female,Elective,Ischemic Stroke,6,4,7,1,5.8,2.18,149,1
PAT-11352,61,Female,Urgent,Acute Myocardial Infarction,4,4,6,1,8.1,2.03,139,0
PAT-11353,78,Male,Emergency,Acute Myocardial Infarction,6,1,16,0,5.9,0.89,101,0
PAT-11354,64,Male,Emergency,Acute Myocardial Infarction,2,3,8,0,5.7,0.65,126,0
PAT-11355,85,Female,Emergency,Total Hip Arthroplasty,4,2,7,1,7.4,0.57,123,1
PAT-11356,87,Female,Elective,Type 2 Diabetes,2,2,8,1,5.8,1.24,85,0
PAT-11357,60,Male,Emergency,Type 2 Diabetes,5,1,10,2,7.0,1.15,128,0
PAT-11358,49,Male,Emergency,Acute Myocardial Infarction,8,3,8,1,9.1,1.55,130,1
PAT-11359,70,Male,Urgent,Type 2 Diabetes,3,3,11,0,7.1,1.52,166,0
PAT-11360,87,Male,Emergency,Total Hip Arthroplasty,4,2,8,0,5.1,2.53,140,1
PAT-11361,43,Female,Emergency,COPD Exacerbation,4,4,15,3,7.1,2.12,104,1
PAT-11362,72,Male,Emergency,Type 2 Diabetes,6,2,12,0,4.8,1.5,123,1
PAT-11363,73,Female,Emergency,Acute Myocardial Infarction,6,3,9,0,3.6,3.88,138,0
PAT-11364,78,Female,Emergency,Type 2 Diabetes,6,1,9,1,5.5,1.21,140,1
PAT-11365,36,Male,Emergency,Ischemic Stroke,5,4,10,1,9.1,3.92,162,0
PAT-11366,77,Female,Emergency,Ischemic Stroke,8,1,3,0,6.1,0.8,116,0
PAT-11367,87,Male,Elective,COPD Exacerbation,1,0,11,1,9.6,5.8,154,0
PAT-11368,40,Female,Elective,Heart Failure,6,3,11,1,8.4,1.66,121,1
PAT-11369,46,Male,Emergency,Type 2 Diabetes,1,1,8,0,9.5,0.51,104,0
PAT-11370,90,Male,Emergency,Pneumonia,7,4,5,2,3.8,0.83,113,1
PAT-11371,41,Female,Elective,Sepsis,9,1,8,0,8.3,2.32,133,1
PAT-11372,85,Male,Emergency,Heart Failure,3,2,9,1,6.7,0.71,119,1
PAT-11373,64,Female,Emergency,Heart Failure,7,3,10,0,8.3,1.48,157,1
PAT-11374,47,Male,Emergency,Heart Failure,4,4,9,0,6.7,1.58,158,0
PAT-11375,85,Female,Elective,Pneumonia,10,4,11,0,7.1,0.67,149,1
PAT-11376,61,Male,Emergency,Total Hip Arthroplasty,1,2,13,0,6.9,1.74,103,1
PAT-11377,66,Female,Elective,Heart Failure,2,1,13,2,7.3,0.64,134,1
PAT-11378,55,Female,Elective,Type 2 Diabetes,3,3,11,1,9.0,1.1,127,1
PAT-11379,71,Female,Urgent,Acute Myocardial Infarction,6,3,11,1,7.7,1.05,129,1
PAT-11380,39,Female,Emergency,Sepsis,9,1,6,0,6.9,0.8,131,0
PAT-11381,58,Male,Elective,Sepsis,6,2,5,1,5.6,0.57,135,0
PAT-11382,90,Male,Emergency,Sepsis,7,3,7,0,6.4,0.76,151,0
PAT-11383,47,Male,Emergency,Heart Failure,4,0,7,3,5.6,1.31,143,1
PAT-11384,74,Female,Emergency,Pneumonia,8,1,13,2,6.0,1.42,136,0
PAT-11385,53,Female,Emergency,Ischemic Stroke,7,1,10,1,8.4,0.52,131,1
PAT-11386,80,Female,Elective,Ischemic Stroke,11,1,12,0,7.7,2.47,90,0
PAT-11387,35,Male,Emergency,COPD Exacerbation,3,1,7,1,9.6,2.79,145,0
PAT-11388,90,Male,Emergency,Acute Myocardial Infarction,2,1,8,1,6.6,1.43,124,0
PAT-11389,62,Female,Emergency,Ischemic Stroke,9,2,6,1,7.2,4.86,113,1
PAT-11390,46,Female,Elective,Pneumonia,6,4,7,2,7.2,7.11,154,0
PAT-11391,29,Female,Emergency,Heart Failure,4,3,9,0,7.0,0.6,127,0
PAT-11392,39,Male,Elective,COPD Exacerbation,5,5,6,1,5.2,4.11,152,0
PAT-11393,66,Male,Elective,Ischemic Stroke,9,3,8,2,6.5,1.15,143,1
PAT-11394,54,Male,Elective,Acute Myocardial Infarction,4,3,8,0,8.3,1.53,106,1
PAT-11395,83,Female,Emergency,Sepsis,12,4,9,1,7.7,0.9,123,1
PAT-11396,60,Male,Elective,Pneumonia,7,4,6,2,7.5,0.82,104,1
PAT-11397,47,Male,Emergency,Heart Failure,3,0,11,2,9.1,2.71,119,1
PAT-11398,72,Female,Elective,Heart Failure,5,1,6,1,9.3,1.81,173,0
PAT-11399,77,Male,Elective,Ischemic Stroke,9,2,11,0,8.3,2.54,135,1
PAT-11400,39,Female,Emergency,Pneumonia,4,3,3,0,10.3,0.54,107,0
PAT-11401,39,Female,Elective,Heart Failure,6,2,7,2,8.2,4.39,128,0
PAT-11402,24,Male,Emergency,Ischemic Stroke,6,6,9,0,6.4,1.52,133,1
PAT-11403,79,Female,Emergency,Pneumonia,8,2,8,0,6.4,1.71,99,0
PAT-11404,75,Male,Emergency,Sepsis,12,1,4,2,7.8,0.61,128,1
PAT-11405,63,Male,Urgent,COPD Exacerbation,6,0,5,0,6.3,1.14,120,0
PAT-11406,84,Female,Elective,Heart Failure,6,3,7,0,8.5,1.29,123,1
PAT-11407,82,Male,Elective,COPD Exacerbation,6,6,8,3,3.8,2.75,140,1
PAT-11408,70,Female,Urgent,Ischemic Stroke,7,6,6,0,6.2,0.59,125,1
PAT-11409,85,Female,Emergency,Heart Failure,7,3,11,3,8.0,1.06,144,1
PAT-11410,43,Female,Urgent,Sepsis,11,2,7,2,7.1,1.11,134,1
PAT-11411,33,Female,Emergency,Type 2 Diabetes,1,3,3,0,5.1,1.68,169,0
PAT-11412,48,Female,Elective,Pneumonia,4,4,8,1,7.4,1.9,130,1
PAT-11413,27,Female,Elective,Type 2 Diabetes,5,0,8,1,8.4,1.51,139,0
PAT-11414,67,Female,Emergency,Total Hip Arthroplasty,2,1,5,3,4.8,1.57,119,1
PAT-11415,89,Female,Emergency,Pneumonia,8,3,7,3,8.9,0.53,113,1
PAT-11416,24,Male,Emergency,Pneumonia,3,0,8,0,6.1,1.09,145,0
PAT-11417,35,Female,Urgent,Sepsis,4,1,9,3,6.8,1.01,149,1
PAT-11418,62,Male,Emergency,Heart Failure,6,2,15,1,5.3,1.09,152,1
PAT-11419,88,Male,Emergency,Heart Failure,8,3,8,1,7.2,1.53,138,1
PAT-11420,52,Male,Elective,Heart Failure,5,1,5,1,12.3,4.08,128,0
PAT-11421,65,Female,Emergency,Acute Myocardial Infarction,2,2,5,1,6.7,1.3,134,0
PAT-11422,24,Male,Emergency,Pneumonia,5,1,10,2,7.2,0.84,134,0
PAT-11423,37,Male,Elective,Total Hip Arthroplasty,1,4,11,0,5.9,0.7,106,0
PAT-11424,91,Male,Emergency,Pneumonia,2,1,7,0,5.5,0.89,148,0
PAT-11425,90,Female,Elective,Type 2 Diabetes,5,3,8,0,7.3,1.96,112,1
PAT-11426,18,Female,Emergency,Sepsis,8,1,4,1,6.3,0.61,143,0
PAT-11427,89,Male,Emergency,Type 2 Diabetes,7,1,9,2,7.5,1.04,94,0
PAT-11428,73,Female,Emergency,Total Hip Arthroplasty,7,1,7,0,6.0,1.64,152,0
PAT-11429,85,Female,Emergency,Type 2 Diabetes,6,3,8,0,7.3,1.18,118,1
PAT-11430,62,Female,Urgent,Heart Failure,7,2,6,0,3.9,0.87,131,1
PAT-11431,66,Male,Urgent,Pneumonia,4,2,8,0,4.2,0.51,119,0
PAT-11432,64,Male,Emergency,Heart Failure,9,4,12,3,8.6,1.47,153,1
PAT-11433,75,Female,Emergency,Heart Failure,8,2,6,1,6.6,1.16,124,0
PAT-11434,36,Male,Emergency,Pneumonia,4,0,5,2,6.0,0.92,127,0
PAT-11435,23,Female,Emergency,Type 2 Diabetes,4,2,9,1,6.2,0.98,143,0
PAT-11436,51,Female,Emergency,Heart Failure,6,3,6,1,7.3,0.69,111,0
PAT-11437,77,Male,Elective,Type 2 Diabetes,7,1,7,0,6.4,1.08,124,1
PAT-11438,43,Male,Emergency,Pneumonia,5,2,15,2,5.5,2.15,153,0
PAT-11439,75,Male,Emergency,Pneumonia,5,4,11,0,7.8,2.1,155,0
PAT-11440,90,Female,Emergency,Heart Failure,5,2,10,3,6.6,0.87,139,1
PAT-11441,31,Male,Emergency,COPD Exacerbation,5,7,8,1,4.6,0.87,129,1
PAT-11442,75,Female,Elective,Acute Myocardial Infarction,1,2,6,0,6.9,0.97,141,0
PAT-11443,61,Female,Emergency,Acute Myocardial Infarction,1,1,9,1,5.8,3.43,139,0
PAT-11444,85,Female,Emergency,Pneumonia,9,1,10,0,6.2,0.89,122,1
PAT-11445,40,Male,Emergency,Heart Failure,5,4,2,1,5.9,0.63,127,1
PAT-11446,76,Male,Urgent,Pneumonia,7,1,8,0,8.5,2.78,107,0
PAT-11447,84,Female,Emergency,Total Hip Arthroplasty,1,4,6,1,7.0,1.93,146,0
PAT-11448,89,Female,Urgent,Pneumonia,4,3,6,0,6.7,0.59,154,1
PAT-11449,76,Male,Emergency,Heart Failure,4,3,9,0,7.2,2.87,129,0
PAT-11450,65,Female,Urgent,Heart Failure,6,5,9,1,6.4,2.76,139,0
PAT-11451,72,Male,Elective,Ischemic Stroke,6,4,8,1,5.6,0.83,161,1
PAT-11452,85,Female,Emergency,Acute Myocardial Infarction,7,2,7,1,6.9,0.57,126,1
PAT-11453,69,Female,Elective,Type 2 Diabetes,2,4,7,0,5.3,1.56,145,0
PAT-11454,23,Male,Elective,Type 2 Diabetes,1,2,7,0,7.7,1.13,138,0
PAT-11455,88,Female,Emergency,Total Hip Arthroplasty,6,4,13,0,7.7,4.46,108,0
PAT-11456,76,Female,Emergency,Heart Failure,5,2,10,1,5.3,1.35,159,1
PAT-11457,75,Female,Elective,COPD Exacerbation,5,3,11,1,5.5,1.24,126,0
PAT-11458,44,Male,Elective,Acute Myocardial Infarction,2,5,8,1,6.4,1.66,104,1
PAT-11459,74,Male,Elective,Pneumonia,5,1,5,2,9.2,2.29,138,1
PAT-11460,58,Female,Elective,Heart Failure,6,4,16,1,7.0,4.09,81,0
PAT-11461,74,Female,Elective,Type 2 Diabetes,5,3,8,1,7.8,3.16,95,1
PAT-11462,33,Male,Elective,Total Hip Arthroplasty,2,0,7,2,3.8,1.16,133,0
PAT-11463,74,Female,Emergency,Pneumonia,5,2,9,1,5.8,1.89,140,0
PAT-11464,91,Male,Emergency,Sepsis,9,2,8,0,7.4,4.82,131,1
PAT-11465,25,Female,Urgent,COPD Exacerbation,7,1,11,0,8.9,0.51,123,0
PAT-11466,90,Female,Emergency,Ischemic Stroke,5,2,8,0,9.0,0.57,141,0
PAT-11467,59,Male,Emergency,Total Hip Arthroplasty,7,1,9,1,7.6,1.04,149,0
PAT-11468,85,Female,Elective,Pneumonia,7,2,7,2,9.3,1.41,133,0
PAT-11469,81,Male,Emergency,Type 2 Diabetes,4,2,8,0,9.8,2.71,136,1
PAT-11470,69,Female,Emergency,COPD Exacerbation,7,2,5,0,6.9,0.59,108,0
PAT-11471,79,Female,Emergency,Acute Myocardial Infarction,1,0,8,0,8.1,1.32,108,0
PAT-11472,86,Male,Elective,Pneumonia,10,5,12,0,5.2,0.55,150,1
PAT-11473,59,Female,Urgent,Sepsis,12,3,14,0,9.3,8.57,142,1
PAT-11474,53,Male,Emergency,Heart Failure,7,3,7,0,8.3,3.21,149,1
PAT-11475,75,Female,Emergency,Type 2 Diabetes,1,2,7,2,8.1,2.34,122,0
PAT-11476,82,Male,Emergency,Acute Myocardial Infarction,7,0,7,0,7.1,0.56,128,0
PAT-11477,80,Male,Emergency,Type 2 Diabetes,8,2,14,2,8.6,2.16,162,1
PAT-11478,82,Female,Emergency,Pneumonia,10,4,6,2,8.5,0.87,135,1
PAT-11479,61,Male,Emergency,Ischemic Stroke,4,0,11,1,5.8,0.7,148,0
PAT-11480,83,Male,Emergency,COPD Exacerbation,8,4,3,0,7.4,2.24,130,1
PAT-11481,34,Female,Emergency,Ischemic Stroke,9,4,6,0,7.7,0.55,155,0
PAT-11482,68,Male,Emergency,Acute Myocardial Infarction,5,1,8,2,6.7,2.19,160,0
PAT-11483,19,Male,Elective,Acute Myocardial Infarction,1,2,10,1,8.8,2.79,165,0
PAT-11484,53,Female,Urgent,COPD Exacerbation,6,0,9,0,9.8,0.87,151,0
PAT-11485,56,Female,Urgent,Heart Failure,7,3,13,2,8.8,0.53,109,1
PAT-11486,58,Female,Elective,Pneumonia,6,1,9,2,5.8,1.37,115,1
PAT-11487,76,Female,Emergency,Type 2 Diabetes,2,3,10,1,7.2,3.67,146,0
PAT-11488,57,Male,Elective,Ischemic Stroke,9,3,8,1,6.4,1.58,84,0
PAT-11489,62,Female,Emergency,Type 2 Diabetes,2,0,6,1,6.6,0.69,132,0
PAT-11490,46,Male,Elective,Type 2 Diabetes,4,4,8,2,6.5,2.5,124,0
PAT-11491,56,Female,Elective,COPD Exacerbation,8,2,15,1,8.6,2.59,142,0
PAT-11492,45,Female,Elective,Pneumonia,2,2,10,2,5.8,1.73,119,0
PAT-11493,29,Male,Urgent,Heart Failure,6,2,4,0,6.1,0.73,152,0
PAT-11494,71,Male,Elective,Heart Failure,5,3,12,0,7.4,0.71,157,0
PAT-11495,75,Male,Elective,Sepsis,9,6,9,0,9.7,0.66,106,1
PAT-11496,72,Female,Emergency,Pneumonia,8,3,4,1,9.2,2.16,102,0
PAT-11497,63,Female,Urgent,Heart Failure,4,2,10,0,7.8,1.35,109,1
PAT-11498,57,Female,Emergency,Pneumonia,4,4,12,1,5.9,0.52,113,1
PAT-11499,85,Male,Urgent,Type 2 Diabetes,1,2,8,2,7.7,0.91,91,1
PAT-11500,66,Female,Emergency,Type 2 Diabetes,6,1,6,0,8.5,1.05,151,0
PAT-11501,64,Male,Emergency,Ischemic Stroke,6,1,4,3,9.0,1.36,148,0
PAT-11502,22,Male,Elective,Type 2 Diabetes,3,1,4,0,9.0,1.99,124,0
PAT-11503,54,Female,Emergency,Heart Failure,4,3,9,0,9.1,1.55,129,1
PAT-11504,57,Male,Elective,Ischemic Stroke,4,1,9,0,8.3,1.29,108,0
PAT-11505,58,Male,Emergency,Sepsis,10,2,5,0,7.8,1.76,128,0
PAT-11506,70,Male,Urgent,Type 2 Diabetes,5,7,4,3,8.0,1.75,97,1
PAT-11507,67,Female,Elective,Pneumonia,6,2,12,1,9.3,0.68,112,0
PAT-11508,71,Female,Elective,Sepsis,10,3,12,1,8.1,7.61,130,1
PAT-11509,80,Female,Emergency,Type 2 Diabetes,3,3,6,0,6.1,1.76,132,0
PAT-11510,82,Female,Emergency,COPD Exacerbation,8,2,7,0,8.2,1.41,124,1
PAT-11511,78,Male,Elective,COPD Exacerbation,8,5,8,0,5.5,0.6,148,1
PAT-11512,89,Male,Emergency,Pneumonia,9,0,10,1,7.1,1.05,153,0
PAT-11513,21,Female,Emergency,COPD Exacerbation,2,4,7,3,5.5,1.4,143,0
PAT-11514,42,Male,Elective,Pneumonia,5,6,3,0,8.7,0.78,127,1
PAT-11515,19,Male,Emergency,Heart Failure,7,3,8,0,7.8,0.55,136,0
PAT-11516,74,Female,Emergency,Sepsis,12,4,7,0,8.4,2.15,134,0
PAT-11517,87,Female,Emergency,Heart Failure,10,1,9,0,8.0,0.71,80,1
PAT-11518,46,Male,Emergency,Pneumonia,4,0,5,2,6.6,4.86,119,0
PAT-11519,88,Male,Urgent,COPD Exacerbation,4,1,7,1,7.9,2.77,125,0
PAT-11520,27,Male,Emergency,Acute Myocardial Infarction,3,2,7,1,7.4,0.52,124,0
PAT-11521,88,Female,Urgent,Pneumonia,8,2,5,0,7.4,2.33,150,1
PAT-11522,55,Female,Emergency,Acute Myocardial Infarction,4,2,10,2,7.7,1.14,151,0
PAT-11523,32,Female,Emergency,Heart Failure,3,3,8,1,7.0,1.01,112,0
PAT-11524,64,Male,Emergency,COPD Exacerbation,7,1,6,1,6.7,1.28,132,0
PAT-11525,47,Male,Emergency,Sepsis,8,4,5,2,6.3,1.39,112,1
PAT-11526,50,Female,Elective,Total Hip Arthroplasty,1,2,8,0,7.7,2.05,131,0
PAT-11527,51,Male,Elective,COPD Exacerbation,2,4,7,0,6.4,3.86,152,0
PAT-11528,82,Male,Emergency,Type 2 Diabetes,5,0,8,1,7.8,3.12,129,0
PAT-11529,67,Male,Elective,Heart Failure,11,2,7,0,8.1,1.85,141,0
PAT-11530,52,Male,Emergency,Type 2 Diabetes,1,4,9,0,10.1,1.51,140,0
PAT-11531,72,Female,Emergency,COPD Exacerbation,5,5,10,0,8.2,1.27,149,0
PAT-11532,77,Male,Emergency,Heart Failure,11,3,13,2,5.0,1.06,135,1
PAT-11533,49,Female,Urgent,Ischemic Stroke,5,3,13,1,7.8,2.41,123,1
PAT-11534,59,Female,Emergency,Total Hip Arthroplasty,4,3,8,1,8.7,1.89,143,0
PAT-11535,34,Male,Urgent,Heart Failure,8,3,9,3,6.5,0.68,128,0
PAT-11536,41,Male,Emergency,COPD Exacerbation,2,0,9,2,8.3,1.7,143,1
PAT-11537,76,Female,Emergency,Sepsis,9,3,7,2,7.8,0.74,127,1
PAT-11538,41,Male,Emergency,Type 2 Diabetes,2,3,10,1,9.0,0.53,133,0
PAT-11539,66,Male,Elective,Pneumonia,3,0,8,2,8.0,1.69,143,1
PAT-11540,77,Male,Elective,Pneumonia,10,2,7,1,7.2,1.46,97,1
PAT-11541,33,Female,Emergency,Heart Failure,3,1,9,0,7.4,1.9,104,0
PAT-11542,69,Male,Urgent,COPD Exacerbation,3,0,9,1,7.3,2.6,116,1
PAT-11543,47,Female,Emergency,Ischemic Stroke,5,0,5,1,7.1,1.2,119,0
PAT-11544,90,Female,Urgent,Type 2 Diabetes,7,3,11,2,5.5,0.91,136,1
PAT-11545,64,Female,Elective,COPD Exacerbation,5,3,3,2,7.7,1.63,112,0
PAT-11546,82,Female,Elective,Type 2 Diabetes,3,1,10,1,8.7,0.54,156,1
PAT-11547,68,Male,Elective,Total Hip Arthroplasty,4,3,9,1,8.3,1.5,119,0
PAT-11548,25,Male,Emergency,Sepsis,9,2,5,0,7.1,0.64,139,0
PAT-11549,73,Male,Elective,Heart Failure,6,3,18,1,6.8,2.02,117,0
PAT-11550,89,Female,Emergency,Total Hip Arthroplasty,4,1,4,1,6.2,0.96,142,1
PAT-11551,71,Male,Emergency,Heart Failure,8,1,6,0,5.7,2.21,91,1
PAT-11552,83,Male,Emergency,Heart Failure,6,3,7,2,8.0,1.22,141,1
PAT-11553,86,Male,Emergency,COPD Exacerbation,9,3,6,2,7.5,0.64,125,1
PAT-11554,45,Male,Emergency,Pneumonia,4,2,7,1,6.6,1.2,146,0
PAT-11555,43,Male,Emergency,COPD Exacerbation,3,1,8,1,7.8,1.03,129,0
PAT-11556,72,Male,Emergency,COPD Exacerbation,3,2,8,2,8.0,0.63,145,1
PAT-11557,59,Male,Emergency,Heart Failure,5,0,8,0,9.7,2.34,112,0
PAT-11558,84,Female,Elective,Type 2 Diabetes,5,3,10,0,5.0,1.38,105,0
PAT-11559,87,Male,Emergency,Pneumonia,4,1,13,2,5.8,1.25,129,0
PAT-11560,55,Female,Elective,Type 2 Diabetes,4,1,5,1,11.0,1.68,155,1
PAT-11561,46,Female,Emergency,Heart Failure,6,1,4,0,7.0,1.24,121,0
PAT-11562,81,Male,Emergency,Heart Failure,3,2,7,0,7.5,1.85,130,0
PAT-11563,49,Female,Emergency,Sepsis,7,0,7,1,7.7,3.61,90,1
PAT-11564,83,Male,Emergency,Total Hip Arthroplasty,5,2,10,2,6.1,0.94,144,0
PAT-11565,60,Female,Elective,Heart Failure,3,5,9,1,6.2,2.08,138,1
PAT-11566,75,Female,Elective,Type 2 Diabetes,4,1,6,1,6.1,0.81,164,0
PAT-11567,31,Female,Emergency,COPD Exacerbation,6,3,4,0,4.8,3.47,116,0
PAT-11568,72,Female,Emergency,Ischemic Stroke,11,4,11,0,8.5,4.12,119,1
PAT-11569,62,Male,Urgent,Type 2 Diabetes,5,4,9,0,9.4,0.84,154,0
PAT-11570,70,Female,Emergency,Sepsis,9,2,11,0,6.1,1.1,131,1
PAT-11571,39,Female,Emergency,Pneumonia,4,2,9,3,9.2,0.59,146,1
PAT-11572,79,Female,Elective,Ischemic Stroke,9,1,11,1,7.8,0.88,109,1
PAT-11573,85,Female,Emergency,Heart Failure,8,3,11,1,9.3,0.65,98,0
PAT-11574,44,Male,Urgent,Ischemic Stroke,4,0,9,3,7.7,0.51,100,0
PAT-11575,31,Female,Elective,Pneumonia,7,3,10,1,8.5,1.2,120,0
PAT-11576,22,Male,Emergency,Ischemic Stroke,4,2,9,1,7.8,0.77,142,0
PAT-11577,73,Male,Emergency,Pneumonia,5,1,7,0,6.2,3.29,135,0
PAT-11578,71,Male,Emergency,COPD Exacerbation,5,5,9,1,7.6,1.59,175,0
PAT-11579,68,Male,Emergency,Sepsis,11,4,11,0,7.8,0.9,119,1
PAT-11580,45,Female,Urgent,Acute Myocardial Infarction,4,2,15,3,9.2,2.47,154,1
PAT-11581,58,Female,Elective,COPD Exacerbation,5,0,10,2,7.9,1.0,131,0
PAT-11582,71,Male,Emergency,Pneumonia,7,3,9,1,5.8,1.89,130,1
PAT-11583,65,Male,Emergency,Sepsis,10,2,7,0,6.6,3.19,103,1
PAT-11584,91,Male,Emergency,Ischemic Stroke,8,0,8,1,8.3,0.64,170,1
PAT-11585,36,Male,Emergency,Heart Failure,5,3,7,1,6.5,1.44,159,0
PAT-11586,76,Female,Elective,COPD Exacerbation,4,2,6,0,7.0,1.56,154,1
PAT-11587,59,Female,Elective,Sepsis,10,3,13,0,7.3,2.84,142,1
PAT-11588,60,Male,Elective,COPD Exacerbation,7,6,3,0,4.7,2.77,94,0
PAT-11589,78,Male,Emergency,Sepsis,11,2,5,2,7.6,0.97,146,1
PAT-11590,76,Female,Elective,Total Hip Arthroplasty,5,0,10,0,9.1,0.56,131,0
PAT-11591,91,Male,Emergency,Acute Myocardial Infarction,7,4,9,0,3.9,1.7,144,0
PAT-11592,35,Female,Elective,Acute Myocardial Infarction,6,2,11,0,6.8,0.65,154,0
PAT-11593,32,Female,Emergency,Ischemic Stroke,1,6,9,1,5.3,0.93,150,1
PAT-11594,78,Male,Elective,Sepsis,11,2,6,1,7.3,0.71,141,1
PAT-11595,70,Male,Urgent,Sepsis,13,3,6,2,7.4,1.42,139,1
PAT-11596,49,Female,Elective,Heart Failure,3,4,8,3,7.6,2.49,128,0
PAT-11597,29,Female,Urgent,Type 2 Diabetes,1,3,7,1,8.0,0.69,116,0
PAT-11598,30,Female,Urgent,COPD Exacerbation,6,0,9,1,6.3,2.5,129,0
PAT-11599,87,Male,Elective,Acute Myocardial Infarction,4,2,16,3,5.1,0.7,97,1
PAT-11600,42,Female,Urgent,Type 2 Diabetes,2,4,9,1,6.7,0.89,111,0
PAT-11601,53,Male,Urgent,Heart Failure,5,4,10,0,6.0,1.45,129,0
PAT-11602,45,Male,Elective,Type 2 Diabetes,2,1,11,0,7.1,0.82,88,0
PAT-11603,55,Male,Emergency,Acute Myocardial Infarction,6,2,14,2,6.9,1.21,97,0
PAT-11604,28,Female,Emergency,Total Hip Arthroplasty,1,3,8,0,6.1,1.54,107,0
PAT-11605,66,Male,Elective,Total Hip Arthroplasty,4,2,13,0,7.3,2.07,128,0
PAT-11606,28,Female,Emergency,Type 2 Diabetes,3,2,5,0,8.6,0.72,142,0
PAT-11607,82,Female,Elective,Type 2 Diabetes,8,3,11,0,8.8,3.27,129,1
PAT-11608,45,Female,Emergency,Pneumonia,8,3,8,1,7.0,0.78,109,0
PAT-11609,67,Female,Emergency,Type 2 Diabetes,3,1,8,2,8.3,0.73,142,0
PAT-11610,86,Male,Elective,COPD Exacerbation,3,1,3,1,4.6,0.52,169,0
PAT-11611,74,Female,Urgent,Type 2 Diabetes,6,7,9,0,6.2,0.51,107,0
PAT-11612,67,Female,Emergency,Heart Failure,4,3,11,1,2.8,0.87,108,0
PAT-11613,53,Male,Urgent,Pneumonia,5,1,4,3,5.4,2.82,133,0
PAT-11614,53,Female,Elective,Type 2 Diabetes,1,5,3,1,7.7,0.95,174,0
PAT-11615,75,Male,Emergency,Heart Failure,7,6,9,0,6.5,2.64,128,1
PAT-11616,91,Female,Emergency,Pneumonia,6,2,7,1,5.1,0.56,145,0
PAT-11617,74,Female,Emergency,Type 2 Diabetes,4,2,10,1,7.7,1.52,108,1
PAT-11618,68,Male,Emergency,Pneumonia,6,4,6,0,6.4,2.63,148,1
PAT-11619,78,Female,Emergency,Type 2 Diabetes,5,3,10,1,8.9,0.83,152,1
PAT-11620,63,Male,Emergency,COPD Exacerbation,6,2,6,2,3.8,1.19,119,1
PAT-11621,27,Female,Emergency,Ischemic Stroke,5,3,8,1,8.1,1.62,103,0
PAT-11622,69,Female,Elective,COPD Exacerbation,4,2,9,2,10.7,0.98,163,0
PAT-11623,90,Female,Emergency,COPD Exacerbation,2,3,7,0,10.6,1.05,122,0
PAT-11624,40,Female,Elective,Total Hip Arthroplasty,2,0,6,0,8.1,4.84,131,0
PAT-11625,76,Female,Emergency,Type 2 Diabetes,4,0,8,2,8.8,3.51,129,1
PAT-11626,42,Male,Elective,Heart Failure,3,2,6,0,6.8,1.64,130,1
PAT-11627,67,Female,Urgent,Type 2 Diabetes,4,4,7,1,6.5,2.08,128,1
PAT-11628,32,Female,Emergency,Pneumonia,7,4,8,0,6.9,0.76,132,0
PAT-11629,62,Female,Urgent,COPD Exacerbation,7,3,7,0,6.0,1.18,119,0
PAT-11630,80,Male,Elective,Heart Failure,3,2,5,0,4.0,1.78,126,1
PAT-11631,54,Male,Elective,Sepsis,8,1,9,0,6.7,1.75,141,1
PAT-11632,75,Male,Elective,Heart Failure,8,2,8,1,6.5,4.76,130,1
PAT-11633,82,Male,Emergency,Total Hip Arthroplasty,7,2,9,0,5.5,3.36,140,1
PAT-11634,88,Female,Emergency,Ischemic Stroke,6,0,4,1,6.1,1.32,139,1
PAT-11635,45,Female,Emergency,Ischemic Stroke,9,3,11,1,7.6,0.54,148,1
PAT-11636,58,Male,Emergency,Sepsis,6,3,8,0,9.8,0.88,138,1
PAT-11637,38,Male,Emergency,Heart Failure,7,2,9,0,7.4,1.57,107,0
PAT-11638,91,Female,Urgent,Acute Myocardial Infarction,5,3,10,1,7.1,0.58,120,0
PAT-11639,88,Female,Emergency,Type 2 Diabetes,8,2,5,2,7.1,4.65,144,1
PAT-11640,67,Male,Urgent,Total Hip Arthroplasty,2,3,2,0,7.5,1.48,162,0
PAT-11641,84,Male,Elective,Type 2 Diabetes,4,1,9,0,6.7,0.74,139,0
PAT-11642,66,Female,Emergency,Type 2 Diabetes,4,2,8,0,7.1,2.21,137,0
PAT-11643,72,Male,Emergency,Total Hip Arthroplasty,1,2,4,0,5.8,0.81,111,0
PAT-11644,31,Female,Emergency,Heart Failure,1,1,9,1,7.3,1.68,115,1
PAT-11645,80,Female,Urgent,Heart Failure,7,0,11,0,8.4,6.93,137,1
PAT-11646,35,Female,Elective,Pneumonia,7,1,9,1,6.1,0.85,98,0
PAT-11647,83,Female,Emergency,Acute Myocardial Infarction,7,0,8,1,4.1,0.55,171,0
PAT-11648,81,Female,Urgent,COPD Exacerbation,3,1,9,4,7.1,2.98,163,1
PAT-11649,77,Male,Elective,COPD Exacerbation,6,2,7,1,6.5,0.64,142,0
PAT-11650,24,Female,Emergency,Total Hip Arthroplasty,1,2,9,1,7.1,2.86,142,1
PAT-11651,51,Male,Elective,Heart Failure,6,3,5,1,6.0,0.83,169,0
PAT-11652,48,Female,Elective,Pneumonia,8,1,8,1,7.4,1.81,158,0
PAT-11653,55,Female,Emergency,Acute Myocardial Infarction,5,2,8,0,5.9,0.51,134,1
PAT-11654,31,Male,Elective,COPD Exacerbation,7,1,6,2,9.8,1.38,137,0
PAT-11655,89,Male,Emergency,Pneumonia,7,4,5,2,6.4,0.57,150,1
PAT-11656,68,Male,Emergency,Heart Failure,5,1,9,1,3.1,3.44,146,0
PAT-11657,51,Male,Emergency,Heart Failure,5,0,13,2,7.5,2.21,135,1
PAT-11658,58,Female,Urgent,Heart Failure,2,0,7,0,6.3,0.74,168,0
PAT-11659,61,Female,Elective,Type 2 Diabetes,3,2,3,1,6.8,0.64,105,0
PAT-11660,71,Male,Emergency,Heart Failure,5,1,9,1,5.8,2.53,135,0
PAT-11661,66,Male,Emergency,Pneumonia,6,3,15,0,7.9,0.65,149,1
PAT-11662,88,Male,Emergency,Heart Failure,7,3,10,0,6.3,0.56,99,1
PAT-11663,65,Male,Elective,Acute Myocardial Infarction,2,4,4,1,8.5,0.89,124,0
PAT-11664,91,Male,Emergency,Total Hip Arthroplasty,2,1,6,0,9.2,0.7,127,0
PAT-11665,84,Female,Elective,Pneumonia,9,3,8,2,6.7,1.35,119,1
PAT-11666,43,Male,Urgent,Pneumonia,1,3,7,2,4.3,0.59,170,0
PAT-11667,88,Male,Elective,Ischemic Stroke,9,3,7,1,7.7,0.65,128,0
PAT-11668,34,Male,Emergency,COPD Exacerbation,3,3,7,2,4.6,2.01,141,0
PAT-11669,83,Female,Emergency,Ischemic Stroke,8,2,8,0,6.4,3.36,164,1
PAT-11670,57,Female,Emergency,Heart Failure,8,1,10,2,8.4,1.18,125,1
PAT-11671,86,Female,Elective,Sepsis,9,1,7,2,7.2,2.0,134,0
PAT-11672,85,Female,Elective,Pneumonia,8,5,5,0,5.2,1.44,105,1
PAT-11673,82,Male,Emergency,Heart Failure,6,3,9,0,6.1,1.02,102,0
PAT-11674,81,Female,Emergency,Ischemic Stroke,7,2,6,0,6.3,2.29,95,0
PAT-11675,51,Female,Urgent,Ischemic Stroke,6,3,7,1,6.0,0.5,141,0
PAT-11676,30,Female,Emergency,Pneumonia,6,3,11,2,7.7,1.47,137,1
PAT-11677,58,Male,Emergency,Ischemic Stroke,5,2,6,2,7.2,1.73,129,0
PAT-11678,40,Male,Elective,Heart Failure,2,3,11,2,5.2,0.97,123,0
PAT-11679,76,Female,Emergency,Acute Myocardial Infarction,5,3,12,1,4.1,1.38,102,0
PAT-11680,54,Female,Elective,Heart Failure,5,3,7,0,7.8,1.72,117,0
PAT-11681,90,Female,Elective,Type 2 Diabetes,1,4,11,2,6.9,0.62,102,0
PAT-11682,73,Female,Elective,Acute Myocardial Infarction,5,3,11,0,6.5,1.4,150,1
PAT-11683,83,Female,Emergency,Type 2 Diabetes,2,3,10,0,6.0,1.84,117,0
PAT-11684,36,Male,Emergency,Heart Failure,5,3,6,1,7.0,1.12,153,0
PAT-11685,85,Female,Emergency,Pneumonia,3,0,8,0,6.8,0.72,141,0
PAT-11686,88,Female,Emergency,Type 2 Diabetes,9,3,7,1,5.8,1.72,145,1
PAT-11687,64,Male,Urgent,Acute Myocardial Infarction,4,3,7,0,6.0,1.19,130,0
PAT-11688,71,Female,Elective,Heart Failure,4,1,6,0,6.1,0.82,142,0
PAT-11689,80,Male,Emergency,Sepsis,9,1,7,3,5.5,1.7,117,0
PAT-11690,40,Female,Urgent,Type 2 Diabetes,4,4,10,1,7.2,1.79,113,0
PAT-11691,65,Male,Elective,Pneumonia,8,0,3,1,7.4,0.89,131,1
PAT-11692,58,Male,Emergency,Type 2 Diabetes,3,2,7,1,7.5,1.42,136,1
PAT-11693,37,Male,Emergency,COPD Exacerbation,1,2,7,0,5.3,2.7,132,0
PAT-11694,56,Female,Emergency,Heart Failure,3,4,9,0,4.4,3.67,117,1
PAT-11695,28,Female,Urgent,Pneumonia,5,3,7,1,7.5,1.44,132,0
PAT-11696,22,Female,Emergency,Type 2 Diabetes,4,3,9,0,8.5,0.8,152,1
PAT-11697,36,Male,Urgent,Total Hip Arthroplasty,4,0,12,0,3.9,2.38,122,0
PAT-11698,90,Male,Emergency,Heart Failure,7,3,4,2,8.3,0.56,118,1
PAT-11699,68,Female,Urgent,Sepsis,11,6,7,1,7.0,0.91,154,1
PAT-11700,90,Female,Emergency,Heart Failure,10,0,3,3,9.9,0.98,144,0
PAT-11701,60,Female,Urgent,Heart Failure,7,4,8,0,7.6,0.57,101,0
PAT-11702,52,Female,Urgent,Type 2 Diabetes,5,2,10,1,4.2,2.17,123,1
PAT-11703,65,Female,Emergency,Heart Failure,4,2,5,1,8.9,1.43,146,1
PAT-11704,61,Female,Elective,Pneumonia,8,1,8,2,6.2,1.14,158,0
PAT-11705,33,Male,Elective,Ischemic Stroke,7,1,7,1,7.5,0.6,112,0
PAT-11706,73,Male,Urgent,Heart Failure,7,2,7,0,7.2,2.67,118,0
PAT-11707,44,Male,Emergency,Pneumonia,8,6,15,3,7.6,6.31,121,1
PAT-11708,72,Female,Emergency,Pneumonia,7,2,11,0,9.3,1.04,110,1
PAT-11709,74,Male,Urgent,Type 2 Diabetes,4,4,8,1,7.2,2.15,158,0
PAT-11710,38,Male,Elective,Type 2 Diabetes,1,1,4,0,9.2,1.35,117,0
PAT-11711,27,Female,Emergency,Total Hip Arthroplasty,1,3,9,2,6.3,1.05,113,0
PAT-11712,81,Male,Elective,Heart Failure,6,2,5,0,7.4,1.15,153,0
PAT-11713,62,Female,Emergency,Acute Myocardial Infarction,5,3,16,1,9.1,1.94,129,1
PAT-11714,27,Female,Elective,Type 2 Diabetes,3,4,5,1,7.5,1.61,117,1
PAT-11715,91,Female,Emergency,Pneumonia,9,4,9,5,9.0,2.76,136,1
PAT-11716,27,Female,Emergency,Pneumonia,6,4,13,1,6.3,1.78,136,0
PAT-11717,76,Male,Emergency,Type 2 Diabetes,4,3,8,1,6.8,0.86,97,1
PAT-11718,91,Female,Emergency,Heart Failure,5,2,6,0,8.6,1.13,122,1
PAT-11719,46,Female,Emergency,Heart Failure,5,1,5,0,8.8,2.62,137,0
PAT-11720,37,Female,Emergency,Type 2 Diabetes,7,4,12,1,8.4,0.81,131,1
PAT-11721,34,Male,Emergency,Sepsis,8,2,7,1,8.3,2.19,132,0
PAT-11722,51,Female,Emergency,Heart Failure,4,2,5,2,7.4,2.6,141,1
PAT-11723,32,Male,Elective,Acute Myocardial Infarction,4,3,11,1,5.5,2.17,134,0
PAT-11724,76,Male,Emergency,Type 2 Diabetes,6,1,7,0,6.2,0.67,119,0
PAT-11725,27,Female,Emergency,Total Hip Arthroplasty,3,1,5,0,5.8,1.26,142,0
PAT-11726,65,Female,Elective,Pneumonia,9,2,8,4,8.6,3.62,155,1
PAT-11727,91,Male,Urgent,Heart Failure,7,5,13,0,5.7,0.67,145,1
PAT-11728,83,Female,Elective,Ischemic Stroke,10,7,9,0,3.6,3.83,149,0
PAT-11729,72,Female,Emergency,Heart Failure,6,0,7,1,7.4,1.64,115,0
PAT-11730,51,Male,Elective,COPD Exacerbation,7,4,8,0,7.2,1.9,127,0
PAT-11731,72,Female,Urgent,COPD Exacerbation,8,4,10,1,8.0,0.87,130,1
PAT-11732,67,Female,Emergency,Type 2 Diabetes,6,1,4,1,8.4,0.93,123,1
PAT-11733,60,Female,Urgent,Ischemic Stroke,8,3,3,0,7.1,0.59,164,0
PAT-11734,35,Female,Emergency,Sepsis,12,3,5,3,6.6,1.6,119,1
PAT-11735,86,Male,Emergency,Sepsis,12,4,9,0,7.0,0.75,121,1
PAT-11736,62,Male,Emergency,Ischemic Stroke,5,0,7,4,7.5,1.24,124,0
PAT-11737,42,Male,Elective,Pneumonia,6,1,9,3,6.5,1.46,151,0
PAT-11738,56,Male,Emergency,Heart Failure,4,2,8,0,6.4,0.92,131,0
PAT-11739,59,Female,Emergency,Acute Myocardial Infarction,8,2,5,1,8.7,0.64,116,0
PAT-11740,83,Female,Emergency,Pneumonia,9,4,7,0,7.6,3.96,129,1
PAT-11741,78,Female,Emergency,Heart Failure,10,1,6,3,6.2,1.53,129,1
PAT-11742,80,Female,Emergency,Pneumonia,5,4,8,0,6.4,0.56,104,1
PAT-11743,19,Male,Emergency,Total Hip Arthroplasty,4,4,8,0,7.3,0.53,134,0
PAT-11744,59,Male,Emergency,Heart Failure,2,3,10,1,4.9,1.81,136,0
PAT-11745,64,Female,Urgent,Sepsis,6,4,10,0,7.5,2.03,104,0
PAT-11746,21,Female,Emergency,Pneumonia,4,0,4,1,7.0,2.4,134,0
PAT-11747,48,Female,Emergency,Heart Failure,8,0,11,2,7.0,0.73,150,0
PAT-11748,80,Female,Emergency,Sepsis,7,3,11,1,6.4,1.1,118,1
PAT-11749,36,Female,Emergency,Ischemic Stroke,6,2,11,2,6.5,0.9,137,0
PAT-11750,67,Male,Emergency,Type 2 Diabetes,6,1,7,2,7.3,1.12,160,0
PAT-11751,44,Male,Emergency,Type 2 Diabetes,5,3,7,0,5.2,0.58,162,0
PAT-11752,20,Male,Elective,Pneumonia,9,5,14,1,7.0,1.43,144,0
PAT-11753,46,Female,Emergency,Sepsis,8,3,10,0,6.9,0.95,159,1
PAT-11754,90,Female,Emergency,Heart Failure,5,5,8,0,7.5,1.75,149,0
PAT-11755,82,Female,Emergency,Type 2 Diabetes,2,5,8,0,5.9,0.75,104,0
PAT-11756,90,Male,Elective,Acute Myocardial Infarction,5,2,10,0,7.4,1.42,132,0
PAT-11757,64,Male,Elective,Pneumonia,4,2,8,1,7.6,1.35,135,0
PAT-11758,33,Male,Emergency,Type 2 Diabetes,1,2,3,0,8.0,1.49,143,0
PAT-11759,68,Female,Emergency,Total Hip Arthroplasty,7,0,7,1,7.2,0.92,107,1
PAT-11760,62,Male,Urgent,Total Hip Arthroplasty,3,4,7,3,6.6,2.81,136,1
PAT-11761,84,Female,Emergency,Ischemic Stroke,13,1,16,1,7.5,0.8,104,1
PAT-11762,32,Male,Emergency,Type 2 Diabetes,1,4,9,1,7.9,0.66,144,1
PAT-11763,64,Female,Emergency,Total Hip Arthroplasty,2,4,11,1,6.5,0.96,108,1
PAT-11764,37,Female,Elective,Acute Myocardial Infarction,2,2,10,1,4.1,4.64,105,0
PAT-11765,53,Male,Urgent,Heart Failure,4,3,5,0,7.7,1.43,116,0
PAT-11766,79,Female,Urgent,COPD Exacerbation,7,0,12,0,8.4,1.07,115,0
PAT-11767,63,Female,Elective,Heart Failure,6,1,8,0,6.1,1.54,110,0
PAT-11768,57,Female,Emergency,Acute Myocardial Infarction,6,0,2,0,8.4,0.68,139,0
PAT-11769,58,Female,Emergency,Acute Myocardial Infarction,7,0,8,5,7.7,1.19,138,1
PAT-11770,62,Female,Emergency,Sepsis,11,1,10,3,4.9,2.26,127,1
PAT-11771,81,Female,Urgent,Heart Failure,4,2,6,0,8.8,0.72,127,0
PAT-11772,86,Female,Elective,COPD Exacerbation,5,3,9,0,8.1,2.39,102,0
PAT-11773,89,Female,Emergency,Heart Failure,7,0,5,3,6.8,0.68,133,1
PAT-11774,81,Male,Emergency,Ischemic Stroke,15,3,7,0,8.4,2.0,137,1
PAT-11775,52,Female,Emergency,Acute Myocardial Infarction,6,2,10,1,7.7,0.56,135,0
PAT-11776,76,Female,Urgent,Heart Failure,6,3,8,0,6.1,1.06,125,1
PAT-11777,61,Male,Emergency,Heart Failure,6,4,7,0,8.0,1.95,154,0
PAT-11778,47,Male,Emergency,COPD Exacerbation,3,3,12,0,5.9,1.01,121,0
PAT-11779,84,Male,Emergency,Pneumonia,7,2,6,1,7.0,0.91,131,1
PAT-11780,24,Female,Emergency,Acute Myocardial Infarction,5,3,9,0,7.4,1.22,136,0
PAT-11781,87,Male,Urgent,Type 2 Diabetes,5,1,8,1,8.8,1.26,117,1
PAT-11782,62,Male,Urgent,COPD Exacerbation,3,5,8,2,7.8,0.55,138,1
PAT-11783,73,Male,Urgent,Heart Failure,5,3,6,2,6.2,0.66,115,0
PAT-11784,74,Male,Elective,COPD Exacerbation,5,4,9,0,4.7,1.37,140,0
PAT-11785,87,Male,Emergency,Ischemic Stroke,5,3,12,2,6.8,1.27,127,1
PAT-11786,73,Male,Elective,COPD Exacerbation,4,2,6,2,10.7,1.12,80,1
PAT-11787,72,Male,Emergency,Heart Failure,3,2,10,3,9.2,1.07,149,1
PAT-11788,28,Female,Elective,Ischemic Stroke,3,1,4,0,5.9,0.56,125,0
PAT-11789,66,Male,Emergency,Heart Failure,3,2,6,5,9.6,0.58,150,1
PAT-11790,37,Male,Elective,Acute Myocardial Infarction,5,3,10,3,8.9,2.75,133,0
PAT-11791,79,Female,Emergency,COPD Exacerbation,9,2,8,1,6.2,1.08,181,1
PAT-11792,66,Male,Emergency,Type 2 Diabetes,1,3,9,1,10.9,1.04,109,0
PAT-11793,75,Female,Elective,Heart Failure,9,2,9,0,6.7,0.56,149,1
PAT-11794,24,Female,Urgent,Heart Failure,1,5,2,0,8.7,0.64,141,0
PAT-11795,30,Male,Emergency,Sepsis,9,1,6,1,4.7,0.8,115,1
PAT-11796,77,Female,Emergency,Total Hip Arthroplasty,4,2,11,0,5.4,1.84,112,0
PAT-11797,29,Female,Urgent,Pneumonia,6,4,6,0,8.2,3.35,153,0
PAT-11798,28,Female,Elective,Heart Failure,1,1,5,3,7.1,1.44,105,0
PAT-11799,20,Female,Emergency,Total Hip Arthroplasty,1,3,10,3,8.3,1.5,144,0
PAT-11800,89,Female,Elective,Pneumonia,6,4,8,0,9.1,1.21,151,0
PAT-11801,79,Female,Emergency,Pneumonia,8,2,2,0,5.8,0.69,145,1
PAT-11802,55,Female,Emergency,Pneumonia,10,2,12,2,7.2,0.96,104,0
PAT-11803,51,Male,Urgent,Type 2 Diabetes,1,1,11,0,8.1,3.35,119,0
PAT-11804,55,Male,Emergency,Pneumonia,6,4,13,2,8.8,1.06,112,1
PAT-11805,81,Female,Emergency,COPD Exacerbation,4,5,11,0,5.4,0.85,150,1
PAT-11806,74,Male,Emergency,Pneumonia,7,1,5,0,5.0,0.68,144,1
PAT-11807,41,Female,Emergency,Total Hip Arthroplasty,1,1,4,0,7.4,1.21,119,0
PAT-11808,40,Female,Emergency,Type 2 Diabetes,6,3,6,0,9.2,2.94,114,0
PAT-11809,32,Female,Emergency,COPD Exacerbation,4,5,13,1,7.4,2.48,154,0
PAT-11810,74,Male,Emergency,Type 2 Diabetes,6,1,5,1,5.7,0.88,137,0
PAT-11811,80,Male,Emergency,Acute Myocardial Infarction,5,1,13,3,6.2,1.38,159,1
PAT-11812,48,Female,Emergency,Heart Failure,5,2,9,1,6.7,1.11,121,0
PAT-11813,21,Female,Emergency,Heart Failure,6,5,8,1,4.6,0.74,123,0
PAT-11814,30,Female,Elective,Sepsis,8,2,6,2,7.1,3.8,128,0
PAT-11815,90,Female,Emergency,Heart Failure,7,1,11,1,6.0,1.41,145,1
PAT-11816,50,Male,Emergency,COPD Exacerbation,3,3,3,1,7.1,1.04,149,0
PAT-11817,80,Female,Elective,Ischemic Stroke,6,2,3,2,9.5,0.69,141,0
PAT-11818,72,Male,Urgent,Pneumonia,4,1,8,2,8.8,6.38,134,0
PAT-11819,57,Female,Urgent,Heart Failure,4,2,11,2,8.0,0.87,140,0
PAT-11820,43,Male,Emergency,Type 2 Diabetes,6,1,6,1,6.5,1.89,133,1
PAT-11821,34,Male,Elective,Sepsis,11,2,8,0,8.3,4.01,127,1
PAT-11822,72,Female,Emergency,Type 2 Diabetes,2,3,11,1,5.2,0.79,169,0
PAT-11823,81,Male,Emergency,Acute Myocardial Infarction,6,2,10,0,5.8,0.78,156,1
PAT-11824,73,Male,Emergency,Acute Myocardial Infarction,4,5,10,2,6.6,2.62,143,1
PAT-11825,67,Female,Emergency,Pneumonia,9,1,5,0,8.5,2.05,129,1
PAT-11826,24,Female,Emergency,Sepsis,7,2,6,0,6.0,1.28,110,0
PAT-11827,90,Male,Elective,Type 2 Diabetes,5,6,8,0,7.3,2.67,132,1
PAT-11828,82,Female,Elective,Pneumonia,5,7,4,0,5.4,1.55,111,0
PAT-11829,50,Female,Emergency,Acute Myocardial Infarction,1,0,9,1,8.2,0.9,142,0
PAT-11830,91,Female,Emergency,Heart Failure,8,5,8,0,7.9,1.25,139,1
PAT-11831,71,Male,Emergency,Type 2 Diabetes,5,1,4,0,8.9,1.16,143,0
PAT-11832,70,Male,Emergency,COPD Exacerbation,6,3,9,0,7.0,0.93,143,0
PAT-11833,79,Male,Urgent,COPD Exacerbation,4,1,8,3,8.4,2.13,111,1
PAT-11834,82,Male,Elective,Pneumonia,7,3,9,1,4.9,1.35,139,0
PAT-11835,74,Female,Urgent,Sepsis,11,4,14,0,5.7,1.01,147,1
PAT-11836,35,Male,Elective,Pneumonia,7,3,13,0,6.4,2.53,139,0
PAT-11837,54,Male,Emergency,Total Hip Arthroplasty,1,3,9,1,5.7,1.37,129,0
PAT-11838,88,Female,Emergency,Acute Myocardial Infarction,4,3,14,1,7.1,0.66,114,1
PAT-11839,45,Female,Emergency,Type 2 Diabetes,1,3,11,0,8.9,2.23,107,0
PAT-11840,56,Female,Emergency,Pneumonia,6,6,5,1,6.9,1.79,107,0
PAT-11841,60,Male,Elective,COPD Exacerbation,7,0,6,0,6.5,5.02,158,0
PAT-11842,61,Male,Emergency,Total Hip Arthroplasty,2,5,9,0,9.1,1.88,116,0
PAT-11843,72,Male,Emergency,Heart Failure,4,3,7,0,5.2,1.3,147,1
PAT-11844,89,Male,Elective,Pneumonia,6,3,7,1,6.8,3.02,138,0
PAT-11845,46,Female,Elective,Heart Failure,9,2,7,1,6.0,0.96,113,0
PAT-11846,34,Male,Emergency,Type 2 Diabetes,5,2,7,0,7.2,2.17,120,0
PAT-11847,42,Male,Elective,Acute Myocardial Infarction,5,6,6,0,6.4,0.56,111,0
PAT-11848,86,Female,Emergency,Heart Failure,7,2,4,0,5.0,0.71,136,0
PAT-11849,74,Male,Emergency,COPD Exacerbation,5,1,9,1,6.8,1.43,126,1
PAT-11850,50,Female,Emergency,Total Hip Arthroplasty,1,4,6,2,6.5,1.7,130,0
PAT-11851,83,Male,Emergency,Ischemic Stroke,5,4,5,0,6.6,1.24,109,0
PAT-11852,85,Male,Elective,Type 2 Diabetes,4,1,3,0,5.1,1.8,175,0
PAT-11853,84,Male,Emergency,Acute Myocardial Infarction,3,3,7,3,7.5,5.02,109,0
PAT-11854,88,Male,Elective,Total Hip Arthroplasty,3,3,11,1,7.7,1.62,134,0
PAT-11855,47,Female,Urgent,Heart Failure,4,0,10,1,7.1,2.16,116,0
PAT-11856,79,Male,Emergency,Pneumonia,7,4,9,0,6.6,0.76,147,1
PAT-11857,62,Female,Elective,Total Hip Arthroplasty,2,2,8,1,5.9,1.27,146,1
PAT-11858,84,Male,Emergency,Type 2 Diabetes,6,6,8,0,6.4,3.01,145,0
PAT-11859,78,Male,Emergency,Total Hip Arthroplasty,3,3,8,0,9.0,2.57,116,1
PAT-11860,81,Male,Elective,Pneumonia,7,2,8,2,6.4,0.68,128,1
PAT-11861,74,Female,Elective,Heart Failure,4,3,8,1,7.2,2.98,126,1
PAT-11862,40,Male,Emergency,Pneumonia,7,4,6,0,7.2,1.44,130,1
PAT-11863,68,Male,Urgent,Type 2 Diabetes,3,0,6,1,5.8,1.36,127,0
PAT-11864,91,Male,Emergency,Type 2 Diabetes,8,3,9,1,6.4,1.56,103,1
PAT-11865,89,Female,Urgent,COPD Exacerbation,6,1,7,1,7.5,1.85,131,0
PAT-11866,25,Female,Emergency,Pneumonia,4,8,7,0,6.2,0.7,127,1
PAT-11867,39,Female,Emergency,Pneumonia,6,4,13,1,5.9,0.86,129,1
PAT-11868,36,Male,Emergency,Heart Failure,6,3,15,0,4.6,0.77,110,0
PAT-11869,78,Male,Emergency,Sepsis,11,4,2,1,8.0,0.89,96,0
PAT-11870,83,Male,Elective,Pneumonia,10,0,6,1,6.1,2.13,121,0
PAT-11871,44,Female,Elective,Sepsis,9,5,5,1,5.7,1.75,104,1
PAT-11872,65,Female,Emergency,Sepsis,9,3,6,1,7.0,3.65,113,1
PAT-11873,84,Male,Emergency,Type 2 Diabetes,4,1,8,0,7.5,3.5,140,0
PAT-11874,78,Male,Emergency,Heart Failure,6,3,11,0,6.3,3.68,143,1
PAT-11875,67,Male,Emergency,Total Hip Arthroplasty,6,2,10,0,9.4,2.74,118,0
PAT-11876,70,Male,Elective,Acute Myocardial Infarction,2,1,10,3,8.9,0.82,130,1
PAT-11877,65,Female,Elective,Heart Failure,4,4,11,3,6.8,0.69,95,1
PAT-11878,51,Male,Urgent,Acute Myocardial Infarction,4,1,3,1,7.5,0.78,132,0
PAT-11879,69,Male,Emergency,Heart Failure,4,1,9,0,4.7,1.29,141,1
PAT-11880,76,Female,Emergency,Heart Failure,5,3,4,4,7.9,4.0,107,1
PAT-11881,85,Female,Emergency,Pneumonia,11,3,11,2,7.4,1.99,98,1
PAT-11882,73,Female,Urgent,Heart Failure,5,2,10,1,4.3,4.33,163,0
PAT-11883,80,Female,Elective,Ischemic Stroke,8,2,10,0,6.5,1.31,141,0
PAT-11884,38,Male,Emergency,Total Hip Arthroplasty,1,0,5,1,4.9,2.01,154,0
PAT-11885,62,Female,Emergency,COPD Exacerbation,3,4,7,0,8.2,2.53,155,1
PAT-11886,19,Female,Elective,Heart Failure,5,4,7,1,5.2,0.86,122,0
PAT-11887,46,Female,Elective,Type 2 Diabetes,6,1,13,2,4.7,0.77,97,1
PAT-11888,78,Male,Urgent,Type 2 Diabetes,5,1,6,2,5.6,0.65,104,0
PAT-11889,91,Female,Emergency,Pneumonia,7,1,7,4,6.8,0.55,158,1
PAT-11890,32,Male,Urgent,Heart Failure,5,0,9,2,6.8,1.23,123,0
PAT-11891,58,Female,Emergency,COPD Exacerbation,1,3,8,0,5.8,1.07,142,0
PAT-11892,82,Female,Urgent,Pneumonia,7,2,7,0,7.0,2.79,124,1
PAT-11893,43,Female,Elective,Ischemic Stroke,4,2,10,0,6.0,0.52,157,0
PAT-11894,68,Female,Elective,Total Hip Arthroplasty,5,1,5,1,7.3,0.64,131,0
PAT-11895,78,Female,Elective,COPD Exacerbation,1,1,14,0,8.0,0.81,96,1
PAT-11896,72,Female,Emergency,COPD Exacerbation,4,3,9,1,7.1,1.53,94,0
PAT-11897,41,Male,Emergency,Heart Failure,4,2,4,2,6.7,1.95,124,1
PAT-11898,55,Male,Emergency,Type 2 Diabetes,2,1,7,0,7.0,1.45,113,0
PAT-11899,81,Female,Emergency,Total Hip Arthroplasty,3,4,11,1,5.7,0.53,107,1
PAT-11900,68,Female,Emergency,Acute Myocardial Infarction,7,1,7,0,8.2,1.9,136,0
PAT-11901,18,Male,Emergency,Heart Failure,3,1,10,0,6.9,1.67,114,0
PAT-11902,80,Male,Urgent,COPD Exacerbation,4,4,2,2,8.9,0.79,113,1
PAT-11903,23,Female,Emergency,Total Hip Arthroplasty,3,1,9,0,9.7,0.7,152,0
PAT-11904,79,Male,Elective,Type 2 Diabetes,5,4,10,0,4.9,0.97,138,0
PAT-11905,43,Male,Elective,Heart Failure,5,2,7,1,7.9,0.52,122,0
PAT-11906,90,Male,Emergency,Ischemic Stroke,6,2,7,1,6.5,0.73,133,1
PAT-11907,56,Female,Emergency,Pneumonia,1,3,16,0,7.3,0.79,136,0
PAT-11908,53,Female,Emergency,Pneumonia,4,4,12,0,6.9,1.17,123,0
PAT-11909,37,Female,Elective,Type 2 Diabetes,1,3,13,0,5.3,0.78,122,0
PAT-11910,51,Male,Elective,Total Hip Arthroplasty,1,3,9,1,7.9,4.65,165,0
PAT-11911,86,Male,Emergency,Sepsis,8,4,7,1,6.1,1.96,128,1
PAT-11912,91,Female,Elective,Pneumonia,7,3,10,1,9.0,0.51,155,1
PAT-11913,56,Male,Emergency,Heart Failure,7,1,6,0,6.6,0.85,126,0
PAT-11914,62,Male,Elective,Pneumonia,8,4,13,1,7.3,3.39,134,1
PAT-11915,78,Male,Emergency,Heart Failure,7,2,6,2,7.8,0.54,120,1
PAT-11916,86,Male,Elective,Heart Failure,4,2,9,1,7.7,1.65,128,0
PAT-11917,71,Male,Urgent,Pneumonia,7,5,4,1,7.8,1.64,136,1
PAT-11918,58,Female,Elective,Heart Failure,8,2,6,1,7.9,2.02,171,0
PAT-11919,59,Male,Emergency,Ischemic Stroke,3,5,6,2,6.7,1.43,147,0
PAT-11920,76,Male,Emergency,Heart Failure,8,2,6,1,6.4,2.26,149,1
PAT-11921,18,Female,Elective,Pneumonia,2,0,7,1,8.0,2.25,106,0
PAT-11922,72,Female,Emergency,Heart Failure,6,4,11,0,7.1,0.52,122,1
PAT-11923,55,Male,Emergency,Acute Myocardial Infarction,5,3,5,0,6.0,2.04,107,0
PAT-11924,82,Female,Elective,Heart Failure,6,0,9,0,7.0,1.67,157,0
PAT-11925,31,Male,Emergency,COPD Exacerbation,8,1,11,3,5.1,2.28,119,1
PAT-11926,70,Female,Emergency,Acute Myocardial Infarction,4,2,7,1,6.8,1.36,129,1
PAT-11927,64,Female,Urgent,Ischemic Stroke,4,3,11,0,6.7,1.08,125,0
PAT-11928,73,Female,Emergency,Acute Myocardial Infarction,6,1,10,0,7.0,0.69,99,0
PAT-11929,28,Female,Emergency,Heart Failure,3,2,6,0,7.0,1.88,139,0
PAT-11930,70,Male,Elective,Heart Failure,7,1,9,2,8.0,3.24,142,1
PAT-11931,69,Male,Urgent,Acute Myocardial Infarction,7,5,10,2,8.8,0.62,108,1
PAT-11932,69,Female,Emergency,Type 2 Diabetes,4,2,3,0,6.3,1.03,149,0
PAT-11933,71,Female,Elective,Pneumonia,7,5,13,0,6.2,3.61,147,1
PAT-11934,75,Female,Elective,Ischemic Stroke,8,2,6,2,7.1,1.75,123,1
PAT-11935,82,Female,Emergency,Sepsis,13,0,5,0,5.6,1.62,117,0
PAT-11936,48,Male,Emergency,Sepsis,7,2,10,1,9.5,3.03,132,1
PAT-11937,83,Female,Emergency,Sepsis,8,3,12,1,7.1,1.36,126,1
PAT-11938,65,Female,Elective,COPD Exacerbation,7,4,9,4,5.8,1.22,146,1
PAT-11939,29,Female,Elective,Acute Myocardial Infarction,1,1,11,3,6.1,6.07,106,0
PAT-11940,27,Female,Emergency,Type 2 Diabetes,3,0,6,2,6.0,1.43,112,0
PAT-11941,53,Female,Elective,Ischemic Stroke,6,4,10,0,8.3,3.12,152,1
PAT-11942,81,Female,Elective,Type 2 Diabetes,4,3,6,0,7.3,2.1,150,1
PAT-11943,77,Male,Emergency,COPD Exacerbation,10,0,14,1,9.8,1.39,130,1
PAT-11944,81,Male,Elective,Type 2 Diabetes,7,2,13,2,2.3,1.32,113,0
PAT-11945,66,Male,Emergency,Heart Failure,7,1,4,0,8.7,1.56,107,1
PAT-11946,61,Female,Urgent,COPD Exacerbation,6,2,11,3,3.7,2.12,129,1
PAT-11947,37,Female,Emergency,Type 2 Diabetes,1,2,12,0,5.7,1.22,113,0
PAT-11948,53,Male,Elective,COPD Exacerbation,5,4,4,2,6.8,1.91,128,1
PAT-11949,61,Male,Elective,COPD Exacerbation,6,1,7,0,5.9,2.18,129,0
PAT-11950,31,Male,Emergency,COPD Exacerbation,4,1,11,0,6.0,1.69,144,0
PAT-11951,44,Female,Elective,Heart Failure,5,0,6,2,8.0,0.55,124,0
PAT-11952,71,Female,Elective,Pneumonia,6,3,7,1,8.7,2.35,155,0
PAT-11953,78,Male,Urgent,Sepsis,10,1,4,0,8.2,0.92,130,1
PAT-11954,91,Male,Elective,Type 2 Diabetes,4,5,8,3,7.5,0.75,154,0
PAT-11955,88,Male,Emergency,Pneumonia,9,6,9,1,7.2,1.58,153,1
PAT-11956,73,Male,Urgent,Pneumonia,2,2,4,1,4.6,1.7,127,1
PAT-11957,60,Male,Elective,Sepsis,11,3,3,0,6.3,1.03,131,1
PAT-11958,73,Female,Elective,COPD Exacerbation,3,5,7,0,5.6,1.6,126,0
PAT-11959,81,Male,Urgent,Heart Failure,4,2,8,0,8.6,1.29,141,1
PAT-11960,34,Male,Emergency,Sepsis,8,4,7,2,8.7,1.73,138,0
PAT-11961,59,Male,Emergency,Sepsis,10,2,8,0,5.7,1.29,131,0
PAT-11962,84,Female,Emergency,Acute Myocardial Infarction,10,2,9,1,4.8,0.61,131,0
PAT-11963,57,Female,Elective,Pneumonia,6,3,7,1,9.7,0.53,132,1
PAT-11964,69,Male,Elective,Acute Myocardial Infarction,5,1,8,1,10.3,1.18,153,0
PAT-11965,70,Female,Urgent,Pneumonia,7,1,12,0,5.5,0.57,146,0
PAT-11966,41,Male,Emergency,Acute Myocardial Infarction,7,2,4,0,5.1,0.64,155,0
PAT-11967,56,Female,Elective,Total Hip Arthroplasty,8,0,9,0,6.3,1.48,126,0
PAT-11968,53,Female,Urgent,Total Hip Arthroplasty,2,5,9,1,7.8,2.74,118,1
PAT-11969,22,Male,Elective,Pneumonia,6,2,7,2,8.2,1.84,112,1
PAT-11970,22,Female,Emergency,Sepsis,7,2,7,0,5.5,1.52,127,0
PAT-11971,83,Female,Elective,Heart Failure,6,2,9,1,9.4,2.37,133,0
PAT-11972,49,Female,Urgent,Heart Failure,8,3,5,0,6.1,1.79,135,0
PAT-11973,66,Male,Urgent,COPD Exacerbation,3,2,10,1,7.0,1.3,125,0
PAT-11974,51,Female,Elective,COPD Exacerbation,1,3,5,0,6.6,2.56,127,0
PAT-11975,89,Male,Urgent,Heart Failure,7,5,6,1,6.3,0.97,124,1
PAT-11976,48,Female,Emergency,Pneumonia,8,1,10,1,9.6,0.92,162,0
PAT-11977,60,Male,Emergency,Heart Failure,6,3,15,0,4.0,2.71,136,0
PAT-11978,85,Female,Urgent,COPD Exacerbation,7,4,11,2,7.2,0.56,111,1
PAT-11979,84,Female,Emergency,Sepsis,11,2,11,0,9.0,0.92,101,1
PAT-11980,41,Female,Emergency,Acute Myocardial Infarction,4,3,10,0,4.3,0.94,119,1
PAT-11981,82,Female,Emergency,Type 2 Diabetes,6,2,11,2,6.7,0.96,136,1
PAT-11982,62,Male,Elective,Ischemic Stroke,8,1,10,2,7.9,0.96,122,1
PAT-11983,64,Female,Elective,COPD Exacerbation,1,5,8,0,8.6,0.73,118,0
PAT-11984,36,Female,Emergency,Sepsis,8,3,10,0,7.3,1.18,128,1
PAT-11985,30,Male,Urgent,COPD Exacerbation,1,2,10,0,5.3,1.04,143,0
PAT-11986,78,Female,Urgent,Ischemic Stroke,7,2,8,0,7.8,1.44,150,0
PAT-11987,65,Female,Emergency,Sepsis,8,2,11,0,6.0,1.31,131,0
PAT-11988,61,Male,Emergency,Pneumonia,8,2,7,0,7.5,0.85,151,0
PAT-11989,78,Male,Elective,Type 2 Diabetes,5,6,7,2,4.4,0.88,120,0
PAT-11990,80,Female,Elective,Acute Myocardial Infarction,6,4,8,1,6.8,1.22,135,1
PAT-11991,38,Female,Emergency,COPD Exacerbation,4,2,6,2,7.0,1.84,125,0
PAT-11992,72,Male,Emergency,COPD Exacerbation,7,2,7,0,6.5,1.92,129,0
PAT-11993,36,Female,Emergency,Type 2 Diabetes,1,1,7,2,7.6,1.39,120,0
PAT-11994,79,Male,Emergency,Pneumonia,5,5,10,1,7.6,2.46,134,0
PAT-11995,74,Female,Emergency,COPD Exacerbation,8,2,11,0,9.6,2.48,150,1
PAT-11996,89,Male,Elective,Sepsis,9,2,10,1,6.0,3.04,116,1
PAT-11997,28,Female,Elective,Acute Myocardial Infarction,1,2,14,1,8.4,1.53,135,0
PAT-11998,27,Male,Elective,Heart Failure,7,3,7,0,7.1,2.1,117,1
PAT-11999,49,Female,Emergency,Type 2 Diabetes,5,1,13,1,8.0,1.24,122,0
PAT-12000,48,Male,Elective,Heart Failure,6,1,8,1,7.8,1.74,162,1
PAT-12001,47,Female,Emergency,Heart Failure,5,3,7,1,7.0,6.05,131,1
PAT-12002,87,Female,Emergency,Type 2 Diabetes,8,1,7,1,8.0,2.97,143,1
PAT-12003,47,Male,Elective,Sepsis,11,4,9,0,5.8,1.35,123,0
PAT-12004,49,Male,Elective,Total Hip Arthroplasty,6,2,8,0,7.9,2.71,125,0
PAT-12005,80,Male,Emergency,Pneumonia,8,1,8,2,5.0,0.51,99,1
PAT-12006,62,Female,Elective,COPD Exacerbation,5,3,7,2,7.7,0.61,128,1
PAT-12007,81,Male,Urgent,Acute Myocardial Infarction,4,1,9,2,8.0,4.27,150,1
PAT-12008,28,Female,Emergency,Ischemic Stroke,3,0,6,2,4.6,1.05,133,0
PAT-12009,64,Male,Elective,Total Hip Arthroplasty,4,1,5,1,5.4,1.13,123,0
PAT-12010,23,Male,Urgent,Heart Failure,5,0,8,4,6.0,0.63,147,1
PAT-12011,27,Female,Elective,Type 2 Diabetes,2,0,8,3,8.5,1.06,110,0
PAT-12012,87,Male,Emergency,Heart Failure,7,4,13,1,8.5,2.27,149,1
PAT-12013,36,Male,Emergency,COPD Exacerbation,3,0,11,2,6.5,1.18,112,1
PAT-12014,67,Female,Emergency,Acute Myocardial Infarction,6,2,8,0,7.5,0.63,115,0
PAT-12015,59,Male,Emergency,Type 2 Diabetes,2,6,10,0,5.6,2.85,133,1
PAT-12016,54,Female,Elective,Sepsis,6,2,9,2,6.8,2.59,145,1
PAT-12017,87,Male,Emergency,Pneumonia,7,1,8,0,8.3,0.96,121,1
PAT-12018,21,Female,Urgent,Ischemic Stroke,7,2,8,1,8.5,1.33,150,0
PAT-12019,75,Female,Emergency,Heart Failure,3,3,14,2,9.2,1.95,179,1
PAT-12020,90,Female,Elective,Heart Failure,8,5,9,2,6.0,2.63,136,1
PAT-12021,69,Male,Emergency,Type 2 Diabetes,1,0,9,4,6.9,4.22,118,0
PAT-12022,89,Male,Emergency,Heart Failure,6,2,5,1,5.7,1.98,152,0
PAT-12023,26,Male,Elective,Sepsis,4,3,4,0,7.3,0.6,143,0
PAT-12024,60,Female,Emergency,Heart Failure,1,0,4,1,6.6,0.91,154,0
PAT-12025,48,Female,Emergency,Acute Myocardial Infarction,5,1,9,0,7.3,1.31,125,0
PAT-12026,78,Male,Emergency,Heart Failure,5,5,9,2,6.6,0.77,168,0
PAT-12027,91,Male,Emergency,Type 2 Diabetes,2,3,7,0,10.7,1.28,133,0
PAT-12028,47,Female,Elective,Sepsis,7,0,14,0,7.7,2.22,125,0
PAT-12029,74,Female,Urgent,Ischemic Stroke,8,4,8,1,6.1,1.36,128,1
PAT-12030,42,Female,Emergency,Pneumonia,5,0,12,3,6.6,5.46,112,0
PAT-12031,69,Female,Elective,Ischemic Stroke,7,5,11,0,7.4,3.18,136,0
PAT-12032,63,Male,Elective,COPD Exacerbation,4,3,6,2,5.9,1.67,133,0
PAT-12033,90,Male,Urgent,Pneumonia,6,2,7,2,6.6,2.05,121,0
PAT-12034,71,Male,Urgent,Sepsis,8,1,4,1,5.1,0.94,124,0
PAT-12035,55,Male,Elective,Type 2 Diabetes,2,1,8,1,6.3,1.07,167,0
PAT-12036,34,Female,Emergency,Type 2 Diabetes,1,1,8,1,5.8,0.5,132,0
PAT-12037,38,Male,Emergency,COPD Exacerbation,2,0,6,0,4.4,2.6,101,0
PAT-12038,45,Male,Emergency,Pneumonia,5,1,5,2,6.8,4.56,103,1
PAT-12039,47,Female,Elective,Heart Failure,3,2,7,1,6.0,0.92,147,0
PAT-12040,84,Male,Elective,Heart Failure,4,1,6,1,4.2,0.6,147,0
PAT-12041,69,Female,Elective,Sepsis,10,0,7,0,8.3,1.33,129,0
PAT-12042,66,Male,Elective,Acute Myocardial Infarction,7,2,6,0,8.3,1.12,125,1
PAT-12043,34,Female,Emergency,Pneumonia,5,1,12,0,6.0,0.67,145,0
PAT-12044,85,Male,Elective,Total Hip Arthroplasty,4,3,12,2,8.0,1.69,121,0
PAT-12045,78,Female,Emergency,Pneumonia,5,2,12,1,5.7,1.97,120,1
PAT-12046,28,Female,Emergency,Acute Myocardial Infarction,5,0,5,1,6.1,0.82,115,1
PAT-12047,77,Male,Emergency,Total Hip Arthroplasty,7,2,7,1,6.6,2.21,150,1
PAT-12048,68,Male,Urgent,Sepsis,9,2,14,1,8.9,1.09,149,1
PAT-12049,30,Female,Emergency,Pneumonia,4,1,5,1,7.1,0.91,151,0
PAT-12050,62,Female,Elective,Acute Myocardial Infarction,5,3,6,0,8.2,0.61,163,1
PAT-12051,64,Female,Emergency,Pneumonia,6,2,7,0,4.8,0.74,156,0
PAT-12052,39,Male,Emergency,COPD Exacerbation,3,5,9,1,6.3,3.04,132,0
PAT-12053,89,Male,Urgent,Type 2 Diabetes,6,2,5,1,8.2,1.22,135,0
PAT-12054,84,Male,Elective,Pneumonia,9,3,23,0,6.9,5.41,104,1
PAT-12055,75,Female,Emergency,Type 2 Diabetes,3,1,9,2,6.8,1.6,124,0
PAT-12056,62,Male,Emergency,Heart Failure,10,1,11,0,6.5,0.61,131,0
PAT-12057,59,Female,Urgent,COPD Exacerbation,2,0,8,0,8.3,1.68,125,0
PAT-12058,74,Female,Emergency,Sepsis,7,3,6,2,7.1,0.65,148,1
PAT-12059,68,Male,Elective,Heart Failure,6,2,11,3,5.2,2.51,129,1
PAT-12060,27,Male,Emergency,Heart Failure,8,4,3,1,6.1,2.31,112,0
PAT-12061,66,Male,Emergency,Pneumonia,5,2,7,0,10.3,0.84,129,0
PAT-12062,82,Male,Emergency,COPD Exacerbation,4,2,8,0,7.0,2.0,124,0
PAT-12063,62,Male,Elective,Heart Failure,6,1,7,2,4.2,1.94,133,0
PAT-12064,26,Male,Elective,Heart Failure,3,3,6,1,7.5,0.9,126,0
PAT-12065,81,Female,Emergency,Pneumonia,8,3,16,0,8.1,1.54,134,0
PAT-12066,42,Female,Elective,Sepsis,8,3,6,4,8.9,0.51,142,1
PAT-12067,47,Male,Elective,Heart Failure,3,6,7,0,6.7,1.02,144,1
PAT-12068,39,Male,Urgent,Type 2 Diabetes,8,3,5,2,10.0,0.68,129,1
PAT-12069,53,Female,Emergency,COPD Exacerbation,1,1,9,2,7.8,0.63,121,0
PAT-12070,80,Female,Emergency,Heart Failure,10,3,12,0,10.2,1.74,156,0
PAT-12071,66,Female,Urgent,Type 2 Diabetes,6,2,12,1,6.9,0.57,115,0
PAT-12072,43,Female,Emergency,COPD Exacerbation,3,2,5,0,8.7,0.62,145,1
PAT-12073,86,Male,Emergency,Ischemic Stroke,11,2,9,1,9.9,1.39,95,1
PAT-12074,86,Female,Urgent,Type 2 Diabetes,2,2,7,1,6.8,2.92,108,0
PAT-12075,85,Male,Emergency,Pneumonia,9,3,8,3,5.5,1.6,117,0
PAT-12076,46,Female,Emergency,Pneumonia,1,4,10,0,5.0,0.85,127,0
PAT-12077,62,Male,Emergency,Total Hip Arthroplasty,1,2,12,4,6.6,2.48,139,1
PAT-12078,91,Female,Elective,Heart Failure,4,2,12,0,5.7,1.23,133,1
PAT-12079,80,Male,Emergency,COPD Exacerbation,4,3,7,0,6.1,0.63,133,0
PAT-12080,22,Male,Urgent,Sepsis,7,1,12,0,6.5,3.62,144,0
PAT-12081,28,Male,Elective,Ischemic Stroke,4,2,6,1,7.0,1.0,167,0
PAT-12082,63,Female,Emergency,Acute Myocardial Infarction,1,3,14,1,6.7,2.22,174,1
PAT-12083,87,Female,Emergency,Type 2 Diabetes,6,2,6,1,5.0,2.04,114,0
PAT-12084,67,Female,Emergency,Pneumonia,6,2,9,1,4.9,1.61,125,1
PAT-12085,65,Female,Elective,Type 2 Diabetes,5,2,7,2,9.9,0.96,107,1
PAT-12086,33,Male,Emergency,COPD Exacerbation,4,3,9,1,8.6,2.16,151,0
PAT-12087,74,Male,Urgent,Acute Myocardial Infarction,7,3,10,0,7.1,3.02,119,1
PAT-12088,83,Male,Emergency,Sepsis,9,1,6,1,9.5,4.05,151,1
PAT-12089,57,Male,Emergency,Pneumonia,8,1,11,2,6.9,0.95,135,0
PAT-12090,81,Female,Emergency,Acute Myocardial Infarction,4,2,10,1,5.7,1.41,143,0
PAT-12091,90,Female,Elective,Total Hip Arthroplasty,3,3,7,0,9.0,2.22,151,0
PAT-12092,43,Female,Emergency,Total Hip Arthroplasty,5,1,7,1,8.6,5.75,140,0
PAT-12093,66,Male,Emergency,Acute Myocardial Infarction,7,4,6,1,9.1,1.19,93,1
PAT-12094,50,Male,Urgent,COPD Exacerbation,6,1,9,0,5.9,0.76,116,0
PAT-12095,81,Female,Elective,COPD Exacerbation,4,5,6,1,6.1,2.96,156,1
PAT-12096,70,Female,Elective,Heart Failure,4,2,14,1,6.9,2.31,138,1
PAT-12097,73,Male,Elective,Heart Failure,8,3,7,1,6.0,3.09,146,1
PAT-12098,82,Male,Elective,Pneumonia,9,3,8,1,6.3,0.56,129,1
PAT-12099,58,Male,Emergency,Heart Failure,5,3,6,1,7.1,0.76,162,1
PAT-12100,88,Female,Emergency,COPD Exacerbation,11,2,4,0,6.0,0.91,163,0
PAT-12101,67,Female,Elective,COPD Exacerbation,6,2,10,0,6.8,1.52,143,0
PAT-12102,38,Male,Emergency,Pneumonia,3,2,9,1,6.8,2.61,133,0
PAT-12103,76,Male,Elective,Heart Failure,5,1,8,1,6.5,2.26,128,0
PAT-12104,81,Female,Emergency,Heart Failure,6,3,13,0,10.5,0.93,130,1
PAT-12105,52,Male,Emergency,Heart Failure,5,2,8,1,7.7,2.13,132,0
PAT-12106,85,Male,Emergency,Heart Failure,9,1,5,0,7.8,1.58,146,0
PAT-12107,87,Female,Emergency,Ischemic Stroke,6,1,13,0,7.2,0.95,137,0
PAT-12108,49,Female,Elective,Type 2 Diabetes,1,3,8,1,6.7,0.61,104,0
PAT-12109,91,Female,Emergency,Type 2 Diabetes,6,4,11,1,5.0,1.62,146,1
PAT-12110,37,Female,Emergency,Heart Failure,3,1,4,2,5.1,1.62,117,0
PAT-12111,43,Male,Urgent,COPD Exacerbation,9,2,6,0,7.1,0.66,112,0
PAT-12112,41,Female,Emergency,COPD Exacerbation,6,2,10,1,8.1,3.97,132,0
PAT-12113,86,Male,Elective,Heart Failure,5,1,9,0,5.3,0.56,165,1
PAT-12114,74,Male,Urgent,Total Hip Arthroplasty,6,2,13,0,6.7,1.84,159,1
PAT-12115,38,Female,Urgent,Sepsis,9,5,10,1,8.6,4.24,153,1
PAT-12116,61,Female,Urgent,Type 2 Diabetes,5,3,5,1,7.5,1.8,105,0
PAT-12117,72,Male,Emergency,Pneumonia,6,1,3,1,7.2,1.95,145,0
PAT-12118,30,Male,Urgent,Pneumonia,6,1,8,2,6.6,0.55,125,0
PAT-12119,86,Male,Elective,Type 2 Diabetes,1,2,9,0,7.5,2.22,122,0
PAT-12120,82,Female,Elective,Sepsis,12,1,11,0,6.4,0.62,112,1
PAT-12121,65,Female,Emergency,Heart Failure,1,2,12,0,6.3,0.63,90,0
PAT-12122,90,Male,Urgent,Pneumonia,6,3,3,1,8.4,1.04,139,0
PAT-12123,59,Male,Elective,Pneumonia,3,2,11,2,7.8,1.23,131,0
PAT-12124,91,Female,Elective,Pneumonia,6,1,6,0,10.8,0.96,132,0
PAT-12125,75,Male,Emergency,Sepsis,9,4,11,3,8.2,0.84,128,1
PAT-12126,73,Female,Emergency,Type 2 Diabetes,2,2,15,3,7.7,0.83,130,0
PAT-12127,39,Male,Urgent,Heart Failure,1,4,8,1,5.4,2.01,132,0
PAT-12128,86,Male,Emergency,COPD Exacerbation,6,3,7,1,5.0,3.52,133,1
PAT-12129,60,Female,Emergency,Heart Failure,9,1,4,1,9.9,1.54,166,1
PAT-12130,39,Male,Elective,Heart Failure,4,6,13,0,7.3,3.45,135,1
PAT-12131,20,Female,Emergency,Pneumonia,6,1,11,0,6.5,0.58,136,0
PAT-12132,69,Female,Emergency,Type 2 Diabetes,7,1,9,0,4.2,2.16,116,1
PAT-12133,67,Female,Emergency,Type 2 Diabetes,1,2,8,0,11.0,1.15,144,1
PAT-12134,78,Female,Emergency,Type 2 Diabetes,4,2,7,1,7.2,0.63,110,0
PAT-12135,86,Female,Emergency,Heart Failure,4,1,6,0,7.8,3.13,138,0
PAT-12136,29,Male,Emergency,COPD Exacerbation,2,2,4,0,7.4,0.97,155,0
PAT-12137,78,Male,Emergency,Heart Failure,9,4,4,0,7.7,1.57,147,1
PAT-12138,41,Female,Elective,Ischemic Stroke,6,1,8,1,7.5,1.14,123,0
PAT-12139,85,Male,Urgent,Type 2 Diabetes,6,4,7,1,5.2,0.64,121,1
PAT-12140,83,Male,Emergency,Acute Myocardial Infarction,5,2,7,1,8.3,1.41,156,1
PAT-12141,67,Male,Emergency,Sepsis,6,1,12,3,8.3,0.98,129,1
PAT-12142,77,Male,Emergency,Type 2 Diabetes,6,4,7,0,8.9,1.88,140,1
PAT-12143,52,Female,Elective,Acute Myocardial Infarction,7,3,7,1,6.5,3.05,144,0
PAT-12144,63,Female,Urgent,Sepsis,9,6,8,1,7.6,0.73,132,1
PAT-12145,83,Male,Emergency,Type 2 Diabetes,6,0,7,1,7.7,1.04,124,0
PAT-12146,62,Female,Emergency,Ischemic Stroke,4,4,7,1,11.3,0.82,139,1
PAT-12147,55,Female,Elective,Heart Failure,6,0,9,0,11.7,1.62,126,1
PAT-12148,65,Female,Elective,Type 2 Diabetes,7,5,5,1,7.6,0.9,140,1
PAT-12149,83,Female,Emergency,Sepsis,10,4,7,1,5.7,1.12,135,0
PAT-12150,54,Female,Elective,Heart Failure,1,3,12,1,6.3,1.28,135,0
PAT-12151,40,Female,Elective,Acute Myocardial Infarction,7,1,8,1,6.8,1.07,157,0
PAT-12152,77,Female,Urgent,Sepsis,7,2,11,1,8.8,1.08,120,1
PAT-12153,83,Male,Emergency,Ischemic Stroke,8,2,8,1,9.0,0.66,135,0
PAT-12154,32,Male,Urgent,Pneumonia,7,4,12,1,8.5,0.7,122,1
PAT-12155,46,Female,Emergency,Ischemic Stroke,8,3,2,4,8.2,2.86,134,1
PAT-12156,37,Female,Elective,Pneumonia,1,2,14,3,8.6,0.62,152,0
PAT-12157,54,Female,Emergency,Type 2 Diabetes,4,1,10,1,5.1,2.26,132,1
PAT-12158,62,Female,Emergency,Pneumonia,6,2,8,0,5.4,1.72,130,0
PAT-12159,79,Female,Elective,COPD Exacerbation,8,3,6,1,5.4,2.11,104,1
PAT-12160,74,Female,Emergency,Pneumonia,7,1,5,1,7.4,4.55,128,0
PAT-12161,72,Male,Emergency,COPD Exacerbation,8,3,9,0,7.6,0.63,123,0
PAT-12162,55,Male,Emergency,Pneumonia,7,3,2,0,4.9,0.56,107,0
PAT-12163,84,Female,Emergency,Pneumonia,7,1,12,0,7.2,1.96,124,0
PAT-12164,63,Female,Emergency,Ischemic Stroke,7,2,2,3,7.9,0.69,136,1
PAT-12165,91,Male,Urgent,Pneumonia,10,2,4,0,6.7,1.48,142,0
PAT-12166,73,Male,Emergency,Type 2 Diabetes,2,5,5,0,9.6,1.18,161,0
PAT-12167,35,Male,Emergency,Acute Myocardial Infarction,5,1,12,3,10.1,2.7,134,1
PAT-12168,75,Male,Emergency,Type 2 Diabetes,3,1,11,0,6.0,2.34,177,1
PAT-12169,53,Female,Emergency,Sepsis,7,4,4,3,6.7,1.22,123,0
PAT-12170,76,Female,Emergency,Heart Failure,8,2,11,0,8.1,1.11,123,1
PAT-12171,28,Male,Emergency,Type 2 Diabetes,1,4,5,2,7.1,1.1,165,1
PAT-12172,40,Female,Emergency,Heart Failure,5,1,10,0,5.5,1.46,116,0
PAT-12173,85,Male,Emergency,Heart Failure,5,0,10,0,9.0,1.29,128,1
PAT-12174,45,Male,Elective,COPD Exacerbation,1,2,6,3,7.3,1.3,131,0
PAT-12175,84,Male,Elective,Pneumonia,8,3,9,0,7.2,2.18,134,1
PAT-12176,49,Female,Emergency,Total Hip Arthroplasty,3,2,6,3,5.7,1.42,117,0
PAT-12177,73,Male,Emergency,Pneumonia,3,1,6,1,5.6,3.18,135,1
PAT-12178,76,Female,Urgent,Type 2 Diabetes,3,0,7,1,7.6,1.42,158,1
PAT-12179,66,Female,Emergency,Acute Myocardial Infarction,1,1,5,2,10.0,4.28,146,0
PAT-12180,51,Female,Urgent,COPD Exacerbation,6,2,5,2,5.3,3.08,141,0
PAT-12181,43,Male,Emergency,Sepsis,11,1,14,0,6.5,1.05,138,1
PAT-12182,23,Male,Emergency,COPD Exacerbation,5,3,9,1,5.7,3.48,100,0
PAT-12183,51,Female,Elective,Heart Failure,7,2,10,0,5.8,1.12,111,0
PAT-12184,74,Female,Urgent,Acute Myocardial Infarction,4,2,11,0,9.5,0.62,157,0
PAT-12185,89,Male,Emergency,Pneumonia,8,1,9,1,7.4,0.83,130,0
PAT-12186,85,Male,Emergency,Pneumonia,7,4,7,2,8.0,0.78,144,0
PAT-12187,80,Male,Emergency,Total Hip Arthroplasty,4,0,7,3,6.2,0.98,134,1
PAT-12188,81,Female,Urgent,Type 2 Diabetes,6,0,3,2,8.8,2.02,108,0
PAT-12189,75,Female,Elective,COPD Exacerbation,8,7,12,1,6.3,3.07,134,1
PAT-12190,48,Male,Emergency,Type 2 Diabetes,2,3,13,0,4.5,1.09,134,0
PAT-12191,87,Female,Emergency,Heart Failure,3,2,6,0,6.5,1.12,144,1
PAT-12192,75,Male,Emergency,Pneumonia,6,5,4,2,9.0,0.63,166,1
PAT-12193,69,Male,Emergency,COPD Exacerbation,5,3,13,0,5.4,1.63,160,0
PAT-12194,33,Female,Emergency,Pneumonia,5,1,10,0,8.1,0.97,139,0
PAT-12195,61,Female,Elective,Pneumonia,8,1,9,3,7.4,0.58,130,1
PAT-12196,62,Male,Emergency,Sepsis,5,2,12,1,8.9,3.19,128,1
PAT-12197,85,Female,Emergency,Heart Failure,5,3,8,2,8.0,0.68,121,0
PAT-12198,68,Female,Elective,Type 2 Diabetes,2,2,9,0,8.7,0.83,162,0
PAT-12199,57,Male,Emergency,Sepsis,11,2,12,0,9.3,0.64,176,1
PAT-12200,90,Female,Emergency,Total Hip Arthroplasty,4,5,6,4,6.3,1.01,154,1
PAT-12201,33,Male,Emergency,Pneumonia,4,1,10,1,8.4,2.52,136,1
PAT-12202,60,Female,Emergency,Total Hip Arthroplasty,4,0,7,0,7.1,1.16,110,0
PAT-12203,24,Male,Elective,Heart Failure,2,3,15,1,6.8,0.82,124,0
PAT-12204,79,Female,Elective,Type 2 Diabetes,4,2,9,0,9.8,2.42,160,1
PAT-12205,88,Female,Emergency,Sepsis,13,3,9,1,10.4,1.41,119,0
PAT-12206,49,Male,Emergency,Total Hip Arthroplasty,6,2,10,0,7.2,0.86,114,0
PAT-12207,85,Male,Emergency,Type 2 Diabetes,4,3,7,0,6.7,1.44,116,0
PAT-12208,50,Female,Emergency,Heart Failure,4,2,9,2,10.3,1.23,114,0
PAT-12209,87,Female,Emergency,Heart Failure,5,0,8,1,7.0,2.01,126,1
PAT-12210,79,Male,Emergency,Type 2 Diabetes,1,0,8,1,5.7,1.15,131,0
PAT-12211,82,Female,Emergency,Acute Myocardial Infarction,7,1,1,0,8.3,5.82,136,0
PAT-12212,21,Male,Emergency,Pneumonia,9,4,5,0,5.9,0.8,135,1
PAT-12213,90,Male,Elective,Pneumonia,6,4,4,1,4.8,1.42,137,0
PAT-12214,78,Male,Urgent,COPD Exacerbation,4,3,9,0,4.2,0.9,133,0
PAT-12215,51,Female,Urgent,Total Hip Arthroplasty,2,2,8,2,5.3,1.89,134,0
PAT-12216,83,Female,Emergency,Heart Failure,6,2,8,0,5.1,2.91,129,1
PAT-12217,49,Male,Elective,Acute Myocardial Infarction,2,3,4,0,5.8,1.3,123,0
PAT-12218,85,Female,Elective,Total Hip Arthroplasty,3,1,7,0,8.1,0.61,179,0
PAT-12219,33,Female,Urgent,Type 2 Diabetes,5,2,9,1,7.5,0.79,126,1
PAT-12220,77,Female,Emergency,Sepsis,10,4,4,0,6.0,0.68,132,1
PAT-12221,67,Female,Elective,Acute Myocardial Infarction,7,1,10,0,8.0,1.04,131,0
PAT-12222,32,Female,Emergency,Heart Failure,5,2,8,0,7.1,4.55,163,1
PAT-12223,46,Female,Elective,Type 2 Diabetes,1,2,10,1,6.4,2.82,134,0
PAT-12224,20,Male,Emergency,COPD Exacerbation,2,4,6,0,7.6,2.47,156,0
PAT-12225,63,Female,Elective,Pneumonia,7,2,4,2,7.4,2.51,130,0
PAT-12226,51,Female,Urgent,Pneumonia,3,3,2,1,6.4,0.93,114,1
PAT-12227,71,Female,Emergency,Type 2 Diabetes,2,4,9,2,4.1,2.01,150,1
PAT-12228,51,Male,Emergency,Acute Myocardial Infarction,2,2,3,0,5.9,0.52,116,1
PAT-12229,51,Female,Emergency,Type 2 Diabetes,4,2,8,1,8.6,1.0,159,1
PAT-12230,79,Male,Emergency,Pneumonia,6,4,15,1,4.3,1.74,124,1
PAT-12231,25,Male,Emergency,Type 2 Diabetes,5,1,8,0,7.4,0.77,131,0
PAT-12232,87,Female,Emergency,Acute Myocardial Infarction,4,0,5,1,7.8,0.84,130,0
PAT-12233,84,Female,Urgent,Heart Failure,1,1,11,0,6.5,1.72,118,0
PAT-12234,75,Female,Emergency,Type 2 Diabetes,4,4,12,2,5.4,1.38,168,1
PAT-12235,71,Male,Elective,Type 2 Diabetes,7,2,5,1,9.8,1.65,128,1
PAT-12236,86,Male,Urgent,Heart Failure,6,1,19,1,8.4,1.45,104,1
PAT-12237,41,Male,Urgent,Type 2 Diabetes,1,3,8,1,6.2,3.79,145,0
PAT-12238,29,Female,Elective,COPD Exacerbation,1,2,7,1,4.8,4.3,103,0
PAT-12239,46,Male,Emergency,Acute Myocardial Infarction,6,1,6,2,8.2,0.84,127,1
PAT-12240,82,Female,Elective,COPD Exacerbation,4,2,11,3,6.6,1.6,115,1
PAT-12241,23,Female,Emergency,Pneumonia,8,0,17,2,8.3,1.41,132,0
PAT-12242,70,Male,Urgent,Heart Failure,7,1,8,1,7.8,0.56,163,0
PAT-12243,91,Male,Elective,Ischemic Stroke,6,1,11,0,6.5,0.66,139,1
PAT-12244,85,Female,Elective,Heart Failure,8,0,3,2,7.4,1.03,107,0
PAT-12245,66,Female,Emergency,COPD Exacerbation,3,3,11,1,9.0,0.93,108,0
PAT-12246,27,Female,Elective,Total Hip Arthroplasty,1,2,8,1,6.4,0.9,143,0
PAT-12247,83,Female,Elective,Acute Myocardial Infarction,4,4,2,1,4.7,0.73,148,0
PAT-12248,71,Female,Urgent,Type 2 Diabetes,6,3,10,1,6.3,4.49,121,0
PAT-12249,34,Male,Emergency,Type 2 Diabetes,5,5,6,0,6.7,2.8,146,0
PAT-12250,31,Male,Urgent,Heart Failure,3,2,13,0,5.6,0.56,108,0
PAT-12251,87,Male,Emergency,COPD Exacerbation,2,2,11,1,8.0,7.03,143,0
PAT-12252,75,Male,Elective,COPD Exacerbation,2,2,11,0,7.6,0.53,153,0
PAT-12253,83,Male,Elective,Acute Myocardial Infarction,3,2,6,2,8.3,0.6,150,0
PAT-12254,86,Male,Emergency,Heart Failure,4,0,4,0,7.5,1.68,144,0
PAT-12255,69,Male,Emergency,Sepsis,9,3,5,0,6.6,0.7,98,0
PAT-12256,66,Female,Elective,Acute Myocardial Infarction,9,1,10,3,8.8,0.68,123,1
PAT-12257,60,Male,Emergency,Heart Failure,7,4,6,0,7.6,0.71,126,0
PAT-12258,52,Male,Emergency,Type 2 Diabetes,1,5,4,0,8.7,7.16,125,0
PAT-12259,61,Male,Elective,COPD Exacerbation,3,3,6,1,6.3,1.23,111,0
PAT-12260,80,Male,Elective,Pneumonia,6,6,6,3,8.3,1.37,176,1
PAT-12261,71,Female,Elective,Heart Failure,6,6,13,0,7.4,1.66,114,0
PAT-12262,86,Male,Emergency,Heart Failure,9,2,10,2,7.7,2.7,110,0
PAT-12263,61,Female,Emergency,Sepsis,8,1,8,2,8.0,1.16,120,1
PAT-12264,71,Male,Elective,Heart Failure,9,4,9,2,4.8,0.95,154,0
PAT-12265,73,Female,Emergency,Heart Failure,10,3,7,1,6.8,0.5,128,1
PAT-12266,70,Female,Elective,Sepsis,8,2,10,1,6.6,0.63,158,1
PAT-12267,77,Female,Elective,COPD Exacerbation,5,3,5,1,7.2,1.36,121,1
PAT-12268,46,Male,Emergency,COPD Exacerbation,4,2,7,0,7.0,3.97,131,0
PAT-12269,66,Female,Emergency,Pneumonia,6,3,9,4,7.8,1.38,140,1
PAT-12270,32,Male,Urgent,COPD Exacerbation,3,5,9,0,6.5,3.34,114,0
PAT-12271,57,Female,Emergency,COPD Exacerbation,6,3,9,0,7.1,3.63,112,0
PAT-12272,64,Male,Elective,Ischemic Stroke,4,1,9,1,7.6,0.59,153,0
PAT-12273,74,Male,Urgent,Type 2 Diabetes,3,3,7,1,7.7,2.15,101,0
PAT-12274,89,Female,Urgent,Type 2 Diabetes,6,1,7,0,6.6,0.98,118,0
PAT-12275,71,Female,Emergency,Heart Failure,7,1,10,1,6.9,3.53,145,0
PAT-12276,79,Male,Emergency,COPD Exacerbation,10,1,9,0,8.3,4.31,147,0
PAT-12277,65,Male,Urgent,COPD Exacerbation,2,4,8,2,6.8,0.63,135,0
PAT-12278,73,Male,Elective,Heart Failure,4,0,11,1,5.1,0.53,126,1
PAT-12279,28,Female,Emergency,Type 2 Diabetes,1,4,9,0,7.0,0.6,173,0
PAT-12280,47,Female,Emergency,Heart Failure,2,3,10,0,7.5,1.27,141,0
PAT-12281,56,Male,Emergency,Type 2 Diabetes,1,3,6,1,8.5,0.7,160,0
PAT-12282,63,Female,Urgent,Ischemic Stroke,6,2,9,1,7.5,0.5,139,1
PAT-12283,25,Female,Emergency,Acute Myocardial Infarction,3,2,13,1,7.9,3.6,124,0
PAT-12284,36,Female,Elective,Heart Failure,5,1,4,0,6.3,2.05,158,0
PAT-12285,49,Male,Elective,Type 2 Diabetes,3,2,7,1,6.0,0.99,109,0
PAT-12286,90,Male,Elective,Heart Failure,7,4,7,3,7.6,3.51,122,1
PAT-12287,53,Female,Elective,Acute Myocardial Infarction,4,3,2,0,9.8,0.81,140,0
PAT-12288,64,Female,Elective,Pneumonia,4,5,12,0,9.0,0.64,146,1
PAT-12289,42,Female,Emergency,Ischemic Stroke,3,4,9,2,8.7,0.51,111,1
PAT-12290,72,Female,Emergency,Acute Myocardial Infarction,6,1,7,0,7.9,0.93,116,0
PAT-12291,49,Female,Elective,Pneumonia,9,2,11,2,6.9,2.62,120,1
PAT-12292,43,Male,Emergency,Sepsis,13,2,6,2,8.8,1.08,131,0
PAT-12293,66,Female,Emergency,Acute Myocardial Infarction,7,1,8,0,8.8,0.99,105,0
PAT-12294,19,Female,Emergency,Type 2 Diabetes,5,3,11,2,6.8,0.83,117,0
PAT-12295,19,Male,Emergency,COPD Exacerbation,4,2,6,0,6.0,1.46,106,0
PAT-12296,44,Female,Elective,COPD Exacerbation,5,7,2,0,6.9,1.97,115,1
PAT-12297,24,Male,Elective,Pneumonia,5,0,7,1,7.4,0.99,131,0
PAT-12298,33,Female,Emergency,Heart Failure,4,1,15,2,6.0,3.19,125,1
PAT-12299,54,Female,Elective,Type 2 Diabetes,5,2,8,0,5.9,0.53,165,0
PAT-12300,82,Male,Emergency,Type 2 Diabetes,4,2,7,1,6.9,0.83,133,1
PAT-12301,69,Male,Elective,Heart Failure,5,3,6,1,6.2,1.87,138,0
PAT-12302,66,Female,Emergency,Total Hip Arthroplasty,1,3,12,0,7.2,1.42,140,0
PAT-12303,50,Male,Elective,Acute Myocardial Infarction,5,2,8,0,9.6,3.25,123,0
PAT-12304,88,Male,Emergency,Acute Myocardial Infarction,4,2,6,1,8.8,0.72,152,0
PAT-12305,58,Female,Emergency,COPD Exacerbation,5,4,10,0,9.5,0.56,125,1
PAT-12306,30,Female,Elective,Acute Myocardial Infarction,4,3,8,0,4.6,0.97,181,0
PAT-12307,72,Male,Emergency,Ischemic Stroke,8,4,9,1,9.7,1.12,122,1
PAT-12308,34,Female,Urgent,Pneumonia,7,1,9,1,6.5,4.95,144,1
PAT-12309,54,Male,Elective,Acute Myocardial Infarction,4,2,11,0,7.8,1.05,133,0
PAT-12310,65,Male,Emergency,Type 2 Diabetes,5,2,11,0,10.4,0.83,114,1
PAT-12311,86,Male,Elective,Sepsis,9,2,6,2,7.3,5.16,100,1
PAT-12312,64,Female,Emergency,Sepsis,5,1,8,1,5.0,5.33,135,1
PAT-12313,77,Female,Emergency,Total Hip Arthroplasty,5,2,5,1,4.6,2.06,160,1
PAT-12314,91,Male,Urgent,Heart Failure,7,1,12,0,7.1,1.72,147,1
PAT-12315,36,Female,Emergency,Type 2 Diabetes,5,4,9,1,5.5,2.16,153,0
PAT-12316,49,Female,Elective,Heart Failure,5,4,12,0,6.7,1.3,129,0
PAT-12317,58,Female,Emergency,Pneumonia,3,1,8,1,7.3,0.72,131,1
PAT-12318,60,Female,Elective,Pneumonia,6,1,12,2,7.7,1.25,142,1
PAT-12319,59,Male,Emergency,Type 2 Diabetes,5,2,8,1,6.8,1.28,145,1
PAT-12320,87,Female,Emergency,Acute Myocardial Infarction,6,3,14,0,9.1,2.55,115,1
PAT-12321,77,Male,Urgent,Type 2 Diabetes,4,2,5,0,7.0,0.76,108,0
PAT-12322,71,Female,Emergency,Sepsis,6,3,8,1,7.3,1.5,116,0
PAT-12323,52,Male,Elective,Heart Failure,3,2,13,1,6.8,5.49,102,0
PAT-12324,83,Female,Emergency,Type 2 Diabetes,6,4,9,0,7.4,1.08,131,0
PAT-12325,89,Male,Emergency,COPD Exacerbation,3,2,13,0,7.7,3.37,136,1
PAT-12326,83,Male,Elective,COPD Exacerbation,5,2,6,1,7.6,1.11,125,0
PAT-12327,18,Female,Emergency,Heart Failure,3,5,11,1,6.4,3.92,154,1
PAT-12328,73,Male,Emergency,Sepsis,11,1,7,1,8.4,0.52,127,1
PAT-12329,26,Female,Urgent,COPD Exacerbation,5,4,8,0,3.9,0.75,103,0
PAT-12330,47,Male,Elective,Sepsis,10,1,12,2,6.4,1.51,128,1
PAT-12331,27,Male,Emergency,Sepsis,8,1,1,1,9.0,7.46,105,0
PAT-12332,71,Male,Emergency,COPD Exacerbation,4,2,7,0,8.8,0.6,123,1
PAT-12333,76,Male,Elective,Total Hip Arthroplasty,2,2,9,2,7.0,0.76,138,0
PAT-12334,34,Female,Urgent,Sepsis,6,3,12,0,5.6,1.3,138,1
PAT-12335,57,Female,Urgent,Ischemic Stroke,8,2,9,0,6.2,0.59,125,0
PAT-12336,62,Female,Urgent,Sepsis,7,4,10,0,6.3,3.01,128,0
PAT-12337,56,Female,Emergency,Sepsis,8,2,9,1,5.5,6.22,118,0
PAT-12338,34,Male,Urgent,Pneumonia,5,5,3,2,8.1,0.51,129,0
PAT-12339,60,Female,Urgent,Type 2 Diabetes,7,2,8,2,7.1,0.71,141,1
PAT-12340,79,Male,Emergency,Total Hip Arthroplasty,5,4,10,0,9.2,2.03,140,0
PAT-12341,28,Female,Emergency,Acute Myocardial Infarction,2,6,8,1,5.2,3.8,121,0
PAT-12342,30,Female,Emergency,Type 2 Diabetes,3,1,5,1,5.7,0.91,130,0
PAT-12343,55,Male,Elective,Type 2 Diabetes,7,4,12,0,8.1,1.24,148,0
PAT-12344,89,Female,Emergency,Acute Myocardial Infarction,7,5,4,0,9.7,2.39,145,1
PAT-12345,75,Male,Emergency,Pneumonia,3,6,7,1,5.5,1.21,128,0
PAT-12346,75,Female,Emergency,Heart Failure,4,5,12,1,7.3,4.6,130,0
PAT-12347,56,Male,Emergency,Heart Failure,3,3,8,3,6.1,3.03,138,1
PAT-12348,71,Female,Emergency,Acute Myocardial Infarction,8,3,8,1,4.9,1.54,136,0
PAT-12349,19,Female,Elective,Type 2 Diabetes,5,4,4,0,6.0,0.61,145,0
PAT-12350,73,Male,Emergency,Pneumonia,5,4,3,1,6.3,0.58,151,0
PAT-12351,87,Male,Urgent,Acute Myocardial Infarction,4,3,9,0,7.2,3.11,135,0
PAT-12352,72,Female,Urgent,Acute Myocardial Infarction,5,1,14,0,4.9,1.25,159,0
PAT-12353,86,Female,Urgent,Heart Failure,6,4,12,0,7.6,0.66,136,1
PAT-12354,78,Male,Elective,Heart Failure,4,3,8,0,7.8,1.47,111,1
PAT-12355,34,Female,Emergency,COPD Exacerbation,3,1,8,1,6.6,1.51,137,0
PAT-12356,87,Male,Emergency,Acute Myocardial Infarction,3,0,7,2,10.4,2.03,138,1
PAT-12357,28,Male,Emergency,Heart Failure,6,2,9,1,9.0,1.2,133,0
PAT-12358,67,Female,Urgent,Type 2 Diabetes,1,1,9,1,10.2,0.9,142,0
PAT-12359,37,Female,Emergency,Total Hip Arthroplasty,1,4,9,1,6.3,0.74,114,0
PAT-12360,20,Male,Elective,Ischemic Stroke,6,3,13,1,8.0,4.32,125,0
PAT-12361,60,Female,Elective,Pneumonia,4,4,7,0,7.3,1.34,119,0
PAT-12362,50,Male,Urgent,Heart Failure,4,2,6,2,6.6,1.53,148,1
PAT-12363,64,Female,Elective,Type 2 Diabetes,4,1,13,2,7.2,0.56,114,0
PAT-12364,70,Male,Elective,Type 2 Diabetes,5,0,13,0,5.8,0.62,135,0
PAT-12365,25,Female,Emergency,Type 2 Diabetes,2,1,13,0,6.5,2.02,128,0
PAT-12366,35,Male,Elective,Pneumonia,9,1,7,2,6.2,1.78,123,1
PAT-12367,68,Female,Emergency,COPD Exacerbation,5,2,8,1,8.0,1.01,156,0
PAT-12368,54,Female,Urgent,Heart Failure,7,2,8,1,5.8,0.94,174,0
PAT-12369,78,Male,Emergency,Total Hip Arthroplasty,4,3,14,2,7.4,2.69,123,1
PAT-12370,74,Female,Emergency,COPD Exacerbation,10,0,11,1,6.2,3.28,114,0
PAT-12371,84,Female,Urgent,COPD Exacerbation,8,3,4,1,7.8,2.11,143,0
PAT-12372,76,Female,Emergency,Ischemic Stroke,7,1,6,2,7.2,0.6,107,1
PAT-12373,60,Female,Urgent,COPD Exacerbation,6,2,8,0,6.5,3.17,142,0
PAT-12374,75,Male,Elective,Total Hip Arthroplasty,3,2,7,0,8.3,0.98,167,0
PAT-12375,49,Male,Elective,Type 2 Diabetes,3,2,9,0,5.4,0.8,135,0
PAT-12376,51,Female,Emergency,Type 2 Diabetes,1,2,9,2,6.5,3.47,149,0
PAT-12377,81,Male,Emergency,Pneumonia,5,0,3,1,5.9,2.06,168,0
PAT-12378,61,Male,Urgent,Pneumonia,10,3,14,0,4.3,1.63,139,1
PAT-12379,82,Male,Urgent,Type 2 Diabetes,2,2,9,0,6.0,1.15,131,0
PAT-12380,83,Female,Emergency,Acute Myocardial Infarction,4,4,11,2,6.2,1.45,127,1
PAT-12381,85,Male,Emergency,Heart Failure,6,2,8,2,7.3,1.59,122,1
PAT-12382,88,Female,Emergency,Acute Myocardial Infarction,5,2,9,1,7.1,3.64,118,0
PAT-12383,60,Female,Urgent,Pneumonia,7,0,5,0,8.4,0.7,119,0
PAT-12384,52,Female,Emergency,Acute Myocardial Infarction,3,2,7,0,7.9,1.96,124,0
PAT-12385,70,Female,Emergency,Pneumonia,7,1,11,0,7.2,1.05,133,0
PAT-12386,56,Male,Elective,Ischemic Stroke,9,2,10,1,8.5,3.63,120,1
PAT-12387,71,Female,Emergency,Type 2 Diabetes,7,2,11,0,5.3,0.86,121,0
PAT-12388,77,Male,Urgent,Ischemic Stroke,7,2,8,0,8.1,1.27,115,1
PAT-12389,76,Female,Emergency,Heart Failure,7,3,6,0,7.1,0.59,150,1
PAT-12390,56,Male,Emergency,Acute Myocardial Infarction,2,3,7,1,8.9,4.15,117,0
PAT-12391,39,Male,Emergency,Pneumonia,4,2,4,0,8.1,0.99,133,0
PAT-12392,60,Male,Emergency,Sepsis,6,5,11,1,4.5,1.13,126,1
PAT-12393,37,Male,Emergency,Sepsis,8,0,6,0,5.4,0.93,162,0
PAT-12394,86,Male,Emergency,Sepsis,8,0,7,1,6.3,1.93,136,1
PAT-12395,54,Female,Emergency,Heart Failure,2,4,6,0,6.0,7.99,136,0
PAT-12396,38,Male,Urgent,Sepsis,7,2,9,2,5.2,0.51,145,0
PAT-12397,22,Female,Emergency,Type 2 Diabetes,1,2,7,0,5.9,2.5,169,0
PAT-12398,74,Male,Urgent,Heart Failure,8,3,3,1,5.0,1.53,130,1
PAT-12399,73,Female,Elective,Type 2 Diabetes,3,1,12,1,7.8,0.74,106,0
PAT-12400,54,Male,Emergency,Pneumonia,8,6,8,2,7.6,0.59,117,1
PAT-12401,29,Male,Emergency,Acute Myocardial Infarction,2,1,5,0,6.5,0.56,122,0
PAT-12402,59,Female,Emergency,Type 2 Diabetes,1,6,9,1,9.9,1.09,117,1
PAT-12403,52,Female,Emergency,Heart Failure,7,2,8,1,5.0,2.19,115,0
PAT-12404,75,Male,Emergency,COPD Exacerbation,6,2,10,0,8.5,0.69,148,0
PAT-12405,71,Female,Emergency,Ischemic Stroke,11,1,5,2,7.4,1.22,146,1
PAT-12406,56,Female,Elective,COPD Exacerbation,4,3,6,1,4.8,0.57,148,0
PAT-12407,44,Female,Emergency,Acute Myocardial Infarction,3,2,9,0,7.8,0.88,110,0
PAT-12408,91,Male,Emergency,COPD Exacerbation,8,0,8,2,7.7,1.44,136,1
PAT-12409,62,Male,Emergency,Sepsis,11,4,13,0,8.1,1.23,137,1
PAT-12410,76,Male,Elective,Ischemic Stroke,8,2,5,2,6.6,0.85,117,0
PAT-12411,36,Male,Emergency,COPD Exacerbation,11,1,6,2,6.0,0.7,124,1
PAT-12412,64,Female,Urgent,Pneumonia,6,0,6,0,6.3,0.9,117,0
PAT-12413,22,Male,Emergency,Sepsis,5,2,8,1,8.0,0.67,117,0
PAT-12414,65,Female,Urgent,Ischemic Stroke,5,1,7,1,5.6,2.3,98,0
PAT-12415,90,Female,Emergency,Heart Failure,6,1,4,1,7.2,4.85,104,0
PAT-12416,57,Female,Urgent,COPD Exacerbation,8,4,6,1,9.2,0.67,133,1
PAT-12417,24,Male,Elective,Sepsis,7,1,4,0,7.8,0.53,124,0
PAT-12418,23,Male,Emergency,COPD Exacerbation,6,1,8,1,7.8,2.22,163,0
PAT-12419,57,Female,Emergency,Pneumonia,7,5,10,0,8.7,0.86,158,1
PAT-12420,38,Male,Emergency,COPD Exacerbation,6,3,11,1,7.8,0.72,152,1
PAT-12421,22,Female,Urgent,Type 2 Diabetes,3,1,11,2,7.2,1.99,167,0
PAT-12422,80,Female,Elective,Type 2 Diabetes,5,8,7,1,6.3,1.62,142,0
PAT-12423,62,Female,Emergency,Ischemic Stroke,8,6,5,2,6.3,0.9,110,1
PAT-12424,50,Male,Emergency,COPD Exacerbation,3,3,9,1,8.4,3.88,124,1
PAT-12425,87,Male,Emergency,Total Hip Arthroplasty,3,4,4,1,7.2,0.62,145,1
PAT-12426,34,Female,Elective,Sepsis,8,4,4,0,5.9,1.45,144,0
PAT-12427,89,Male,Elective,COPD Exacerbation,10,1,4,1,7.7,0.85,129,0
PAT-12428,52,Female,Emergency,Sepsis,5,4,9,0,9.5,3.64,151,0
PAT-12429,86,Male,Emergency,Type 2 Diabetes,1,4,8,1,4.9,2.97,105,1
PAT-12430,71,Male,Emergency,COPD Exacerbation,5,0,3,1,7.1,0.55,130,0
PAT-12431,83,Female,Emergency,COPD Exacerbation,8,1,9,0,6.8,2.01,110,0
PAT-12432,91,Male,Emergency,COPD Exacerbation,6,4,5,3,9.1,5.62,136,0
PAT-12433,50,Male,Emergency,Heart Failure,2,4,11,4,7.0,2.05,118,1
PAT-12434,90,Female,Emergency,Type 2 Diabetes,5,3,13,0,7.3,0.63,126,1
PAT-12435,57,Male,Urgent,Type 2 Diabetes,1,5,7,0,7.4,1.53,150,0
PAT-12436,57,Female,Elective,COPD Exacerbation,6,6,7,0,8.2,1.43,129,0
PAT-12437,54,Female,Urgent,Ischemic Stroke,6,4,7,1,8.2,0.96,77,1
PAT-12438,67,Female,Emergency,Ischemic Stroke,7,1,6,0,6.1,0.86,111,1
PAT-12439,38,Female,Urgent,Type 2 Diabetes,4,6,5,1,5.3,1.29,138,0
PAT-12440,68,Male,Elective,Type 2 Diabetes,4,4,7,0,5.0,3.05,172,1
PAT-12441,67,Male,Emergency,Heart Failure,4,1,6,0,6.7,3.32,135,0
PAT-12442,80,Male,Emergency,Pneumonia,9,4,9,1,9.0,0.93,119,1
PAT-12443,84,Female,Elective,Sepsis,11,1,14,0,5.4,0.73,120,0
PAT-12444,61,Female,Urgent,Total Hip Arthroplasty,1,0,6,0,10.0,1.29,122,0
PAT-12445,51,Female,Emergency,Type 2 Diabetes,3,2,16,2,7.6,1.29,147,0
PAT-12446,48,Female,Emergency,Type 2 Diabetes,1,1,8,3,4.6,0.67,114,0
PAT-12447,42,Male,Elective,Type 2 Diabetes,1,2,7,1,6.2,1.07,122,0
PAT-12448,27,Male,Urgent,Type 2 Diabetes,3,3,8,1,7.8,1.62,138,1
PAT-12449,54,Female,Elective,Sepsis,8,3,7,1,8.2,0.7,149,1
PAT-12450,48,Male,Emergency,COPD Exacerbation,4,0,6,1,4.3,0.89,136,0
PAT-12451,90,Male,Emergency,Sepsis,8,3,6,0,9.3,1.77,128,0
PAT-12452,68,Female,Emergency,COPD Exacerbation,6,2,8,1,7.9,2.46,109,1
PAT-12453,54,Male,Elective,Type 2 Diabetes,5,0,9,2,7.5,2.0,108,1
PAT-12454,70,Female,Elective,Type 2 Diabetes,8,1,5,2,10.8,3.35,152,1
PAT-12455,36,Female,Elective,Heart Failure,4,6,12,1,6.3,2.59,121,1
PAT-12456,61,Female,Emergency,Sepsis,6,1,11,1,6.4,1.13,161,1
PAT-12457,72,Female,Urgent,Sepsis,8,4,8,0,10.0,3.09,129,1
PAT-12458,64,Female,Elective,Acute Myocardial Infarction,6,3,8,0,6.3,1.06,149,0
PAT-12459,58,Female,Urgent,Heart Failure,3,3,10,0,7.1,0.79,101,1
PAT-12460,91,Female,Elective,Acute Myocardial Infarction,3,5,6,0,4.5,1.58,121,1
PAT-12461,86,Male,Elective,Heart Failure,5,3,8,2,9.5,4.54,116,0
PAT-12462,72,Male,Elective,Heart Failure,5,2,10,0,6.0,2.21,156,0
PAT-12463,69,Male,Emergency,Pneumonia,4,2,8,0,7.6,1.65,148,1
PAT-12464,72,Female,Urgent,Pneumonia,7,1,6,0,8.4,2.34,109,0
PAT-12465,42,Female,Emergency,Sepsis,8,4,7,1,6.7,0.58,136,0
PAT-12466,58,Female,Elective,Acute Myocardial Infarction,6,3,8,1,8.6,0.68,110,1
PAT-12467,24,Female,Urgent,Heart Failure,3,1,11,0,5.1,1.84,137,0
PAT-12468,63,Male,Emergency,Type 2 Diabetes,5,2,3,0,7.6,1.08,170,1
PAT-12469,68,Male,Elective,Type 2 Diabetes,3,3,5,1,7.1,2.92,164,0
PAT-12470,45,Male,Emergency,Heart Failure,2,3,6,2,9.8,0.63,111,1
PAT-12471,90,Male,Elective,Type 2 Diabetes,4,1,5,1,7.7,1.01,113,0
PAT-12472,87,Female,Urgent,Acute Myocardial Infarction,2,2,5,1,6.1,1.68,124,0
PAT-12473,78,Female,Elective,Type 2 Diabetes,8,4,3,1,8.6,0.68,183,0
PAT-12474,67,Male,Elective,Sepsis,9,4,9,3,7.2,1.08,133,1
PAT-12475,85,Female,Emergency,Pneumonia,5,3,5,1,7.8,2.71,116,0
PAT-12476,35,Female,Emergency,Type 2 Diabetes,2,1,12,1,7.2,0.55,116,0
PAT-12477,81,Female,Emergency,Pneumonia,2,3,6,1,6.5,3.27,146,0
PAT-12478,35,Female,Elective,Acute Myocardial Infarction,6,3,8,1,7.6,1.31,144,0
PAT-12479,82,Female,Emergency,Pneumonia,10,5,9,1,6.7,1.52,111,1
PAT-12480,49,Male,Elective,Heart Failure,5,1,11,0,9.5,0.79,129,0
PAT-12481,86,Male,Emergency,Total Hip Arthroplasty,5,2,10,3,4.5,1.11,103,0
PAT-12482,89,Female,Elective,Heart Failure,4,4,8,1,7.4,2.69,123,0
PAT-12483,37,Female,Emergency,Total Hip Arthroplasty,1,2,10,2,5.6,2.03,100,0
PAT-12484,62,Male,Elective,Heart Failure,2,2,5,1,6.6,3.99,120,0
PAT-12485,91,Female,Elective,Acute Myocardial Infarction,5,0,4,1,6.0,1.87,138,1
PAT-12486,64,Female,Urgent,COPD Exacerbation,7,2,8,2,7.0,0.95,152,1
PAT-12487,85,Female,Elective,Pneumonia,6,1,7,0,5.6,2.82,145,0
PAT-12488,70,Female,Elective,Heart Failure,6,2,7,3,7.0,0.97,139,1
PAT-12489,56,Male,Urgent,Type 2 Diabetes,5,2,4,0,6.7,0.81,160,0
PAT-12490,50,Male,Elective,Acute Myocardial Infarction,1,0,4,1,6.9,0.58,126,0
PAT-12491,43,Female,Emergency,Total Hip Arthroplasty,6,2,8,0,8.4,0.88,144,1
PAT-12492,80,Female,Urgent,Pneumonia,9,3,5,0,6.6,0.78,143,0
PAT-12493,57,Female,Elective,Type 2 Diabetes,5,1,13,0,7.7,4.46,149,1
PAT-12494,66,Female,Emergency,Heart Failure,7,1,7,0,9.7,1.48,112,0
PAT-12495,64,Male,Elective,Acute Myocardial Infarction,7,2,5,2,5.5,0.6,121,1
PAT-12496,70,Male,Urgent,Type 2 Diabetes,5,2,13,0,7.8,1.93,132,1
PAT-12497,85,Male,Urgent,Heart Failure,9,3,8,0,5.7,2.37,148,1
PAT-12498,91,Male,Urgent,COPD Exacerbation,5,1,10,0,7.7,0.52,134,0
PAT-12499,59,Male,Emergency,Pneumonia,7,5,8,1,5.6,1.3,100,1
PAT-12500,83,Male,Emergency,Heart Failure,9,1,12,1,7.6,1.71,149,1
PAT-12501,80,Female,Emergency,Heart Failure,1,4,7,1,9.7,0.59,119,0
PAT-12502,69,Female,Emergency,Acute Myocardial Infarction,6,2,11,1,7.6,0.61,135,1
PAT-12503,89,Male,Urgent,Heart Failure,8,4,5,1,6.8,2.19,143,0
PAT-12504,42,Female,Emergency,Sepsis,4,5,9,0,7.6,1.98,103,1
PAT-12505,33,Male,Elective,Type 2 Diabetes,3,2,9,2,4.5,2.11,90,0
PAT-12506,85,Male,Elective,Heart Failure,5,2,12,1,8.0,0.57,128,1
PAT-12507,61,Male,Elective,Acute Myocardial Infarction,5,3,7,2,6.5,1.77,148,1
PAT-12508,84,Female,Emergency,Pneumonia,7,5,9,2,8.6,1.07,132,1
PAT-12509,86,Male,Emergency,Type 2 Diabetes,3,0,7,1,7.3,0.79,126,1
PAT-12510,27,Female,Emergency,Pneumonia,7,1,12,1,5.0,1.05,144,0
PAT-12511,86,Male,Emergency,Heart Failure,5,1,9,1,6.7,0.61,158,1
PAT-12512,62,Female,Urgent,COPD Exacerbation,5,0,8,0,4.8,0.64,136,0
PAT-12513,66,Female,Elective,Type 2 Diabetes,7,1,8,2,8.1,0.95,160,1
PAT-12514,72,Male,Emergency,Acute Myocardial Infarction,3,2,7,0,6.0,0.89,112,0
PAT-12515,88,Female,Urgent,COPD Exacerbation,6,0,7,2,8.2,1.39,95,1
PAT-12516,21,Female,Emergency,COPD Exacerbation,2,3,12,1,5.4,0.59,109,0
PAT-12517,63,Male,Elective,Sepsis,8,2,7,2,7.5,1.03,145,1
PAT-12518,76,Female,Emergency,COPD Exacerbation,10,2,11,2,7.4,2.78,118,1
PAT-12519,78,Male,Elective,Pneumonia,8,3,9,3,8.4,2.76,136,1
PAT-12520,76,Female,Emergency,Pneumonia,7,4,7,1,5.9,1.23,131,1
PAT-12521,36,Male,Emergency,Heart Failure,5,3,6,1,7.8,2.34,137,0
PAT-12522,51,Male,Emergency,Acute Myocardial Infarction,5,1,6,0,6.1,0.69,152,0
PAT-12523,55,Female,Emergency,Acute Myocardial Infarction,1,5,10,1,8.4,0.72,129,1
PAT-12524,82,Female,Elective,Type 2 Diabetes,9,2,8,2,8.9,0.56,155,1
PAT-12525,49,Male,Emergency,Sepsis,5,2,8,0,6.3,2.07,104,0
PAT-12526,43,Female,Elective,COPD Exacerbation,8,2,15,1,6.1,1.68,134,1
PAT-12527,90,Female,Elective,Pneumonia,8,2,10,2,5.2,2.14,169,1
PAT-12528,19,Male,Elective,Heart Failure,4,2,4,0,4.2,0.92,152,0
PAT-12529,91,Female,Elective,Pneumonia,7,2,4,0,8.2,0.81,144,0
PAT-12530,75,Female,Emergency,COPD Exacerbation,11,1,6,0,8.7,1.26,126,0
PAT-12531,83,Male,Elective,Heart Failure,7,3,8,0,6.9,0.75,141,1
PAT-12532,50,Female,Urgent,Pneumonia,6,2,8,0,5.8,0.87,150,0
PAT-12533,20,Female,Elective,Ischemic Stroke,4,1,6,1,6.4,0.8,130,0
PAT-12534,79,Female,Elective,Acute Myocardial Infarction,4,3,14,0,7.3,5.43,158,0
PAT-12535,84,Male,Elective,COPD Exacerbation,6,3,4,1,8.2,3.55,132,0
PAT-12536,79,Male,Emergency,COPD Exacerbation,4,3,8,1,5.6,0.85,145,1
PAT-12537,37,Male,Elective,Heart Failure,6,2,13,2,7.2,2.06,155,1
PAT-12538,79,Female,Urgent,Ischemic Stroke,6,1,9,2,7.1,2.08,112,0
PAT-12539,80,Female,Emergency,Total Hip Arthroplasty,6,4,5,0,5.9,0.94,162,1
PAT-12540,74,Female,Urgent,Acute Myocardial Infarction,7,0,11,1,8.2,1.27,130,0
PAT-12541,80,Female,Emergency,Heart Failure,6,1,11,1,8.4,1.78,99,0
PAT-12542,84,Male,Emergency,Type 2 Diabetes,6,2,9,2,6.9,0.69,149,1
PAT-12543,72,Female,Elective,Heart Failure,7,4,10,0,7.2,0.68,108,0
PAT-12544,31,Female,Elective,Pneumonia,2,2,8,1,5.7,1.0,159,0
PAT-12545,64,Female,Urgent,Type 2 Diabetes,7,0,11,0,7.8,1.33,101,0
PAT-12546,29,Male,Urgent,Acute Myocardial Infarction,3,2,8,3,9.8,0.91,102,0
PAT-12547,59,Male,Emergency,COPD Exacerbation,6,0,7,1,8.6,3.01,113,0
PAT-12548,59,Male,Elective,Heart Failure,7,1,14,0,6.7,1.37,117,1
PAT-12549,28,Male,Emergency,Acute Myocardial Infarction,1,1,8,1,4.8,0.51,130,0
PAT-12550,55,Female,Emergency,Heart Failure,4,3,5,2,7.5,3.28,92,0
PAT-12551,33,Female,Emergency,Sepsis,9,5,8,3,6.9,2.22,135,1
PAT-12552,82,Female,Elective,Type 2 Diabetes,5,4,12,1,6.5,3.5,122,1
PAT-12553,89,Male,Emergency,Type 2 Diabetes,6,3,10,1,7.8,0.68,109,0
PAT-12554,29,Male,Elective,Heart Failure,4,1,3,1,7.1,0.55,134,0
PAT-12555,89,Male,Elective,Ischemic Stroke,10,2,7,3,6.0,4.3,158,1
PAT-12556,66,Male,Emergency,COPD Exacerbation,5,3,9,1,7.9,1.74,156,0
PAT-12557,51,Male,Elective,Pneumonia,8,2,11,4,6.8,1.01,137,0
PAT-12558,29,Male,Emergency,Heart Failure,2,3,7,0,5.9,1.79,124,0
PAT-12559,65,Male,Emergency,Acute Myocardial Infarction,4,3,10,1,5.9,0.99,108,0
PAT-12560,82,Male,Elective,Type 2 Diabetes,3,1,8,0,6.2,1.52,110,0
PAT-12561,77,Female,Emergency,Ischemic Stroke,8,2,11,0,6.7,2.04,160,0
PAT-12562,26,Male,Urgent,Ischemic Stroke,5,1,6,0,4.7,1.51,139,0
PAT-12563,29,Male,Elective,Acute Myocardial Infarction,3,2,8,0,7.4,3.69,130,0
PAT-12564,58,Female,Emergency,Ischemic Stroke,5,1,11,3,9.4,0.65,137,1
PAT-12565,50,Male,Elective,Heart Failure,4,4,7,0,5.0,1.63,107,0
PAT-12566,45,Male,Emergency,Type 2 Diabetes,3,2,12,1,4.7,0.72,139,0
PAT-12567,49,Female,Emergency,Type 2 Diabetes,1,5,7,0,8.2,0.78,123,0
PAT-12568,82,Male,Emergency,Heart Failure,1,1,7,1,7.7,0.73,109,0
PAT-12569,88,Female,Emergency,Ischemic Stroke,8,1,8,0,5.9,1.37,124,1
PAT-12570,59,Male,Emergency,Heart Failure,1,4,8,1,4.6,3.2,135,1
PAT-12571,87,Male,Urgent,Sepsis,9,0,11,1,9.5,1.64,131,1
PAT-12572,53,Female,Emergency,Acute Myocardial Infarction,3,4,10,0,7.8,0.77,149,1
PAT-12573,63,Female,Elective,Type 2 Diabetes,5,2,10,0,6.5,2.19,116,0
PAT-12574,45,Male,Emergency,Heart Failure,3,3,7,0,6.4,1.93,136,0
PAT-12575,73,Female,Emergency,Heart Failure,9,3,4,0,6.3,0.79,122,1
PAT-12576,91,Female,Emergency,Type 2 Diabetes,7,3,4,0,7.8,1.02,128,1
PAT-12577,71,Male,Elective,Pneumonia,3,2,13,0,5.2,0.61,156,0
PAT-12578,55,Female,Emergency,Pneumonia,5,2,7,0,6.7,1.25,144,0
PAT-12579,74,Female,Emergency,COPD Exacerbation,8,4,11,0,8.5,1.81,142,1
PAT-12580,35,Male,Elective,Acute Myocardial Infarction,2,1,6,0,6.2,2.47,163,0
PAT-12581,86,Male,Elective,Type 2 Diabetes,5,4,13,2,7.5,2.17,109,1
PAT-12582,65,Male,Emergency,Heart Failure,8,2,9,1,7.4,1.36,135,0
PAT-12583,62,Male,Elective,Sepsis,8,3,7,0,11.0,0.87,116,1
PAT-12584,70,Female,Emergency,Type 2 Diabetes,6,3,6,0,6.8,5.13,91,1
PAT-12585,72,Female,Elective,Type 2 Diabetes,2,4,4,0,9.2,2.23,128,0
PAT-12586,29,Female,Emergency,Acute Myocardial Infarction,1,3,11,2,7.7,1.34,144,0
PAT-12587,76,Male,Emergency,Total Hip Arthroplasty,6,2,14,0,7.4,1.43,103,0
PAT-12588,46,Male,Emergency,Total Hip Arthroplasty,3,5,8,2,6.5,1.99,134,1
PAT-12589,77,Male,Urgent,Heart Failure,7,1,7,1,7.7,1.82,144,0
PAT-12590,83,Male,Emergency,Pneumonia,5,2,9,2,8.6,3.46,125,1
PAT-12591,82,Male,Urgent,Heart Failure,4,4,14,2,8.6,0.66,105,1
PAT-12592,68,Female,Emergency,Ischemic Stroke,9,2,10,0,7.1,0.91,158,0
PAT-12593,66,Female,Emergency,Type 2 Diabetes,4,3,12,0,7.6,1.88,98,0
PAT-12594,37,Female,Emergency,Heart Failure,4,3,4,1,9.6,1.38,132,1
PAT-12595,81,Female,Emergency,Total Hip Arthroplasty,4,1,8,2,6.5,3.29,105,1
PAT-12596,49,Male,Urgent,Ischemic Stroke,9,2,11,0,7.6,1.12,151,1
PAT-12597,65,Female,Elective,Acute Myocardial Infarction,6,9,6,2,8.9,0.77,149,1
PAT-12598,50,Male,Elective,Heart Failure,4,3,4,2,8.1,0.59,133,0
PAT-12599,36,Male,Elective,Pneumonia,2,3,8,0,7.6,1.24,118,0
PAT-12600,73,Female,Emergency,Sepsis,10,1,9,0,6.5,2.26,155,0
PAT-12601,26,Female,Urgent,COPD Exacerbation,2,3,11,0,7.6,0.66,134,0
PAT-12602,79,Female,Emergency,Heart Failure,3,1,9,2,7.2,2.78,108,0
PAT-12603,52,Female,Elective,Heart Failure,7,5,8,0,8.6,2.07,136,0
PAT-12604,18,Male,Elective,Sepsis,9,5,10,1,7.6,0.67,115,1
PAT-12605,66,Female,Urgent,Pneumonia,7,0,8,1,7.3,1.66,110,1
PAT-12606,25,Male,Elective,Acute Myocardial Infarction,1,1,8,0,8.0,1.37,111,0
PAT-12607,49,Male,Urgent,Type 2 Diabetes,7,1,11,0,8.0,0.81,150,0
PAT-12608,77,Male,Elective,COPD Exacerbation,8,2,11,0,7.9,1.41,115,1
PAT-12609,27,Male,Emergency,Ischemic Stroke,5,2,7,0,7.3,0.51,105,0
PAT-12610,84,Female,Emergency,Type 2 Diabetes,4,3,12,0,5.5,0.54,121,1
PAT-12611,18,Female,Elective,Acute Myocardial Infarction,3,2,7,2,5.3,1.45,176,0
PAT-12612,46,Female,Elective,Heart Failure,4,3,13,0,6.2,0.78,135,1
PAT-12613,79,Female,Emergency,Heart Failure,10,3,6,2,10.2,1.41,152,1
PAT-12614,52,Male,Emergency,Sepsis,8,2,11,2,5.4,1.29,154,1
PAT-12615,32,Male,Emergency,Sepsis,5,2,7,1,8.7,1.6,158,1
PAT-12616,55,Female,Urgent,COPD Exacerbation,8,2,11,0,7.3,0.6,145,0
PAT-12617,48,Female,Emergency,Heart Failure,3,5,9,0,9.0,1.2,141,0
PAT-12618,84,Female,Elective,Type 2 Diabetes,6,4,5,0,8.3,0.85,120,1
PAT-12619,52,Male,Emergency,Total Hip Arthroplasty,4,0,4,1,8.2,1.4,132,0
PAT-12620,81,Male,Emergency,Type 2 Diabetes,4,3,9,4,7.9,2.02,127,1
PAT-12621,86,Male,Urgent,Sepsis,8,4,5,1,3.9,1.2,124,1
PAT-12622,61,Male,Emergency,Type 2 Diabetes,4,2,11,0,8.9,1.16,136,1
PAT-12623,87,Female,Emergency,Total Hip Arthroplasty,2,2,9,1,6.7,0.68,141,0
PAT-12624,57,Female,Emergency,Total Hip Arthroplasty,3,3,8,2,9.8,2.36,127,1
PAT-12625,90,Female,Emergency,Heart Failure,8,3,8,0,8.1,0.69,110,1
PAT-12626,31,Female,Elective,Acute Myocardial Infarction,7,5,6,0,4.3,0.65,134,0
PAT-12627,76,Male,Emergency,Heart Failure,4,0,5,0,6.3,2.13,135,0
PAT-12628,64,Male,Elective,Type 2 Diabetes,3,1,8,0,4.7,4.55,129,0
PAT-12629,57,Male,Emergency,Pneumonia,5,5,7,2,5.3,0.71,143,1
PAT-12630,73,Female,Elective,COPD Exacerbation,6,3,6,0,7.8,1.14,158,1
PAT-12631,77,Female,Elective,Type 2 Diabetes,1,2,10,3,9.0,0.57,125,1
PAT-12632,18,Female,Urgent,COPD Exacerbation,1,6,8,1,8.2,4.36,143,1
PAT-12633,39,Male,Urgent,Heart Failure,1,5,9,1,5.7,1.66,153,0
PAT-12634,77,Male,Emergency,Heart Failure,3,1,7,0,8.9,2.51,138,1
PAT-12635,75,Female,Emergency,COPD Exacerbation,4,1,10,1,8.3,1.28,151,0
PAT-12636,90,Male,Elective,Pneumonia,11,4,9,0,10.3,1.84,112,0
PAT-12637,80,Male,Emergency,Acute Myocardial Infarction,6,0,10,1,7.6,1.21,130,0
PAT-12638,89,Female,Emergency,COPD Exacerbation,6,2,11,2,5.5,1.19,130,0
PAT-12639,77,Male,Emergency,Total Hip Arthroplasty,6,1,7,2,7.7,1.57,118,1
PAT-12640,51,Female,Emergency,Pneumonia,6,2,2,3,7.1,1.88,136,0
PAT-12641,33,Male,Emergency,Heart Failure,5,2,7,1,11.1,2.83,147,1
PAT-12642,81,Male,Emergency,COPD Exacerbation,5,1,9,2,7.1,1.84,133,1
PAT-12643,73,Male,Emergency,Acute Myocardial Infarction,4,1,5,1,6.1,3.05,116,1
PAT-12644,25,Female,Elective,Pneumonia,2,2,5,1,7.8,0.79,155,0
PAT-12645,55,Female,Emergency,Acute Myocardial Infarction,3,0,7,2,5.3,0.83,130,0
PAT-12646,89,Female,Urgent,Type 2 Diabetes,4,3,9,0,7.9,0.79,110,1
PAT-12647,65,Female,Emergency,Heart Failure,6,1,7,0,6.5,0.62,126,0
PAT-12648,60,Male,Elective,COPD Exacerbation,5,5,4,0,7.6,1.47,115,0
PAT-12649,62,Male,Emergency,Type 2 Diabetes,3,1,7,0,4.8,1.05,135,0
PAT-12650,43,Female,Emergency,Pneumonia,3,4,8,0,7.7,1.52,129,0
PAT-12651,56,Female,Emergency,Pneumonia,7,1,10,2,8.0,1.32,131,0
PAT-12652,56,Female,Emergency,Pneumonia,5,0,11,0,7.8,1.45,109,0
PAT-12653,26,Female,Elective,COPD Exacerbation,4,0,8,0,6.5,0.98,129,0
PAT-12654,80,Female,Elective,Heart Failure,2,2,10,1,6.5,0.74,133,1
PAT-12655,59,Female,Emergency,Ischemic Stroke,7,2,9,2,6.3,1.76,120,1
PAT-12656,83,Male,Emergency,Acute Myocardial Infarction,7,0,11,0,7.8,1.86,143,0
PAT-12657,84,Female,Emergency,Pneumonia,8,2,6,2,9.2,3.47,141,1
PAT-12658,43,Male,Emergency,Heart Failure,4,2,8,0,6.9,0.83,126,0
PAT-12659,74,Male,Emergency,Heart Failure,7,2,8,1,9.0,2.49,153,1
PAT-12660,63,Female,Urgent,Acute Myocardial Infarction,2,4,8,0,6.3,0.54,127,0
PAT-12661,86,Male,Emergency,Type 2 Diabetes,5,2,10,1,8.8,0.55,112,0
PAT-12662,44,Male,Elective,Type 2 Diabetes,3,1,14,1,8.1,1.66,134,0
PAT-12663,75,Male,Elective,Type 2 Diabetes,6,1,9,1,5.5,0.7,128,0
PAT-12664,71,Female,Elective,COPD Exacerbation,1,4,8,2,8.0,0.82,153,0
PAT-12665,50,Female,Emergency,Acute Myocardial Infarction,2,3,9,3,6.9,2.74,134,1
PAT-12666,36,Male,Elective,COPD Exacerbation,7,2,10,1,8.6,1.61,158,1
PAT-12667,74,Male,Urgent,Sepsis,4,4,6,0,8.1,2.51,131,1
PAT-12668,79,Female,Emergency,Type 2 Diabetes,6,3,6,0,7.0,1.16,120,0
PAT-12669,52,Female,Emergency,COPD Exacerbation,3,2,7,0,6.3,1.97,126,0
PAT-12670,74,Female,Urgent,Heart Failure,6,3,3,1,6.9,0.9,159,1
PAT-12671,58,Female,Elective,COPD Exacerbation,8,3,5,0,7.4,0.69,138,1
PAT-12672,77,Male,Emergency,COPD Exacerbation,6,3,10,2,7.9,0.76,123,1
PAT-12673,42,Female,Emergency,Type 2 Diabetes,6,4,9,0,7.8,3.34,125,0
PAT-12674,86,Female,Emergency,Pneumonia,6,0,11,2,6.7,1.45,114,1
PAT-12675,50,Male,Emergency,Sepsis,7,5,9,1,5.4,0.75,118,1
PAT-12676,56,Female,Emergency,Heart Failure,7,3,5,1,7.7,0.74,134,1
PAT-12677,27,Male,Emergency,Pneumonia,4,1,10,2,8.0,1.68,109,0
PAT-12678,33,Male,Elective,Total Hip Arthroplasty,3,3,3,1,7.3,1.66,176,0
PAT-12679,66,Female,Elective,Pneumonia,9,3,6,1,3.9,2.13,137,1
PAT-12680,48,Male,Urgent,Acute Myocardial Infarction,6,2,10,2,6.8,2.17,148,0
PAT-12681,84,Male,Emergency,Sepsis,6,3,5,0,4.9,0.63,139,0
PAT-12682,20,Female,Elective,Type 2 Diabetes,1,0,5,2,7.7,0.65,130,0
PAT-12683,57,Female,Emergency,Type 2 Diabetes,4,1,10,0,5.0,1.05,164,0
PAT-12684,54,Male,Emergency,Acute Myocardial Infarction,4,2,8,2,7.3,2.6,120,0
PAT-12685,21,Male,Urgent,Acute Myocardial Infarction,3,4,11,1,7.3,0.52,136,0
PAT-12686,35,Male,Emergency,Heart Failure,5,1,12,0,8.5,2.29,131,0
PAT-12687,59,Female,Emergency,Type 2 Diabetes,3,4,9,1,7.0,0.6,158,1
PAT-12688,64,Male,Emergency,Pneumonia,6,4,12,1,7.5,2.13,158,1
PAT-12689,59,Female,Emergency,Sepsis,6,2,8,1,7.4,0.65,149,0
PAT-12690,67,Male,Elective,Pneumonia,5,2,9,1,7.1,3.49,140,0
PAT-12691,71,Male,Urgent,Total Hip Arthroplasty,1,2,12,1,8.6,1.66,157,1
PAT-12692,19,Female,Elective,Ischemic Stroke,5,3,6,0,8.7,1.5,129,1
PAT-12693,63,Male,Urgent,Sepsis,8,2,7,0,6.5,4.32,159,0
PAT-12694,90,Male,Elective,COPD Exacerbation,4,3,6,2,6.1,1.74,156,1
PAT-12695,66,Male,Urgent,Pneumonia,10,1,8,0,7.8,1.37,136,0
PAT-12696,75,Female,Emergency,Heart Failure,5,6,4,1,7.1,5.72,140,1
PAT-12697,52,Male,Urgent,COPD Exacerbation,5,2,9,0,6.9,2.45,122,1
PAT-12698,80,Male,Emergency,Type 2 Diabetes,3,0,5,2,5.1,2.62,126,0
PAT-12699,80,Female,Urgent,Type 2 Diabetes,4,1,11,1,8.7,1.1,140,0
PAT-12700,66,Female,Emergency,Acute Myocardial Infarction,5,5,9,3,5.1,0.51,142,1
PAT-12701,90,Female,Elective,Pneumonia,7,3,7,0,6.7,1.36,135,0
PAT-12702,35,Male,Elective,Acute Myocardial Infarction,3,0,10,1,6.1,1.51,111,0
PAT-12703,21,Male,Urgent,Pneumonia,6,2,12,0,5.3,0.52,142,0
PAT-12704,80,Female,Elective,Heart Failure,5,1,5,1,10.7,1.13,140,0
PAT-12705,82,Male,Emergency,Pneumonia,4,4,8,0,6.6,0.97,133,0
PAT-12706,34,Female,Emergency,Ischemic Stroke,3,2,8,0,7.1,1.03,124,0
PAT-12707,48,Male,Emergency,Sepsis,11,3,5,3,9.5,1.87,129,1
PAT-12708,21,Female,Emergency,Type 2 Diabetes,4,4,4,0,7.6,2.18,174,0
PAT-12709,50,Female,Emergency,Pneumonia,7,5,7,1,6.9,4.18,125,1
PAT-12710,80,Female,Emergency,Total Hip Arthroplasty,3,2,11,1,6.7,1.56,127,0
PAT-12711,66,Female,Emergency,Heart Failure,3,1,8,0,6.8,2.36,124,0
PAT-12712,55,Male,Urgent,Type 2 Diabetes,3,1,9,2,8.8,0.88,146,1
PAT-12713,56,Male,Urgent,Type 2 Diabetes,3,0,7,0,8.2,0.66,145,0
PAT-12714,18,Female,Emergency,COPD Exacerbation,1,3,6,2,6.3,1.31,130,0
PAT-12715,51,Female,Emergency,Pneumonia,3,2,7,0,6.2,1.23,133,0
PAT-12716,74,Female,Emergency,Heart Failure,2,1,9,0,8.9,1.88,105,0
PAT-12717,90,Male,Emergency,COPD Exacerbation,7,0,8,1,6.6,1.03,136,1
PAT-12718,84,Male,Emergency,Heart Failure,4,3,9,0,9.3,0.75,125,0
PAT-12719,22,Female,Emergency,COPD Exacerbation,4,2,9,2,4.7,1.16,141,0
PAT-12720,87,Male,Elective,Pneumonia,6,3,9,0,9.0,1.32,92,0
PAT-12721,81,Female,Emergency,Pneumonia,8,2,6,0,7.3,1.46,117,1
PAT-12722,81,Male,Emergency,Heart Failure,7,2,7,0,7.4,1.46,139,0
PAT-12723,62,Male,Emergency,COPD Exacerbation,4,2,6,1,8.2,1.74,127,0
PAT-12724,58,Male,Elective,Pneumonia,6,1,4,1,6.4,0.61,141,0
PAT-12725,51,Male,Elective,Pneumonia,5,4,12,2,8.2,1.44,109,1
PAT-12726,28,Male,Emergency,COPD Exacerbation,2,3,9,0,8.6,3.8,123,0
PAT-12727,45,Male,Emergency,COPD Exacerbation,6,3,7,0,5.8,1.92,130,0
PAT-12728,46,Male,Emergency,Heart Failure,4,0,7,0,7.7,2.3,164,0
PAT-12729,64,Female,Emergency,Heart Failure,5,1,8,1,7.4,0.53,125,0
PAT-12730,79,Female,Emergency,Type 2 Diabetes,2,4,7,1,5.6,0.91,144,0
PAT-12731,63,Female,Emergency,Acute Myocardial Infarction,5,2,11,2,6.2,1.13,142,0
PAT-12732,27,Male,Emergency,COPD Exacerbation,2,1,6,1,6.9,5.94,105,0
PAT-12733,90,Female,Emergency,Acute Myocardial Infarction,5,2,10,1,6.9,0.93,149,1
PAT-12734,89,Female,Elective,Acute Myocardial Infarction,4,5,9,1,5.8,3.49,166,1
PAT-12735,81,Female,Emergency,Sepsis,9,1,9,0,8.1,0.8,102,1
PAT-12736,91,Female,Emergency,Type 2 Diabetes,1,2,7,1,9.3,1.38,123,0
PAT-12737,68,Male,Emergency,Type 2 Diabetes,5,4,13,1,8.0,0.72,111,1
PAT-12738,90,Male,Emergency,Sepsis,10,4,9,0,8.0,0.68,144,0
PAT-12739,29,Male,Urgent,Type 2 Diabetes,2,3,7,0,9.8,0.54,165,1
PAT-12740,56,Male,Elective,Pneumonia,3,4,7,0,7.3,1.12,148,0
PAT-12741,45,Male,Emergency,Heart Failure,5,1,11,1,7.1,1.02,106,0
PAT-12742,42,Female,Elective,Total Hip Arthroplasty,1,3,9,0,10.5,1.06,147,0
PAT-12743,37,Female,Elective,Pneumonia,8,2,7,0,8.9,0.6,162,0
PAT-12744,72,Male,Emergency,Type 2 Diabetes,5,2,9,0,7.9,0.64,105,0
PAT-12745,81,Female,Emergency,Acute Myocardial Infarction,8,2,11,1,6.8,2.21,140,1
PAT-12746,70,Female,Urgent,Type 2 Diabetes,4,2,12,1,8.1,0.86,127,0
PAT-12747,37,Male,Emergency,Ischemic Stroke,8,1,8,0,5.6,0.75,81,0
PAT-12748,82,Female,Emergency,Type 2 Diabetes,6,1,14,0,6.9,0.51,144,1
PAT-12749,73,Female,Emergency,COPD Exacerbation,4,1,6,2,6.7,2.96,151,0
PAT-12750,57,Female,Elective,Type 2 Diabetes,4,3,6,1,6.9,0.76,113,0
PAT-12751,75,Female,Urgent,Sepsis,8,4,15,1,8.3,1.47,158,0
PAT-12752,48,Female,Elective,Total Hip Arthroplasty,7,2,5,0,5.1,1.04,146,0
PAT-12753,54,Female,Elective,Sepsis,8,2,4,2,8.8,1.83,186,1
PAT-12754,88,Male,Urgent,Sepsis,10,1,7,1,6.5,1.06,127,0
PAT-12755,50,Male,Elective,Heart Failure,5,3,6,0,7.3,1.41,110,0
PAT-12756,63,Female,Elective,Total Hip Arthroplasty,1,5,8,0,7.6,3.22,129,0
PAT-12757,86,Male,Urgent,COPD Exacerbation,8,2,7,0,6.8,1.16,127,1
PAT-12758,77,Female,Emergency,Sepsis,7,2,11,0,6.6,0.84,111,0
PAT-12759,27,Female,Elective,Acute Myocardial Infarction,1,0,8,0,6.6,2.12,118,0
PAT-12760,37,Female,Elective,Type 2 Diabetes,2,3,9,1,9.1,4.18,143,0
PAT-12761,19,Male,Urgent,COPD Exacerbation,1,3,3,2,7.0,2.55,126,1
PAT-12762,73,Female,Urgent,Heart Failure,9,3,8,0,7.6,3.44,90,0
PAT-12763,61,Male,Elective,Acute Myocardial Infarction,4,2,6,0,6.7,1.66,117,0
PAT-12764,36,Male,Urgent,Pneumonia,1,3,2,3,7.2,0.54,145,1
PAT-12765,90,Male,Emergency,Heart Failure,7,2,9,0,5.8,0.75,111,1
PAT-12766,67,Male,Emergency,Ischemic Stroke,8,5,3,0,5.9,0.79,143,0
PAT-12767,46,Male,Emergency,Total Hip Arthroplasty,2,2,8,1,6.4,0.78,110,1
PAT-12768,65,Female,Emergency,Total Hip Arthroplasty,1,1,7,0,8.3,0.87,145,0
PAT-12769,75,Female,Emergency,Sepsis,9,2,10,2,6.1,0.67,142,0
PAT-12770,29,Male,Emergency,Acute Myocardial Infarction,2,3,11,1,5.7,1.29,114,0
PAT-12771,49,Male,Emergency,COPD Exacerbation,2,3,7,0,8.6,1.83,113,0
PAT-12772,82,Female,Urgent,Heart Failure,4,1,7,0,5.2,0.95,158,0
PAT-12773,62,Female,Emergency,Total Hip Arthroplasty,3,1,6,1,4.7,1.33,109,0
PAT-12774,68,Female,Elective,Total Hip Arthroplasty,5,0,12,1,5.5,0.57,109,0
PAT-12775,60,Female,Urgent,Acute Myocardial Infarction,5,3,7,0,6.0,1.54,135,0
PAT-12776,25,Female,Emergency,Total Hip Arthroplasty,1,5,10,1,6.0,1.81,147,0
PAT-12777,39,Male,Emergency,COPD Exacerbation,5,4,7,0,8.1,1.38,122,1
PAT-12778,61,Male,Elective,Pneumonia,8,4,3,1,7.5,3.08,130,1
PAT-12779,43,Female,Elective,Ischemic Stroke,9,2,10,0,7.0,2.88,131,0
PAT-12780,26,Male,Emergency,Pneumonia,3,0,9,3,7.5,1.24,126,0
PAT-12781,84,Male,Emergency,COPD Exacerbation,6,1,11,1,7.6,1.06,135,0
PAT-12782,91,Female,Emergency,Type 2 Diabetes,6,2,5,0,7.7,0.73,165,1
PAT-12783,81,Female,Emergency,COPD Exacerbation,5,2,5,0,8.6,1.42,147,0
PAT-12784,85,Male,Emergency,Acute Myocardial Infarction,7,1,7,0,8.9,0.62,127,1
PAT-12785,46,Male,Emergency,COPD Exacerbation,4,1,15,0,7.3,1.75,123,0
PAT-12786,90,Female,Elective,Pneumonia,6,4,8,0,8.1,0.56,139,1
PAT-12787,42,Male,Urgent,Type 2 Diabetes,1,1,9,2,4.3,2.22,151,0
PAT-12788,89,Female,Elective,COPD Exacerbation,8,6,4,2,7.9,1.74,127,0
PAT-12789,91,Female,Urgent,Total Hip Arthroplasty,2,1,10,2,9.4,0.78,152,0
PAT-12790,77,Female,Elective,Heart Failure,3,3,10,0,6.5,3.7,119,0
PAT-12791,91,Female,Elective,Heart Failure,7,2,13,0,6.8,0.64,139,1
PAT-12792,69,Male,Emergency,Heart Failure,5,5,7,1,6.1,3.27,115,1
PAT-12793,48,Male,Emergency,Total Hip Arthroplasty,1,1,14,1,6.9,2.22,130,1
PAT-12794,61,Female,Elective,COPD Exacerbation,4,2,4,2,3.4,0.51,149,0
PAT-12795,71,Male,Urgent,Ischemic Stroke,6,5,8,1,7.4,1.57,126,1
PAT-12796,29,Male,Emergency,COPD Exacerbation,2,3,5,1,6.9,4.12,125,0
PAT-12797,72,Female,Emergency,Pneumonia,12,3,11,1,9.6,0.88,135,1
PAT-12798,91,Male,Elective,Sepsis,9,1,8,1,5.5,0.97,133,1
PAT-12799,41,Female,Emergency,Heart Failure,3,4,8,0,8.6,0.69,131,0
PAT-12800,81,Male,Emergency,Pneumonia,11,0,6,0,7.8,1.59,131,0
PAT-12801,87,Female,Elective,Pneumonia,9,0,8,1,5.7,1.4,158,0
PAT-12802,89,Male,Emergency,Type 2 Diabetes,6,5,10,1,6.5,2.06,117,1
PAT-12803,90,Female,Elective,Type 2 Diabetes,3,2,13,1,8.9,0.71,144,1
PAT-12804,66,Male,Urgent,Heart Failure,8,3,11,1,3.7,0.94,147,1
PAT-12805,90,Male,Emergency,Heart Failure,8,1,5,0,6.9,2.09,120,0
PAT-12806,80,Female,Emergency,Type 2 Diabetes,5,2,8,3,7.7,1.31,148,1
PAT-12807,39,Female,Emergency,Sepsis,4,4,9,0,7.7,0.74,154,0
PAT-12808,63,Female,Emergency,Heart Failure,5,4,7,4,8.1,0.61,119,1
PAT-12809,78,Male,Elective,Type 2 Diabetes,8,4,12,0,6.4,0.55,106,0
PAT-12810,47,Female,Emergency,Heart Failure,5,3,8,2,7.3,0.72,136,0
PAT-12811,73,Male,Emergency,COPD Exacerbation,5,1,8,2,5.8,2.29,127,0
PAT-12812,75,Female,Emergency,COPD Exacerbation,5,2,4,0,6.3,0.6,148,0
PAT-12813,39,Female,Emergency,Sepsis,7,8,6,2,7.9,0.58,94,0
PAT-12814,69,Female,Emergency,Sepsis,7,1,7,1,8.5,1.01,183,1
PAT-12815,80,Female,Elective,Type 2 Diabetes,4,3,8,0,5.6,1.18,87,0
PAT-12816,65,Male,Emergency,Heart Failure,8,2,14,2,7.3,2.09,114,1
PAT-12817,20,Male,Emergency,Heart Failure,6,3,7,0,8.5,1.45,137,0
PAT-12818,19,Female,Emergency,Ischemic Stroke,4,0,7,0,5.6,0.96,134,1
PAT-12819,55,Female,Urgent,Acute Myocardial Infarction,7,2,7,0,7.6,0.96,118,1
PAT-12820,88,Female,Emergency,Heart Failure,8,3,7,1,6.4,1.01,159,0
PAT-12821,45,Male,Elective,Heart Failure,6,0,8,0,6.8,0.8,110,0
PAT-12822,73,Female,Elective,Pneumonia,7,3,9,1,8.0,0.78,150,1
PAT-12823,44,Male,Elective,Type 2 Diabetes,1,1,4,0,5.7,2.62,126,0
PAT-12824,53,Male,Emergency,Sepsis,8,1,5,1,5.8,4.16,124,0
PAT-12825,84,Female,Urgent,COPD Exacerbation,7,3,7,1,7.2,0.61,133,0
PAT-12826,78,Male,Elective,COPD Exacerbation,3,1,3,3,10.4,1.79,144,1
PAT-12827,31,Female,Elective,Pneumonia,3,2,7,2,6.5,0.5,112,1
PAT-12828,60,Female,Emergency,Type 2 Diabetes,4,2,11,1,9.2,0.81,132,1
PAT-12829,22,Female,Elective,COPD Exacerbation,2,5,8,0,7.9,1.46,111,0
PAT-12830,64,Female,Elective,Acute Myocardial Infarction,6,5,8,0,10.0,0.91,158,1
PAT-12831,74,Female,Emergency,Type 2 Diabetes,3,0,9,1,6.0,0.8,138,0
PAT-12832,34,Female,Emergency,Pneumonia,5,1,10,0,9.7,0.68,130,1
PAT-12833,50,Female,Elective,Sepsis,9,3,8,3,6.4,2.98,70,0
PAT-12834,58,Female,Emergency,Heart Failure,4,1,6,1,8.1,0.71,126,0
PAT-12835,88,Male,Elective,COPD Exacerbation,5,1,6,1,8.1,0.68,119,1
PAT-12836,91,Male,Emergency,Type 2 Diabetes,4,7,12,1,12.2,0.78,144,1
PAT-12837,25,Female,Emergency,Acute Myocardial Infarction,3,6,13,2,7.8,2.99,128,0
PAT-12838,80,Female,Elective,Heart Failure,4,3,5,2,6.9,0.54,154,1
PAT-12839,56,Female,Emergency,Acute Myocardial Infarction,4,3,11,1,5.9,0.64,103,0
PAT-12840,58,Male,Urgent,Heart Failure,7,4,2,1,5.8,2.26,127,1
PAT-12841,79,Male,Urgent,Heart Failure,4,3,8,1,6.4,2.22,137,0
PAT-12842,88,Female,Elective,Acute Myocardial Infarction,5,2,4,2,6.7,0.8,150,1
PAT-12843,89,Female,Elective,COPD Exacerbation,7,2,7,1,6.8,0.78,149,0
PAT-12844,70,Female,Urgent,Total Hip Arthroplasty,1,2,10,0,7.4,2.29,144,0
PAT-12845,55,Female,Emergency,Pneumonia,10,2,10,0,7.8,0.92,115,1
PAT-12846,81,Male,Elective,COPD Exacerbation,8,3,7,0,6.4,0.54,102,0
PAT-12847,47,Male,Emergency,Acute Myocardial Infarction,1,5,12,1,7.6,1.77,140,0
PAT-12848,69,Female,Emergency,Type 2 Diabetes,1,0,7,1,8.5,2.11,134,0
PAT-12849,55,Female,Emergency,Heart Failure,5,4,16,1,7.9,1.26,180,1
PAT-12850,74,Female,Elective,Type 2 Diabetes,2,7,13,3,7.4,1.25,116,1
PAT-12851,46,Female,Emergency,Type 2 Diabetes,5,3,7,2,6.2,2.12,104,0
PAT-12852,42,Male,Emergency,Type 2 Diabetes,4,3,9,1,6.0,1.37,147,0
PAT-12853,88,Male,Elective,Ischemic Stroke,8,3,6,0,8.1,1.72,133,0
PAT-12854,32,Female,Emergency,Sepsis,6,1,16,1,7.1,2.55,123,0
PAT-12855,65,Female,Elective,Total Hip Arthroplasty,6,1,11,1,5.2,3.09,104,0
PAT-12856,44,Male,Elective,Ischemic Stroke,8,9,8,1,5.1,4.24,124,1
PAT-12857,24,Male,Emergency,Pneumonia,6,2,8,0,8.2,1.12,122,0
PAT-12858,24,Female,Emergency,Type 2 Diabetes,5,1,4,0,8.5,0.63,152,0
PAT-12859,40,Female,Elective,COPD Exacerbation,2,5,7,2,7.8,1.17,144,0
PAT-12860,85,Female,Emergency,Total Hip Arthroplasty,7,1,3,4,6.5,2.32,140,1
PAT-12861,49,Male,Emergency,Pneumonia,5,3,8,0,7.8,1.86,148,0
PAT-12862,89,Male,Emergency,Pneumonia,8,1,8,0,6.3,0.78,132,0
PAT-12863,70,Female,Emergency,Heart Failure,5,1,7,1,7.6,0.57,132,0
PAT-12864,61,Male,Emergency,Pneumonia,2,2,6,0,9.3,0.93,122,0
PAT-12865,70,Male,Emergency,Pneumonia,8,4,7,0,4.3,0.72,115,0
PAT-12866,66,Female,Elective,Type 2 Diabetes,1,1,8,1,6.1,2.11,141,1
PAT-12867,80,Female,Emergency,Total Hip Arthroplasty,2,2,13,2,5.5,0.91,158,1
PAT-12868,49,Male,Elective,Heart Failure,4,5,11,1,10.4,1.77,126,1
PAT-12869,55,Male,Emergency,Ischemic Stroke,3,5,10,1,7.9,1.09,130,1
PAT-12870,86,Male,Emergency,Heart Failure,4,3,16,1,5.5,2.6,135,0
PAT-12871,89,Male,Elective,Ischemic Stroke,8,1,6,2,7.1,2.43,147,1
PAT-12872,86,Female,Elective,COPD Exacerbation,5,3,8,1,6.7,0.59,148,1
PAT-12873,60,Female,Elective,Acute Myocardial Infarction,4,3,7,0,6.0,1.59,145,0
PAT-12874,81,Male,Elective,Heart Failure,4,0,9,0,5.8,0.85,152,0
PAT-12875,63,Female,Elective,COPD Exacerbation,5,3,13,2,4.0,0.93,130,0
PAT-12876,65,Male,Emergency,Total Hip Arthroplasty,3,3,5,0,5.8,1.54,143,0
PAT-12877,43,Male,Elective,Heart Failure,1,1,13,3,5.0,0.79,116,1
PAT-12878,70,Male,Elective,Heart Failure,5,2,6,0,9.5,0.64,98,0
PAT-12879,41,Female,Urgent,Type 2 Diabetes,1,3,5,0,6.3,0.71,102,0
PAT-12880,53,Male,Elective,Heart Failure,7,3,14,0,6.0,0.69,106,1
PAT-12881,85,Male,Elective,Heart Failure,5,3,6,0,7.8,0.8,150,1
PAT-12882,43,Male,Emergency,Acute Myocardial Infarction,9,5,7,0,6.6,1.84,149,0
PAT-12883,28,Female,Urgent,Type 2 Diabetes,4,4,13,2,4.6,0.56,106,1
PAT-12884,28,Female,Urgent,COPD Exacerbation,3,1,7,1,6.1,0.58,164,0
PAT-12885,89,Female,Elective,Sepsis,11,2,7,5,6.8,1.25,130,1
PAT-12886,65,Female,Elective,COPD Exacerbation,1,4,5,1,8.9,0.57,114,0
PAT-12887,59,Female,Emergency,Heart Failure,7,2,7,0,7.5,1.07,121,1
PAT-12888,82,Male,Elective,COPD Exacerbation,4,2,10,2,7.5,1.45,127,0
PAT-12889,84,Male,Elective,Pneumonia,7,1,11,1,5.5,1.67,133,0
PAT-12890,53,Male,Elective,Type 2 Diabetes,2,2,6,0,7.6,1.07,115,0
PAT-12891,76,Female,Emergency,Type 2 Diabetes,3,0,9,2,6.5,1.98,129,1
PAT-12892,80,Female,Elective,Total Hip Arthroplasty,3,6,8,0,7.2,2.8,134,1
PAT-12893,74,Male,Emergency,Acute Myocardial Infarction,5,1,8,0,5.5,0.87,157,0
PAT-12894,38,Female,Elective,Heart Failure,4,3,2,4,7.8,0.55,155,1
PAT-12895,86,Female,Emergency,Pneumonia,7,3,9,1,7.8,0.81,127,0
PAT-12896,67,Female,Elective,Type 2 Diabetes,1,1,3,1,5.0,1.2,150,0
PAT-12897,49,Male,Emergency,Ischemic Stroke,11,1,6,2,6.0,0.66,136,1
PAT-12898,60,Male,Emergency,Ischemic Stroke,7,4,5,0,5.8,1.45,134,0
PAT-12899,24,Female,Elective,Type 2 Diabetes,3,4,5,2,8.3,1.57,116,1
PAT-12900,35,Male,Emergency,Type 2 Diabetes,2,6,6,1,8.5,1.96,146,1
PAT-12901,80,Female,Elective,COPD Exacerbation,4,1,9,2,4.5,0.58,144,1
PAT-12902,18,Female,Urgent,Pneumonia,5,3,10,0,7.0,2.13,103,0
PAT-12903,59,Male,Urgent,Type 2 Diabetes,4,1,5,3,6.5,1.13,121,0
PAT-12904,66,Male,Emergency,COPD Exacerbation,8,2,6,0,6.3,2.73,141,1
PAT-12905,26,Male,Elective,Type 2 Diabetes,6,2,10,2,7.9,1.34,120,0
PAT-12906,90,Male,Emergency,COPD Exacerbation,9,1,10,0,8.4,1.22,162,0
PAT-12907,45,Male,Urgent,Pneumonia,2,1,9,0,8.1,1.9,112,0
PAT-12908,51,Male,Elective,Acute Myocardial Infarction,3,0,7,2,8.4,0.89,112,0
PAT-12909,51,Male,Emergency,COPD Exacerbation,5,2,9,1,8.8,0.63,145,0
PAT-12910,45,Male,Emergency,Pneumonia,5,2,5,0,7.0,2.77,125,0
PAT-12911,18,Male,Emergency,Acute Myocardial Infarction,3,0,9,0,8.4,0.89,116,0
PAT-12912,78,Male,Elective,Pneumonia,2,0,7,1,8.1,1.33,129,0
PAT-12913,90,Female,Emergency,Heart Failure,8,3,5,2,8.1,1.1,144,1
PAT-12914,45,Male,Elective,Heart Failure,1,2,14,2,5.4,1.06,164,1
PAT-12915,75,Female,Elective,Type 2 Diabetes,1,8,7,0,7.3,1.76,146,0
PAT-12916,79,Female,Urgent,Heart Failure,4,3,13,0,7.1,0.88,156,0
PAT-12917,84,Male,Urgent,Acute Myocardial Infarction,5,4,9,0,8.4,1.05,134,0
PAT-12918,60,Female,Emergency,Type 2 Diabetes,1,1,12,1,6.9,1.83,138,0
PAT-12919,51,Female,Elective,Heart Failure,3,4,5,1,6.4,1.01,150,1
PAT-12920,53,Male,Elective,Sepsis,11,6,11,0,7.5,1.38,145,1
PAT-12921,77,Female,Urgent,Acute Myocardial Infarction,5,3,11,1,6.7,0.65,150,1
PAT-12922,83,Female,Emergency,Pneumonia,8,2,7,1,8.3,1.36,132,1
PAT-12923,41,Male,Emergency,Type 2 Diabetes,1,4,6,1,6.2,0.71,111,1
PAT-12924,56,Female,Emergency,Heart Failure,5,1,6,1,8.5,2.46,111,1
PAT-12925,87,Female,Emergency,Pneumonia,7,1,5,0,5.4,0.96,130,1
PAT-12926,82,Female,Emergency,Total Hip Arthroplasty,2,2,12,2,7.8,2.52,106,1
PAT-12927,91,Female,Emergency,Heart Failure,6,1,7,0,7.1,1.83,128,0
PAT-12928,79,Male,Elective,COPD Exacerbation,2,2,9,2,8.2,0.62,123,0
PAT-12929,58,Male,Emergency,Ischemic Stroke,7,0,4,0,6.3,1.14,137,1
PAT-12930,70,Female,Elective,COPD Exacerbation,4,1,12,0,7.1,2.44,174,1
PAT-12931,74,Male,Emergency,Pneumonia,6,5,9,2,7.4,1.1,121,1
PAT-12932,29,Male,Urgent,Acute Myocardial Infarction,5,3,9,0,8.5,0.9,127,0
PAT-12933,68,Female,Urgent,Sepsis,10,4,6,1,8.7,0.71,126,0
PAT-12934,77,Male,Elective,COPD Exacerbation,5,3,4,1,6.2,2.42,131,1
PAT-12935,39,Male,Urgent,Total Hip Arthroplasty,1,2,3,1,5.1,4.44,103,0
PAT-12936,81,Male,Emergency,Pneumonia,9,1,11,2,6.2,0.82,131,1
PAT-12937,70,Female,Elective,Sepsis,6,6,13,1,6.0,2.4,172,1
PAT-12938,89,Female,Emergency,Ischemic Stroke,9,4,5,0,5.0,1.85,168,0
PAT-12939,24,Female,Emergency,Pneumonia,1,0,7,3,6.3,2.45,133,0
PAT-12940,48,Female,Emergency,COPD Exacerbation,6,2,12,1,6.6,0.83,150,0
PAT-12941,71,Male,Elective,COPD Exacerbation,7,3,12,1,7.6,3.69,131,0
PAT-12942,51,Female,Emergency,Sepsis,4,1,3,2,10.8,2.76,133,1
PAT-12943,77,Male,Elective,Sepsis,10,2,14,1,6.6,1.39,147,1
PAT-12944,80,Female,Emergency,Heart Failure,7,1,1,1,9.4,0.8,130,1
PAT-12945,32,Female,Urgent,Acute Myocardial Infarction,5,2,12,0,5.5,1.76,160,0
PAT-12946,66,Male,Elective,Sepsis,10,0,10,0,8.5,3.09,98,0
PAT-12947,65,Female,Emergency,Acute Myocardial Infarction,3,2,4,1,7.8,1.28,117,0
PAT-12948,56,Male,Emergency,Acute Myocardial Infarction,4,3,11,1,6.3,1.79,141,0
PAT-12949,88,Female,Elective,Heart Failure,10,4,6,2,7.1,0.88,108,1
PAT-12950,83,Female,Emergency,Pneumonia,5,2,7,1,7.6,2.66,113,1
PAT-12951,76,Male,Emergency,Sepsis,10,2,7,1,6.6,1.98,131,0
PAT-12952,77,Male,Elective,Total Hip Arthroplasty,6,2,10,0,6.5,2.34,92,1
PAT-12953,62,Female,Emergency,Type 2 Diabetes,2,2,10,1,6.9,1.6,104,0
PAT-12954,88,Female,Emergency,COPD Exacerbation,3,2,6,0,7.4,1.35,106,0
PAT-12955,76,Male,Emergency,Sepsis,7,5,9,0,6.0,0.78,134,1
PAT-12956,78,Male,Emergency,Acute Myocardial Infarction,6,0,9,1,6.8,0.69,121,0
PAT-12957,85,Male,Emergency,COPD Exacerbation,3,2,8,1,7.2,1.19,133,1
PAT-12958,49,Female,Emergency,Heart Failure,4,1,7,1,7.2,1.08,127,1
PAT-12959,82,Male,Emergency,Acute Myocardial Infarction,8,0,8,1,7.7,1.98,151,0
PAT-12960,42,Female,Emergency,Acute Myocardial Infarction,4,2,10,3,7.2,0.71,111,1
PAT-12961,54,Female,Urgent,Acute Myocardial Infarction,3,3,10,0,5.9,1.65,140,0
PAT-12962,54,Male,Elective,Acute Myocardial Infarction,4,5,7,1,6.0,0.86,120,1
PAT-12963,91,Female,Elective,Pneumonia,7,2,9,1,8.1,0.72,132,1
PAT-12964,85,Female,Emergency,Ischemic Stroke,9,2,13,4,7.3,1.15,92,1
PAT-12965,77,Female,Emergency,Acute Myocardial Infarction,8,2,16,0,7.7,2.37,103,0
PAT-12966,78,Female,Elective,COPD Exacerbation,6,3,5,3,7.6,1.13,130,1
PAT-12967,69,Male,Elective,Total Hip Arthroplasty,7,5,4,3,6.8,0.63,142,1
PAT-12968,89,Male,Emergency,Total Hip Arthroplasty,5,2,7,2,7.8,2.63,87,1
PAT-12969,65,Female,Emergency,Sepsis,7,1,5,1,6.0,0.75,117,1
PAT-12970,57,Female,Emergency,COPD Exacerbation,9,2,6,1,6.7,0.88,112,0
PAT-12971,39,Male,Elective,Pneumonia,5,1,6,0,6.9,1.58,130,0
PAT-12972,81,Male,Emergency,Type 2 Diabetes,2,3,9,4,7.9,2.59,154,1
PAT-12973,78,Female,Elective,Type 2 Diabetes,9,5,7,1,7.0,3.7,134,1
PAT-12974,57,Male,Elective,Pneumonia,4,3,4,1,6.0,0.78,126,0
PAT-12975,22,Male,Urgent,COPD Exacerbation,2,1,7,1,5.4,0.68,117,0
PAT-12976,84,Female,Elective,Type 2 Diabetes,4,0,8,2,7.2,2.69,133,0
PAT-12977,20,Female,Emergency,Total Hip Arthroplasty,2,0,10,1,7.5,0.64,172,0
PAT-12978,77,Female,Elective,COPD Exacerbation,7,3,6,2,6.0,0.93,142,1
PAT-12979,90,Male,Elective,Pneumonia,2,2,7,0,7.8,0.83,128,0
PAT-12980,61,Female,Elective,Pneumonia,8,3,7,1,9.6,1.82,102,1
PAT-12981,45,Female,Elective,Heart Failure,3,1,6,0,7.4,2.73,160,0
PAT-12982,77,Female,Urgent,Total Hip Arthroplasty,3,3,8,0,7.4,0.79,144,0
PAT-12983,83,Male,Emergency,Type 2 Diabetes,8,0,9,0,6.6,0.73,138,0
PAT-12984,68,Female,Emergency,COPD Exacerbation,6,3,9,1,9.8,1.73,148,1
PAT-12985,90,Male,Elective,COPD Exacerbation,7,2,3,0,6.6,1.92,162,0
PAT-12986,26,Male,Emergency,COPD Exacerbation,3,2,9,0,6.8,0.54,117,0
PAT-12987,65,Female,Emergency,Pneumonia,8,5,8,1,7.6,1.34,142,1
PAT-12988,78,Female,Emergency,Heart Failure,9,1,5,1,6.1,1.1,152,1
PAT-12989,85,Female,Elective,Type 2 Diabetes,1,4,3,0,7.1,2.64,124,1
PAT-12990,40,Male,Emergency,Pneumonia,7,0,8,1,8.5,0.76,143,1
PAT-12991,82,Female,Elective,Sepsis,13,2,9,1,8.0,0.9,118,1
PAT-12992,68,Female,Emergency,Pneumonia,7,1,3,0,5.4,0.94,131,1
PAT-12993,58,Female,Emergency,Type 2 Diabetes,2,2,9,2,6.9,0.89,136,0
PAT-12994,36,Female,Emergency,Heart Failure,2,3,12,1,6.1,3.01,122,0
PAT-12995,85,Male,Emergency,COPD Exacerbation,11,1,11,1,9.2,3.39,113,1
PAT-12996,38,Male,Elective,Pneumonia,3,3,3,1,7.9,2.47,127,0
PAT-12997,52,Male,Urgent,Heart Failure,8,1,6,1,5.5,2.51,154,0
PAT-12998,50,Female,Elective,Acute Myocardial Infarction,5,4,10,1,8.6,1.45,139,1
PAT-12999,85,Female,Emergency,Type 2 Diabetes,9,6,9,2,8.1,1.58,156,1
PAT-13000,75,Male,Emergency,Pneumonia,6,4,6,0,4.9,0.61,96,0
PAT-13001,82,Female,Emergency,Type 2 Diabetes,1,4,5,0,7.4,0.91,134,0
PAT-13002,47,Male,Emergency,Total Hip Arthroplasty,2,3,16,1,7.3,1.55,122,0
PAT-13003,72,Female,Emergency,Type 2 Diabetes,1,2,8,1,8.1,2.23,115,0
PAT-13004,69,Female,Elective,Pneumonia,12,3,6,0,6.6,0.55,107,0
PAT-13005,83,Male,Emergency,Ischemic Stroke,9,2,15,1,5.1,2.94,141,1
PAT-13006,87,Male,Emergency,Type 2 Diabetes,6,0,6,1,5.9,0.97,111,0
PAT-13007,20,Male,Urgent,COPD Exacerbation,5,2,7,0,8.6,2.55,132,1
PAT-13008,75,Female,Emergency,Type 2 Diabetes,3,2,10,1,7.3,1.04,137,1
PAT-13009,26,Female,Urgent,Heart Failure,3,5,9,0,6.7,0.72,137,0
PAT-13010,68,Male,Urgent,COPD Exacerbation,5,5,6,0,5.7,1.71,126,0
PAT-13011,50,Male,Emergency,Total Hip Arthroplasty,6,2,14,1,5.8,1.6,153,1
PAT-13012,51,Male,Emergency,Pneumonia,3,4,7,0,5.2,2.44,167,1
PAT-13013,55,Female,Elective,COPD Exacerbation,3,3,4,2,6.6,2.31,147,0
PAT-13014,72,Male,Emergency,COPD Exacerbation,5,1,10,0,8.2,1.36,113,0
PAT-13015,53,Male,Emergency,Pneumonia,4,3,15,0,4.0,0.8,142,0
PAT-13016,78,Male,Elective,COPD Exacerbation,3,1,7,1,6.3,0.68,127,0
PAT-13017,59,Male,Emergency,Type 2 Diabetes,1,3,11,2,5.1,0.79,152,1
PAT-13018,28,Female,Emergency,Type 2 Diabetes,1,0,9,1,6.0,2.79,126,0
PAT-13019,81,Male,Elective,Pneumonia,9,7,8,1,8.3,2.4,174,1
PAT-13020,50,Male,Elective,Sepsis,8,3,11,0,8.6,0.55,132,1
PAT-13021,60,Male,Emergency,Type 2 Diabetes,5,3,10,1,8.3,2.26,154,1
PAT-13022,76,Male,Emergency,COPD Exacerbation,4,3,10,1,7.0,0.54,124,1
PAT-13023,53,Male,Emergency,Type 2 Diabetes,3,1,8,0,6.2,0.68,102,0
PAT-13024,26,Male,Emergency,Type 2 Diabetes,6,2,3,2,7.9,0.78,117,0
PAT-13025,56,Female,Elective,COPD Exacerbation,8,0,8,0,6.1,0.63,140,0
PAT-13026,89,Female,Elective,Acute Myocardial Infarction,7,1,10,1,6.0,0.65,160,0
PAT-13027,73,Female,Elective,Pneumonia,7,3,12,0,9.0,0.59,125,1
PAT-13028,75,Female,Emergency,Type 2 Diabetes,5,4,4,1,5.7,1.73,106,0
PAT-13029,73,Female,Emergency,Total Hip Arthroplasty,4,2,10,0,8.8,0.56,143,0
PAT-13030,42,Female,Emergency,Heart Failure,4,0,7,0,5.9,1.63,96,0
PAT-13031,60,Female,Emergency,Acute Myocardial Infarction,4,3,10,1,7.5,1.61,160,1
PAT-13032,79,Female,Emergency,Acute Myocardial Infarction,7,1,6,3,6.6,0.97,119,1
PAT-13033,32,Female,Emergency,Acute Myocardial Infarction,1,4,10,0,6.7,0.95,149,1
PAT-13034,49,Female,Emergency,Total Hip Arthroplasty,6,2,7,2,6.1,0.62,127,1
PAT-13035,49,Male,Elective,Acute Myocardial Infarction,3,2,9,0,8.0,1.01,119,0
PAT-13036,60,Male,Elective,Type 2 Diabetes,1,1,8,2,8.4,0.54,126,0
PAT-13037,91,Female,Emergency,Type 2 Diabetes,4,5,10,1,8.8,1.12,147,1
PAT-13038,28,Male,Emergency,Pneumonia,3,3,8,1,5.9,4.81,152,0
PAT-13039,66,Male,Urgent,Heart Failure,4,1,8,1,8.7,0.62,139,0
PAT-13040,40,Female,Urgent,Total Hip Arthroplasty,1,4,10,3,8.3,2.93,142,1
PAT-13041,90,Male,Emergency,Heart Failure,5,4,11,1,4.2,0.56,148,1
PAT-13042,34,Male,Elective,Acute Myocardial Infarction,3,0,12,0,7.4,1.92,88,0
PAT-13043,58,Male,Elective,Acute Myocardial Infarction,4,0,10,0,8.4,3.21,142,0
PAT-13044,79,Female,Emergency,Sepsis,11,3,9,0,7.4,3.37,115,1
PAT-13045,77,Male,Emergency,COPD Exacerbation,5,0,7,0,6.2,0.77,128,0
PAT-13046,60,Female,Emergency,Acute Myocardial Infarction,5,2,6,1,4.9,1.14,109,0
PAT-13047,54,Male,Emergency,Type 2 Diabetes,3,4,6,1,5.7,0.72,124,1
PAT-13048,58,Male,Emergency,Acute Myocardial Infarction,5,1,13,2,7.7,0.7,132,0
PAT-13049,48,Female,Urgent,Type 2 Diabetes,3,3,8,0,5.2,0.89,138,0
PAT-13050,43,Male,Elective,Total Hip Arthroplasty,1,4,11,1,6.4,1.67,138,0
PAT-13051,64,Female,Emergency,Heart Failure,3,2,12,2,7.6,3.74,130,0
PAT-13052,48,Male,Elective,Type 2 Diabetes,4,2,7,0,6.2,3.0,137,0
PAT-13053,50,Male,Elective,Pneumonia,8,2,5,0,5.6,4.27,142,0
PAT-13054,74,Female,Emergency,Acute Myocardial Infarction,5,4,12,0,5.6,3.09,137,0
PAT-13055,90,Male,Emergency,Acute Myocardial Infarction,4,1,15,1,8.4,0.71,126,1
PAT-13056,71,Female,Urgent,Type 2 Diabetes,4,0,1,1,6.5,2.17,127,0
PAT-13057,29,Female,Emergency,Heart Failure,3,6,4,1,6.1,0.67,132,1
PAT-13058,29,Male,Emergency,Type 2 Diabetes,1,2,5,0,4.5,0.67,177,0
PAT-13059,89,Female,Emergency,Pneumonia,4,2,12,0,9.2,1.84,106,0
PAT-13060,51,Male,Emergency,COPD Exacerbation,4,3,6,1,6.1,1.31,136,0
PAT-13061,31,Female,Emergency,Pneumonia,5,2,9,2,7.8,1.43,132,0
PAT-13062,71,Female,Emergency,COPD Exacerbation,3,1,4,0,8.5,2.25,128,0
PAT-13063,72,Male,Elective,Pneumonia,5,3,7,0,6.6,0.75,101,1
PAT-13064,74,Female,Emergency,Ischemic Stroke,5,5,11,1,5.7,1.02,148,1
PAT-13065,48,Male,Emergency,Type 2 Diabetes,1,0,8,1,5.2,0.66,165,0
PAT-13066,20,Male,Emergency,COPD Exacerbation,1,0,10,0,7.6,2.91,150,0
PAT-13067,90,Male,Emergency,COPD Exacerbation,6,3,13,1,8.5,2.12,116,0
PAT-13068,47,Male,Urgent,Type 2 Diabetes,1,4,7,2,6.7,1.16,115,1
PAT-13069,75,Male,Emergency,Pneumonia,6,0,3,1,7.2,1.29,148,0
PAT-13070,77,Female,Elective,Type 2 Diabetes,3,5,8,2,6.5,3.08,130,1
PAT-13071,72,Male,Emergency,Heart Failure,4,1,8,4,6.4,0.62,110,1
PAT-13072,52,Female,Emergency,Pneumonia,6,3,9,2,9.0,1.8,153,0
PAT-13073,49,Male,Elective,Pneumonia,4,2,5,0,7.6,0.82,121,0
PAT-13074,71,Male,Emergency,Heart Failure,5,4,6,0,6.5,3.18,136,0
PAT-13075,85,Male,Elective,Pneumonia,10,1,6,0,6.6,1.04,162,1
PAT-13076,89,Male,Emergency,Pneumonia,5,4,11,0,6.4,0.52,127,1
PAT-13077,33,Male,Elective,Heart Failure,7,3,5,0,6.1,1.63,89,0
PAT-13078,38,Male,Elective,Heart Failure,4,1,12,0,7.2,0.7,96,0
PAT-13079,89,Male,Elective,COPD Exacerbation,4,0,5,1,4.9,2.75,116,0
PAT-13080,79,Female,Elective,Acute Myocardial Infarction,4,2,5,0,5.4,0.73,119,0
PAT-13081,86,Female,Elective,Ischemic Stroke,8,4,10,0,6.1,0.8,125,0
PAT-13082,43,Female,Urgent,Heart Failure,7,2,12,0,7.5,1.65,137,0
PAT-13083,70,Male,Emergency,Heart Failure,7,2,11,2,5.8,2.48,166,1
PAT-13084,77,Female,Emergency,Heart Failure,6,6,4,2,9.0,0.52,134,1
PAT-13085,75,Female,Emergency,COPD Exacerbation,8,1,8,0,6.2,1.14,143,0
PAT-13086,59,Female,Emergency,COPD Exacerbation,1,2,7,0,6.8,0.66,138,0
PAT-13087,20,Male,Emergency,Pneumonia,5,2,5,3,8.1,1.16,110,0
PAT-13088,70,Male,Elective,Sepsis,10,4,10,4,6.2,1.97,130,1
PAT-13089,47,Female,Emergency,Acute Myocardial Infarction,5,1,6,1,8.9,0.84,104,0
PAT-13090,62,Female,Elective,Ischemic Stroke,4,3,8,2,6.9,1.09,127,1
PAT-13091,90,Female,Emergency,Heart Failure,4,4,6,0,7.5,0.58,131,1
PAT-13092,58,Female,Emergency,Heart Failure,5,3,12,1,6.8,2.68,131,1
PAT-13093,84,Female,Urgent,Type 2 Diabetes,7,2,6,0,7.1,2.18,145,1
PAT-13094,41,Male,Emergency,Heart Failure,8,3,6,1,6.3,1.01,163,0
PAT-13095,75,Male,Emergency,Total Hip Arthroplasty,2,4,12,0,6.5,0.84,113,0
PAT-13096,90,Female,Emergency,Type 2 Diabetes,2,1,10,2,6.6,2.68,117,0
PAT-13097,32,Female,Elective,COPD Exacerbation,5,3,8,0,7.4,1.44,117,0
PAT-13098,19,Female,Emergency,Type 2 Diabetes,7,3,12,1,5.4,1.71,134,1
PAT-13099,61,Female,Emergency,Type 2 Diabetes,6,3,3,2,7.7,1.1,142,0
PAT-13100,31,Female,Elective,Heart Failure,2,0,3,1,8.0,0.76,164,0
PAT-13101,79,Female,Emergency,Type 2 Diabetes,10,2,9,4,8.7,0.73,113,1
PAT-13102,87,Female,Elective,COPD Exacerbation,7,2,8,2,6.8,0.74,111,0
PAT-13103,61,Male,Emergency,Ischemic Stroke,5,1,8,1,7.3,0.83,124,0
PAT-13104,47,Male,Emergency,COPD Exacerbation,8,3,7,1,6.2,4.03,150,1
PAT-13105,61,Male,Elective,COPD Exacerbation,3,3,9,1,9.1,2.34,133,0
PAT-13106,78,Female,Elective,Heart Failure,5,1,9,0,6.2,0.55,154,0
PAT-13107,19,Male,Elective,Sepsis,8,2,7,1,7.3,2.5,116,0
PAT-13108,70,Male,Elective,Heart Failure,5,2,9,1,9.7,3.27,129,0
PAT-13109,72,Female,Emergency,Total Hip Arthroplasty,4,2,7,3,8.2,0.87,112,1
PAT-13110,73,Female,Emergency,COPD Exacerbation,5,4,9,0,4.6,1.54,125,0
PAT-13111,46,Male,Emergency,Heart Failure,7,2,6,1,6.9,1.84,119,0
PAT-13112,77,Female,Urgent,Pneumonia,2,1,8,1,7.4,0.6,109,0
PAT-13113,31,Female,Elective,Ischemic Stroke,6,4,9,1,5.5,0.77,140,0
PAT-13114,42,Male,Urgent,Type 2 Diabetes,2,0,6,1,10.2,0.96,164,0
PAT-13115,86,Male,Emergency,Type 2 Diabetes,3,2,7,1,4.5,1.52,127,1
PAT-13116,79,Female,Emergency,Heart Failure,4,4,16,1,8.4,0.91,101,1
PAT-13117,20,Male,Elective,COPD Exacerbation,1,5,10,3,7.0,1.13,117,1
PAT-13118,47,Male,Elective,Heart Failure,3,5,6,0,6.0,0.59,129,0
PAT-13119,44,Female,Elective,Acute Myocardial Infarction,6,3,8,1,8.0,0.86,127,0
PAT-13120,48,Male,Elective,Total Hip Arthroplasty,4,2,5,2,6.5,4.14,148,1
PAT-13121,47,Female,Emergency,Total Hip Arthroplasty,2,4,9,1,10.3,2.9,106,1
PAT-13122,27,Female,Emergency,Heart Failure,1,4,10,0,7.8,2.02,135,0
PAT-13123,62,Male,Emergency,COPD Exacerbation,7,4,6,0,7.8,0.65,113,1
PAT-13124,78,Female,Emergency,Heart Failure,8,2,9,1,7.1,2.84,118,0
PAT-13125,71,Female,Emergency,COPD Exacerbation,7,1,8,2,5.0,0.61,116,1
PAT-13126,75,Female,Emergency,Sepsis,7,3,5,0,4.2,0.84,123,1
PAT-13127,30,Male,Emergency,COPD Exacerbation,2,1,11,2,7.8,0.74,150,0
PAT-13128,89,Male,Elective,Total Hip Arthroplasty,7,1,9,0,8.4,0.71,130,0
PAT-13129,84,Female,Urgent,Sepsis,7,2,10,1,5.7,1.79,146,0
PAT-13130,82,Male,Elective,Type 2 Diabetes,6,3,6,0,6.7,0.65,116,0
PAT-13131,83,Female,Emergency,COPD Exacerbation,2,1,11,1,7.8,2.77,118,0
PAT-13132,88,Male,Emergency,Heart Failure,6,1,8,0,5.3,1.09,112,1
PAT-13133,68,Female,Emergency,Pneumonia,7,3,8,2,8.7,0.55,165,1
PAT-13134,42,Male,Urgent,Type 2 Diabetes,3,7,10,0,7.8,2.55,158,0
PAT-13135,72,Male,Emergency,Total Hip Arthroplasty,5,1,8,0,7.1,1.83,130,0
PAT-13136,79,Male,Emergency,Pneumonia,4,6,8,0,9.7,2.21,142,1
PAT-13137,79,Female,Elective,COPD Exacerbation,4,2,11,1,7.7,1.2,151,0
PAT-13138,66,Male,Emergency,Acute Myocardial Infarction,6,2,7,0,7.8,2.38,162,0
PAT-13139,28,Female,Urgent,Acute Myocardial Infarction,5,3,6,2,6.5,0.54,96,0
PAT-13140,56,Male,Emergency,Acute Myocardial Infarction,5,2,12,0,6.6,1.56,159,1
PAT-13141,88,Female,Emergency,Type 2 Diabetes,7,4,12,0,6.2,0.55,134,1
PAT-13142,70,Female,Emergency,Acute Myocardial Infarction,1,7,8,1,5.9,0.8,125,0
PAT-13143,67,Female,Urgent,COPD Exacerbation,4,4,8,3,8.5,1.76,114,1
PAT-13144,48,Female,Urgent,COPD Exacerbation,8,2,9,0,5.7,1.04,137,0
PAT-13145,56,Male,Emergency,Heart Failure,8,0,8,1,7.5,2.0,158,1
PAT-13146,87,Male,Emergency,Type 2 Diabetes,6,2,6,3,5.9,0.71,116,1
PAT-13147,75,Male,Emergency,Total Hip Arthroplasty,3,3,10,0,7.3,1.65,140,0
PAT-13148,81,Male,Urgent,Type 2 Diabetes,7,1,5,0,7.2,1.16,138,0
PAT-13149,62,Male,Elective,Pneumonia,7,1,3,2,5.9,0.67,158,0
PAT-13150,73,Female,Elective,Heart Failure,3,1,9,1,7.8,1.73,135,0
PAT-13151,47,Female,Emergency,Heart Failure,7,6,7,1,5.8,1.97,127,1
PAT-13152,77,Female,Emergency,Type 2 Diabetes,3,3,8,0,7.2,4.03,120,0
PAT-13153,60,Female,Emergency,COPD Exacerbation,6,4,13,1,3.8,4.48,116,0
PAT-13154,61,Female,Elective,Total Hip Arthroplasty,1,1,6,0,8.1,1.68,98,0
PAT-13155,74,Female,Elective,Type 2 Diabetes,7,3,4,0,8.0,1.34,105,0
PAT-13156,89,Female,Emergency,Type 2 Diabetes,4,1,9,2,9.3,1.7,105,1
PAT-13157,27,Female,Emergency,COPD Exacerbation,1,2,12,0,8.0,1.16,129,0
PAT-13158,83,Male,Emergency,Type 2 Diabetes,3,1,9,1,5.1,1.07,137,1
PAT-13159,50,Female,Emergency,Total Hip Arthroplasty,2,2,10,1,5.0,0.61,128,0
PAT-13160,61,Male,Urgent,Type 2 Diabetes,4,0,14,0,8.5,2.9,120,0
PAT-13161,21,Male,Emergency,Pneumonia,7,2,7,1,9.3,2.26,93,0
PAT-13162,51,Male,Elective,COPD Exacerbation,5,2,9,3,4.4,3.97,135,0
PAT-13163,65,Female,Elective,Sepsis,4,1,8,0,6.7,1.84,143,1
PAT-13164,26,Female,Elective,COPD Exacerbation,1,4,12,0,7.1,0.81,118,0
PAT-13165,64,Female,Urgent,Type 2 Diabetes,9,3,9,0,6.5,1.57,141,0
PAT-13166,88,Female,Elective,Heart Failure,6,1,9,0,7.2,0.97,122,0
PAT-13167,33,Female,Urgent,Total Hip Arthroplasty,4,3,6,4,8.1,1.38,121,1
PAT-13168,80,Male,Emergency,Sepsis,9,0,15,0,9.8,2.13,104,1
PAT-13169,59,Male,Elective,Heart Failure,3,0,5,1,7.9,4.48,89,1
PAT-13170,74,Male,Elective,Sepsis,8,0,11,0,6.7,0.68,111,0
PAT-13171,48,Female,Emergency,COPD Exacerbation,5,2,9,1,7.5,1.01,114,0
PAT-13172,38,Female,Elective,Pneumonia,4,1,11,1,5.5,3.54,143,1
PAT-13173,39,Male,Elective,Heart Failure,8,0,7,0,7.0,0.69,138,0
PAT-13174,28,Female,Elective,Sepsis,6,1,7,0,7.5,0.58,141,0
PAT-13175,41,Male,Emergency,Heart Failure,2,1,9,0,6.8,1.01,102,0
PAT-13176,75,Male,Elective,Acute Myocardial Infarction,7,2,9,1,5.6,2.81,132,0
PAT-13177,86,Female,Emergency,Heart Failure,8,1,11,0,6.6,1.09,119,0
PAT-13178,83,Female,Elective,Sepsis,10,1,6,1,6.5,1.45,148,0
PAT-13179,76,Female,Emergency,Heart Failure,5,5,11,1,5.8,0.77,124,0
PAT-13180,33,Female,Elective,Type 2 Diabetes,1,1,10,1,5.3,0.53,157,0
PAT-13181,50,Female,Emergency,Type 2 Diabetes,6,4,9,2,5.3,0.61,101,1
PAT-13182,52,Female,Emergency,Heart Failure,7,2,6,0,8.0,1.35,123,1
PAT-13183,47,Female,Emergency,Pneumonia,5,3,5,1,6.0,1.31,115,1
PAT-13184,66,Female,Emergency,Type 2 Diabetes,4,2,5,0,6.0,0.7,156,0
PAT-13185,67,Male,Elective,Ischemic Stroke,7,4,11,1,9.3,0.78,97,1
PAT-13186,55,Female,Elective,COPD Exacerbation,8,1,10,0,6.1,1.0,103,0
PAT-13187,55,Male,Emergency,COPD Exacerbation,3,2,9,2,9.0,1.06,129,0
PAT-13188,83,Male,Emergency,Type 2 Diabetes,3,3,10,0,9.1,2.18,136,1
PAT-13189,81,Male,Emergency,Pneumonia,5,1,8,0,6.7,1.5,118,0
PAT-13190,51,Male,Elective,Heart Failure,5,5,12,0,7.7,0.85,125,0
PAT-13191,87,Female,Emergency,Acute Myocardial Infarction,6,2,11,0,5.4,1.98,142,0
PAT-13192,89,Female,Emergency,Type 2 Diabetes,5,3,13,0,5.6,1.75,131,0
PAT-13193,53,Male,Emergency,Acute Myocardial Infarction,2,4,7,1,8.1,1.59,124,1
PAT-13194,55,Male,Emergency,Type 2 Diabetes,6,2,6,2,9.1,1.82,135,0
PAT-13195,65,Male,Emergency,Ischemic Stroke,6,4,10,2,7.9,1.14,103,1
PAT-13196,89,Male,Emergency,Heart Failure,9,4,10,0,6.6,3.59,142,0
PAT-13197,86,Female,Elective,Heart Failure,12,1,9,0,6.5,1.88,111,0
PAT-13198,32,Female,Elective,COPD Exacerbation,2,3,6,0,7.1,0.9,144,0
PAT-13199,58,Female,Emergency,Ischemic Stroke,7,4,11,0,8.5,0.53,125,0
PAT-13200,68,Female,Elective,COPD Exacerbation,5,2,10,1,6.4,0.9,127,1
PAT-13201,65,Female,Emergency,Heart Failure,9,1,13,0,6.7,1.19,153,1
PAT-13202,42,Male,Urgent,COPD Exacerbation,4,0,8,1,8.0,0.88,136,1
PAT-13203,85,Male,Emergency,Total Hip Arthroplasty,4,3,6,0,8.6,0.56,152,0
PAT-13204,75,Female,Elective,Heart Failure,6,4,2,1,6.8,0.63,108,1
PAT-13205,84,Male,Elective,Heart Failure,6,1,14,0,6.5,5.07,169,0
PAT-13206,85,Male,Emergency,Sepsis,11,5,8,0,6.4,0.69,137,1
PAT-13207,79,Male,Urgent,Total Hip Arthroplasty,4,3,6,1,8.3,1.09,151,1
PAT-13208,61,Female,Emergency,Acute Myocardial Infarction,5,2,7,0,7.4,0.79,131,0
PAT-13209,72,Male,Elective,Ischemic Stroke,8,2,7,2,6.1,2.33,117,0
PAT-13210,39,Male,Emergency,Heart Failure,3,3,4,1,9.7,1.06,159,1
PAT-13211,75,Female,Emergency,COPD Exacerbation,5,3,11,1,7.9,0.79,126,1
PAT-13212,40,Female,Elective,Acute Myocardial Infarction,5,2,7,0,7.4,2.24,131,0
PAT-13213,76,Male,Emergency,Acute Myocardial Infarction,6,4,7,1,7.1,1.17,136,0
PAT-13214,45,Female,Emergency,Sepsis,10,2,8,0,6.4,0.89,156,0
PAT-13215,34,Female,Emergency,Total Hip Arthroplasty,6,2,6,1,5.0,0.96,140,0
PAT-13216,39,Female,Elective,Type 2 Diabetes,2,1,8,0,8.4,1.09,132,0
PAT-13217,18,Male,Emergency,Heart Failure,4,2,10,0,6.3,1.1,156,0
PAT-13218,78,Male,Emergency,Type 2 Diabetes,4,2,5,3,6.4,0.88,103,0
PAT-13219,78,Female,Elective,Acute Myocardial Infarction,3,3,7,0,6.8,6.26,136,0
PAT-13220,66,Female,Emergency,Type 2 Diabetes,5,3,6,1,6.4,1.4,117,1
PAT-13221,39,Male,Emergency,Sepsis,9,4,4,0,8.8,1.32,103,0
PAT-13222,30,Male,Emergency,Type 2 Diabetes,1,1,4,1,5.5,1.11,148,0
PAT-13223,21,Male,Emergency,Heart Failure,3,3,6,0,6.6,2.13,98,0
PAT-13224,39,Female,Emergency,Pneumonia,4,2,7,1,5.1,0.63,120,0
PAT-13225,86,Female,Urgent,Acute Myocardial Infarction,2,1,9,1,6.0,2.37,93,1
PAT-13226,46,Female,Emergency,Type 2 Diabetes,3,2,9,2,6.5,0.75,109,1
PAT-13227,55,Male,Emergency,Acute Myocardial Infarction,2,1,7,0,8.7,4.02,126,0
PAT-13228,33,Female,Emergency,Pneumonia,5,4,5,4,6.7,2.24,122,1
PAT-13229,44,Female,Emergency,Heart Failure,5,3,5,0,7.5,1.91,149,0
PAT-13230,66,Female,Elective,Heart Failure,6,4,7,2,5.8,2.62,187,1
PAT-13231,71,Female,Emergency,Acute Myocardial Infarction,6,0,9,1,6.9,1.25,98,0
PAT-13232,46,Male,Emergency,Pneumonia,9,3,7,0,6.9,2.02,119,0
PAT-13233,27,Female,Emergency,Total Hip Arthroplasty,1,3,8,2,3.9,4.41,117,0
PAT-13234,58,Male,Elective,COPD Exacerbation,3,1,7,0,6.5,1.62,121,0
PAT-13235,45,Male,Emergency,Type 2 Diabetes,4,1,8,1,9.0,1.07,157,1
PAT-13236,44,Female,Emergency,Type 2 Diabetes,3,0,7,2,6.2,2.88,132,0
PAT-13237,90,Male,Elective,Heart Failure,9,3,8,0,8.8,0.91,143,1
PAT-13238,72,Male,Emergency,COPD Exacerbation,6,3,14,4,8.7,2.98,113,0
PAT-13239,68,Male,Elective,COPD Exacerbation,9,4,10,0,5.2,0.56,96,1
PAT-13240,59,Female,Elective,Sepsis,8,3,2,0,6.4,0.8,154,0
PAT-13241,60,Female,Emergency,Type 2 Diabetes,1,4,12,1,4.8,0.66,165,0
PAT-13242,67,Female,Emergency,Type 2 Diabetes,5,4,7,0,7.0,5.66,129,0
PAT-13243,76,Male,Urgent,Heart Failure,6,4,7,1,9.8,0.76,148,1
PAT-13244,77,Male,Elective,Type 2 Diabetes,5,4,3,2,9.1,2.93,144,0
PAT-13245,40,Male,Urgent,Pneumonia,7,2,7,2,7.1,2.97,147,1
PAT-13246,65,Female,Emergency,Ischemic Stroke,6,2,8,0,6.9,1.59,118,1
PAT-13247,59,Female,Emergency,COPD Exacerbation,3,2,5,0,10.0,0.7,163,0
PAT-13248,85,Male,Urgent,Sepsis,9,2,7,2,5.8,3.72,132,1
PAT-13249,73,Female,Emergency,Type 2 Diabetes,1,2,14,0,8.0,0.9,140,0
PAT-13250,67,Male,Urgent,Heart Failure,6,2,13,0,4.8,2.14,131,0
PAT-13251,34,Female,Emergency,Type 2 Diabetes,2,1,10,0,4.8,0.79,119,0
PAT-13252,71,Female,Urgent,Type 2 Diabetes,6,4,5,0,5.7,2.31,124,0
PAT-13253,34,Female,Emergency,COPD Exacerbation,1,3,7,4,6.3,0.82,181,0
PAT-13254,54,Female,Emergency,Type 2 Diabetes,3,2,11,1,7.2,2.95,126,0
PAT-13255,37,Female,Urgent,Sepsis,11,4,9,0,7.9,1.31,137,1
PAT-13256,76,Female,Emergency,Ischemic Stroke,9,4,11,1,5.7,0.72,123,1
PAT-13257,43,Female,Emergency,Type 2 Diabetes,5,1,6,1,7.9,1.13,141,0
PAT-13258,58,Female,Emergency,Acute Myocardial Infarction,5,1,7,1,10.4,0.93,141,0
PAT-13259,87,Female,Elective,COPD Exacerbation,3,0,7,1,6.2,0.58,128,0
PAT-13260,43,Male,Urgent,Heart Failure,5,3,9,0,7.2,0.82,103,0
PAT-13261,65,Female,Emergency,Total Hip Arthroplasty,4,5,10,0,8.0,1.19,142,1
PAT-13262,60,Male,Emergency,Heart Failure,3,5,5,1,8.8,0.86,153,1
PAT-13263,21,Male,Emergency,Acute Myocardial Infarction,3,4,6,1,4.3,1.18,122,0
PAT-13264,81,Male,Elective,Type 2 Diabetes,1,0,9,0,7.0,0.6,129,0
PAT-13265,28,Male,Emergency,Type 2 Diabetes,2,1,9,0,10.0,1.63,102,0
PAT-13266,63,Female,Emergency,Pneumonia,5,3,4,1,3.7,0.57,106,0
PAT-13267,69,Male,Emergency,Sepsis,12,2,10,0,6.6,2.86,108,1
PAT-13268,73,Male,Emergency,Heart Failure,4,1,5,3,8.1,2.04,128,0
PAT-13269,76,Male,Urgent,Heart Failure,5,3,8,1,6.2,0.59,129,1
PAT-13270,47,Female,Emergency,Pneumonia,5,4,7,2,9.0,2.27,121,1
PAT-13271,19,Female,Emergency,Heart Failure,2,2,11,0,6.3,1.84,110,0
PAT-13272,78,Female,Emergency,Acute Myocardial Infarction,7,1,8,0,8.5,2.89,110,0
PAT-13273,67,Male,Elective,Acute Myocardial Infarction,1,0,9,3,8.4,6.16,110,1
PAT-13274,84,Male,Emergency,Sepsis,12,2,6,0,6.6,0.81,127,1
PAT-13275,83,Female,Emergency,Acute Myocardial Infarction,5,1,9,0,8.2,0.75,120,1
PAT-13276,84,Male,Emergency,Total Hip Arthroplasty,7,3,6,1,6.1,0.67,127,0
PAT-13277,64,Male,Elective,Acute Myocardial Infarction,1,1,9,2,9.1,0.88,148,1
PAT-13278,53,Female,Elective,Total Hip Arthroplasty,1,4,9,0,9.0,0.52,135,1
PAT-13279,81,Male,Emergency,Heart Failure,5,3,3,0,10.1,1.25,132,0
PAT-13280,62,Male,Emergency,Pneumonia,7,2,7,1,9.6,0.53,154,0
PAT-13281,41,Female,Emergency,Ischemic Stroke,5,1,7,2,8.3,0.67,122,1
PAT-13282,85,Male,Urgent,Acute Myocardial Infarction,7,2,11,3,6.1,1.53,141,1
PAT-13283,86,Female,Emergency,Total Hip Arthroplasty,6,0,10,0,9.3,1.42,136,1
PAT-13284,63,Male,Urgent,Heart Failure,7,1,14,0,8.4,1.04,155,1
PAT-13285,29,Male,Elective,Total Hip Arthroplasty,2,1,9,1,6.2,0.57,132,0
PAT-13286,57,Male,Emergency,Acute Myocardial Infarction,4,0,8,0,6.9,4.45,152,0
PAT-13287,82,Female,Emergency,Heart Failure,5,2,13,1,7.1,0.95,100,1
PAT-13288,87,Female,Urgent,Heart Failure,6,2,13,1,5.5,1.05,131,0
PAT-13289,43,Female,Emergency,Type 2 Diabetes,1,2,7,2,6.1,6.86,121,1
PAT-13290,28,Male,Urgent,Total Hip Arthroplasty,1,3,5,1,8.6,1.78,151,0
PAT-13291,86,Female,Emergency,COPD Exacerbation,7,4,5,1,8.0,0.88,129,1
PAT-13292,57,Male,Emergency,Total Hip Arthroplasty,2,4,10,2,10.5,1.65,114,1
PAT-13293,67,Female,Elective,Pneumonia,5,1,12,0,5.7,1.23,130,0
PAT-13294,90,Female,Urgent,Total Hip Arthroplasty,5,1,15,0,7.1,0.51,119,0
PAT-13295,28,Female,Emergency,Pneumonia,5,2,12,1,6.8,1.28,110,0
PAT-13296,74,Male,Elective,Type 2 Diabetes,4,3,6,1,8.0,1.74,142,0
PAT-13297,29,Male,Emergency,Heart Failure,4,1,7,0,6.8,1.47,144,0
PAT-13298,57,Female,Emergency,Ischemic Stroke,7,3,7,2,5.6,4.33,125,1
PAT-13299,82,Female,Emergency,Type 2 Diabetes,7,2,4,0,6.2,1.24,129,0
PAT-13300,61,Female,Emergency,Heart Failure,6,1,9,1,8.9,0.83,137,0
PAT-13301,91,Female,Emergency,Heart Failure,4,7,2,0,6.3,0.81,153,1
PAT-13302,69,Male,Emergency,Type 2 Diabetes,4,1,7,2,7.5,2.17,119,0
PAT-13303,52,Male,Urgent,Total Hip Arthroplasty,2,2,8,2,7.0,0.67,127,0
PAT-13304,44,Male,Elective,COPD Exacerbation,2,2,8,1,6.1,1.07,145,1
PAT-13305,55,Male,Emergency,COPD Exacerbation,6,1,7,1,7.9,1.5,117,0
PAT-13306,56,Male,Urgent,Total Hip Arthroplasty,4,3,7,0,8.4,2.27,135,0
PAT-13307,28,Male,Emergency,Pneumonia,6,2,4,1,8.4,1.04,134,0
PAT-13308,56,Male,Emergency,Sepsis,6,3,6,2,7.2,1.57,137,1
PAT-13309,63,Female,Elective,Type 2 Diabetes,4,1,13,1,8.5,1.7,134,0
PAT-13310,78,Female,Emergency,Ischemic Stroke,7,1,4,2,5.3,0.71,124,0
PAT-13311,74,Female,Elective,Heart Failure,6,3,7,1,6.5,0.61,145,0
PAT-13312,77,Female,Emergency,Acute Myocardial Infarction,5,3,6,0,6.9,3.31,111,0
PAT-13313,19,Male,Emergency,COPD Exacerbation,3,0,6,1,7.2,1.23,144,0
PAT-13314,44,Female,Emergency,Heart Failure,4,2,10,0,9.6,1.64,105,1
PAT-13315,74,Female,Urgent,Pneumonia,9,1,11,2,5.9,0.68,128,1
PAT-13316,64,Female,Elective,Type 2 Diabetes,2,0,10,1,6.2,1.17,153,0
PAT-13317,18,Female,Elective,Heart Failure,3,5,13,2,6.5,0.73,156,1
PAT-13318,82,Male,Emergency,COPD Exacerbation,8,2,7,2,8.4,0.56,149,0
PAT-13319,80,Male,Emergency,Ischemic Stroke,6,2,12,2,7.7,3.17,141,1
PAT-13320,68,Male,Elective,COPD Exacerbation,4,1,9,1,9.6,1.48,134,0
PAT-13321,28,Female,Emergency,COPD Exacerbation,5,1,3,0,6.9,1.14,116,0
PAT-13322,80,Male,Emergency,Heart Failure,3,2,12,3,7.8,2.53,154,1
PAT-13323,70,Female,Elective,Heart Failure,7,4,7,0,8.1,1.26,137,1
PAT-13324,81,Male,Emergency,Pneumonia,6,2,15,0,5.5,0.61,190,1
PAT-13325,79,Female,Emergency,Ischemic Stroke,8,3,11,0,7.0,2.33,139,1
PAT-13326,82,Female,Elective,Total Hip Arthroplasty,1,4,10,1,6.8,1.26,161,0
PAT-13327,66,Female,Elective,Type 2 Diabetes,6,1,7,2,8.0,1.1,149,0
PAT-13328,36,Female,Elective,COPD Exacerbation,1,1,3,0,10.1,1.97,134,0
PAT-13329,75,Male,Emergency,COPD Exacerbation,7,6,3,0,6.3,1.48,149,0
PAT-13330,72,Female,Emergency,Acute Myocardial Infarction,3,5,7,0,7.9,1.54,131,0
PAT-13331,79,Female,Elective,Acute Myocardial Infarction,9,1,5,3,6.7,2.81,129,1
PAT-13332,39,Female,Elective,Sepsis,8,1,10,0,5.9,1.19,141,0
PAT-13333,42,Male,Emergency,Heart Failure,8,0,8,3,6.4,0.87,148,1
PAT-13334,86,Female,Urgent,Ischemic Stroke,6,10,6,0,7.6,0.92,120,1
PAT-13335,79,Male,Urgent,Heart Failure,5,6,6,0,7.8,3.89,135,0
PAT-13336,87,Male,Emergency,Pneumonia,10,1,13,1,8.1,0.54,112,1
PAT-13337,80,Female,Elective,Total Hip Arthroplasty,1,1,11,1,6.9,1.3,131,0
PAT-13338,71,Female,Emergency,Pneumonia,5,1,6,0,5.8,2.14,124,0
PAT-13339,74,Female,Emergency,Heart Failure,7,1,10,0,5.6,2.15,130,1
PAT-13340,86,Male,Emergency,Type 2 Diabetes,3,0,7,1,6.1,3.23,116,0
PAT-13341,70,Female,Emergency,COPD Exacerbation,6,2,11,1,4.6,2.99,110,1
PAT-13342,73,Female,Urgent,Heart Failure,6,2,15,0,6.3,5.23,152,1
PAT-13343,38,Male,Elective,Pneumonia,2,3,8,1,6.9,0.87,155,1
PAT-13344,63,Male,Elective,Type 2 Diabetes,6,3,7,1,4.5,0.97,127,0
PAT-13345,77,Female,Emergency,Sepsis,7,2,10,1,6.1,1.82,98,1
PAT-13346,49,Male,Emergency,Heart Failure,6,1,11,0,6.9,0.83,121,1
PAT-13347,43,Female,Emergency,Acute Myocardial Infarction,4,2,5,2,8.6,1.74,135,1
PAT-13348,52,Female,Emergency,Pneumonia,5,2,6,0,7.0,1.52,160,0
PAT-13349,46,Female,Emergency,COPD Exacerbation,2,2,7,1,9.9,1.18,111,0
PAT-13350,44,Male,Emergency,Type 2 Diabetes,4,2,8,1,8.7,0.79,117,0
PAT-13351,60,Female,Emergency,COPD Exacerbation,3,4,7,2,6.8,0.88,112,1
PAT-13352,87,Male,Emergency,Acute Myocardial Infarction,8,0,11,0,5.5,2.48,140,0
PAT-13353,65,Male,Emergency,Heart Failure,8,3,8,1,5.3,2.24,125,0
PAT-13354,41,Female,Emergency,Sepsis,11,1,8,1,6.7,0.61,104,0
PAT-13355,29,Male,Urgent,Sepsis,8,4,10,1,6.0,0.74,127,1
PAT-13356,76,Female,Emergency,Heart Failure,5,2,10,1,8.2,0.8,127,0
PAT-13357,57,Male,Emergency,COPD Exacerbation,4,4,10,2,9.1,0.77,137,1
PAT-13358,83,Male,Elective,COPD Exacerbation,5,3,8,1,4.7,1.63,130,0
PAT-13359,74,Female,Urgent,Heart Failure,6,0,6,0,9.3,0.67,113,1
PAT-13360,82,Female,Elective,Type 2 Diabetes,5,0,8,1,11.0,0.7,119,0
PAT-13361,49,Female,Emergency,Ischemic Stroke,9,3,12,0,7.4,2.29,120,1
PAT-13362,76,Female,Emergency,COPD Exacerbation,5,3,9,1,5.8,1.77,136,0
PAT-13363,48,Female,Urgent,Total Hip Arthroplasty,1,6,6,2,7.5,0.63,107,0
PAT-13364,89,Female,Elective,Acute Myocardial Infarction,5,2,5,1,7.2,1.26,104,0
PAT-13365,73,Male,Emergency,Heart Failure,9,3,5,2,8.3,0.56,169,1
PAT-13366,53,Female,Emergency,Heart Failure,2,1,7,1,6.6,2.21,136,0
PAT-13367,48,Male,Emergency,Acute Myocardial Infarction,5,2,7,0,7.8,1.67,133,0
PAT-13368,41,Male,Emergency,COPD Exacerbation,3,3,7,2,7.0,0.76,91,0
PAT-13369,76,Female,Elective,Heart Failure,4,2,10,1,5.3,0.5,137,1
PAT-13370,44,Male,Emergency,COPD Exacerbation,5,3,7,0,7.3,2.19,135,1
PAT-13371,71,Female,Urgent,Sepsis,12,2,9,1,6.6,0.53,148,1
PAT-13372,48,Female,Emergency,Acute Myocardial Infarction,5,1,7,1,6.6,3.23,141,0
PAT-13373,74,Male,Elective,Type 2 Diabetes,4,9,8,0,5.6,0.83,150,0
PAT-13374,83,Female,Emergency,Type 2 Diabetes,2,2,6,1,9.6,0.94,140,0
PAT-13375,81,Male,Emergency,Ischemic Stroke,7,3,7,0,7.5,1.3,115,1
PAT-13376,80,Male,Emergency,Total Hip Arthroplasty,1,3,9,2,7.6,0.96,131,1
PAT-13377,41,Male,Elective,Type 2 Diabetes,2,2,11,1,6.5,0.84,125,0
PAT-13378,31,Male,Elective,Sepsis,7,4,8,1,5.3,1.0,150,1
PAT-13379,76,Male,Emergency,Heart Failure,1,2,11,2,5.2,3.13,145,1
PAT-13380,56,Female,Elective,Heart Failure,8,2,4,1,6.6,1.49,142,0
PAT-13381,60,Female,Emergency,Heart Failure,3,2,7,1,7.9,0.67,146,1
PAT-13382,23,Male,Urgent,Heart Failure,3,2,9,0,8.3,1.3,130,0
PAT-13383,48,Female,Urgent,Sepsis,9,2,2,0,5.8,0.99,148,0
PAT-13384,23,Female,Urgent,COPD Exacerbation,6,3,7,1,3.9,0.94,142,0
PAT-13385,86,Female,Emergency,Type 2 Diabetes,3,3,13,1,8.0,1.68,129,1
PAT-13386,46,Male,Emergency,Sepsis,3,3,12,1,6.2,1.68,117,1
PAT-13387,68,Female,Urgent,Sepsis,11,1,4,0,7.8,2.49,125,0
PAT-13388,24,Male,Emergency,Heart Failure,1,4,8,2,7.9,0.83,143,1
PAT-13389,75,Female,Emergency,COPD Exacerbation,6,3,6,1,7.8,1.23,114,1
PAT-13390,53,Female,Elective,Acute Myocardial Infarction,5,3,9,1,6.9,2.03,164,0
PAT-13391,87,Female,Emergency,Acute Myocardial Infarction,1,1,6,2,10.2,2.22,121,1
PAT-13392,86,Female,Elective,Acute Myocardial Infarction,2,3,10,1,4.9,0.62,117,1
PAT-13393,53,Male,Elective,Heart Failure,4,3,5,1,5.0,1.3,126,0
PAT-13394,87,Female,Elective,Type 2 Diabetes,1,0,3,0,4.2,4.82,152,0
PAT-13395,91,Female,Emergency,Sepsis,7,1,6,1,6.7,0.55,109,0
PAT-13396,83,Male,Emergency,Total Hip Arthroplasty,4,0,4,0,7.2,0.8,158,0
PAT-13397,84,Female,Emergency,Type 2 Diabetes,4,1,16,0,4.8,0.79,150,0
PAT-13398,47,Female,Emergency,Heart Failure,5,2,7,2,8.4,2.23,164,0
PAT-13399,70,Female,Emergency,Sepsis,10,2,12,0,9.2,2.37,142,1
PAT-13400,28,Male,Emergency,Type 2 Diabetes,1,0,15,0,7.8,1.19,137,0
PAT-13401,31,Male,Emergency,Type 2 Diabetes,1,2,9,0,7.5,0.74,101,0
PAT-13402,91,Female,Emergency,Type 2 Diabetes,6,4,7,1,2.8,1.26,134,0
PAT-13403,53,Female,Elective,Pneumonia,9,1,10,0,6.7,1.66,109,0
PAT-13404,79,Female,Emergency,Type 2 Diabetes,3,4,15,0,6.9,0.87,148,1
PAT-13405,82,Female,Emergency,COPD Exacerbation,6,0,9,1,8.7,0.63,129,0
PAT-13406,85,Male,Elective,Heart Failure,8,3,10,0,6.1,1.22,108,1
PAT-13407,91,Male,Elective,Ischemic Stroke,8,3,5,1,8.6,1.06,139,1
PAT-13408,46,Female,Emergency,Total Hip Arthroplasty,2,1,4,1,8.3,3.3,124,0
PAT-13409,24,Male,Elective,Total Hip Arthroplasty,1,1,6,0,8.1,1.24,151,0
PAT-13410,59,Female,Emergency,Total Hip Arthroplasty,7,4,7,1,7.4,1.38,126,1
PAT-13411,35,Female,Emergency,COPD Exacerbation,4,3,7,0,3.8,1.09,103,0
PAT-13412,21,Female,Urgent,Type 2 Diabetes,3,3,7,1,7.6,3.05,121,0
PAT-13413,55,Female,Urgent,Heart Failure,6,1,5,1,9.3,0.74,130,0
PAT-13414,81,Male,Emergency,Heart Failure,4,2,12,2,8.2,0.56,154,0
PAT-13415,69,Female,Elective,Type 2 Diabetes,4,2,6,1,8.8,1.21,134,0
PAT-13416,52,Female,Elective,Pneumonia,5,1,13,1,5.3,3.63,128,0
PAT-13417,74,Male,Urgent,Ischemic Stroke,7,4,13,0,5.8,1.12,132,1
PAT-13418,45,Male,Emergency,Pneumonia,6,3,11,1,6.5,1.14,156,1
PAT-13419,20,Male,Emergency,Pneumonia,3,2,8,0,8.5,2.78,144,1
PAT-13420,80,Male,Emergency,Acute Myocardial Infarction,3,4,7,0,7.7,2.99,149,1
PAT-13421,72,Female,Emergency,Heart Failure,7,2,6,0,8.1,0.72,142,0
PAT-13422,80,Male,Emergency,Total Hip Arthroplasty,3,3,14,0,7.2,1.96,131,0
PAT-13423,24,Male,Elective,Pneumonia,4,3,14,2,7.2,2.36,137,1
PAT-13424,84,Male,Elective,Type 2 Diabetes,1,3,10,2,4.8,0.61,130,1
PAT-13425,72,Male,Urgent,Total Hip Arthroplasty,5,6,10,0,5.4,2.56,130,1
PAT-13426,69,Female,Emergency,COPD Exacerbation,6,2,13,2,7.8,0.92,112,0
PAT-13427,72,Male,Emergency,Pneumonia,8,5,10,3,4.3,0.72,89,0
PAT-13428,85,Female,Emergency,COPD Exacerbation,7,2,8,1,7.0,3.63,109,1
PAT-13429,70,Female,Emergency,Acute Myocardial Infarction,2,4,4,1,6.7,1.17,126,1
PAT-13430,70,Female,Urgent,Heart Failure,6,4,8,2,9.1,2.28,135,0
PAT-13431,91,Male,Emergency,Sepsis,9,2,16,2,7.7,0.82,125,1
PAT-13432,80,Female,Elective,Ischemic Stroke,6,4,5,2,8.5,1.88,161,1
PAT-13433,61,Male,Emergency,COPD Exacerbation,6,3,15,0,7.5,0.76,131,1
PAT-13434,77,Female,Emergency,Acute Myocardial Infarction,8,0,6,1,8.6,2.5,97,0
PAT-13435,57,Male,Elective,Sepsis,11,2,4,2,8.1,0.52,122,1
PAT-13436,45,Female,Emergency,Type 2 Diabetes,4,2,7,0,5.8,1.7,150,0
PAT-13437,71,Male,Emergency,Ischemic Stroke,7,3,11,1,7.0,0.99,146,0
PAT-13438,88,Male,Emergency,Acute Myocardial Infarction,5,7,10,2,6.2,0.62,121,1
PAT-13439,88,Female,Elective,Pneumonia,5,5,7,0,8.0,0.63,179,1
PAT-13440,54,Female,Urgent,Acute Myocardial Infarction,4,4,10,1,7.7,1.49,127,1
PAT-13441,67,Male,Elective,Pneumonia,8,2,10,0,6.3,0.78,141,1
PAT-13442,43,Male,Urgent,Heart Failure,8,1,4,1,7.8,0.67,159,0
PAT-13443,91,Male,Elective,Sepsis,8,6,11,0,5.7,0.83,131,0
PAT-13444,91,Female,Elective,COPD Exacerbation,2,1,12,1,7.2,1.85,130,0
PAT-13445,74,Male,Emergency,Sepsis,8,3,6,0,7.2,2.38,128,1
PAT-13446,82,Female,Emergency,Heart Failure,8,2,9,0,7.0,4.55,140,1
PAT-13447,77,Male,Emergency,COPD Exacerbation,10,2,7,0,4.8,1.22,132,0
PAT-13448,71,Male,Elective,Acute Myocardial Infarction,7,5,10,1,8.8,1.11,112,1
PAT-13449,26,Female,Emergency,Ischemic Stroke,8,2,7,1,4.7,1.43,140,0
PAT-13450,62,Male,Emergency,Total Hip Arthroplasty,1,0,2,0,7.2,1.23,120,0
PAT-13451,75,Male,Urgent,Sepsis,8,3,10,1,7.2,1.09,132,1
PAT-13452,75,Male,Emergency,Type 2 Diabetes,2,3,10,0,4.7,2.95,146,0
PAT-13453,56,Female,Urgent,Sepsis,7,3,10,2,8.6,0.84,130,1
PAT-13454,89,Female,Elective,Heart Failure,8,5,4,1,6.3,1.77,125,1
PAT-13455,39,Male,Emergency,Heart Failure,8,6,7,1,7.8,4.02,156,1
PAT-13456,65,Female,Elective,Heart Failure,6,5,12,0,7.6,1.52,119,1
PAT-13457,76,Female,Elective,Sepsis,9,0,6,0,6.4,0.64,148,1
PAT-13458,76,Male,Emergency,Heart Failure,4,0,3,0,5.5,1.6,137,0
PAT-13459,74,Female,Elective,Heart Failure,5,3,5,2,5.1,2.79,123,1
PAT-13460,49,Male,Elective,Type 2 Diabetes,4,2,6,0,6.6,3.11,133,0
PAT-13461,38,Female,Emergency,COPD Exacerbation,1,0,3,0,9.4,1.37,133,0
PAT-13462,73,Female,Emergency,Total Hip Arthroplasty,5,2,10,0,7.7,0.64,144,0
PAT-13463,71,Male,Emergency,Pneumonia,6,4,8,0,8.7,0.72,170,1
PAT-13464,40,Male,Emergency,COPD Exacerbation,6,3,14,1,7.2,1.36,142,0
PAT-13465,77,Male,Emergency,Heart Failure,6,0,9,1,6.3,3.33,120,0
PAT-13466,62,Male,Elective,Type 2 Diabetes,4,3,18,1,7.2,2.38,124,1
PAT-13467,75,Male,Emergency,Heart Failure,4,2,9,2,7.0,1.16,158,1
PAT-13468,84,Female,Urgent,Pneumonia,6,0,3,2,4.6,1.21,76,1
PAT-13469,39,Female,Emergency,COPD Exacerbation,5,1,7,1,7.5,0.59,137,0
PAT-13470,21,Female,Emergency,Type 2 Diabetes,2,0,4,0,5.6,3.77,134,0
PAT-13471,81,Male,Elective,Sepsis,7,1,6,2,5.2,1.98,104,1
PAT-13472,71,Female,Urgent,Ischemic Stroke,7,0,9,0,7.2,1.0,134,0
PAT-13473,77,Female,Emergency,Heart Failure,7,4,4,0,7.7,0.67,121,0
PAT-13474,84,Female,Emergency,Heart Failure,9,1,12,2,7.1,0.92,135,1
PAT-13475,82,Female,Urgent,Sepsis,12,1,6,1,7.2,3.42,150,1
PAT-13476,90,Female,Emergency,Heart Failure,6,5,10,0,7.2,1.0,116,1
PAT-13477,67,Male,Emergency,Type 2 Diabetes,3,7,12,0,6.6,1.69,135,1
PAT-13478,64,Female,Emergency,Pneumonia,6,2,10,1,6.6,3.55,123,0
PAT-13479,58,Male,Elective,Total Hip Arthroplasty,2,0,6,1,7.3,1.78,141,0
PAT-13480,38,Male,Emergency,COPD Exacerbation,5,3,2,1,7.9,2.29,123,0
PAT-13481,69,Female,Elective,Heart Failure,8,4,9,1,6.7,1.39,121,1
PAT-13482,49,Male,Elective,Heart Failure,7,2,9,1,4.5,0.9,126,1
PAT-13483,88,Female,Urgent,Heart Failure,5,2,12,1,7.2,1.56,144,1
PAT-13484,70,Male,Emergency,Type 2 Diabetes,3,1,12,0,6.8,1.59,140,0
PAT-13485,71,Male,Emergency,Pneumonia,6,2,7,2,7.1,2.33,159,0
PAT-13486,55,Male,Emergency,Sepsis,5,3,6,0,6.7,0.63,132,1
PAT-13487,26,Male,Emergency,Type 2 Diabetes,1,1,4,0,6.3,1.7,138,0
PAT-13488,23,Female,Elective,Type 2 Diabetes,2,2,8,3,9.0,0.88,135,1
PAT-13489,60,Female,Elective,Type 2 Diabetes,4,1,10,0,5.9,0.57,110,0
PAT-13490,30,Male,Elective,Heart Failure,5,0,6,0,9.8,0.77,144,0
PAT-13491,71,Female,Elective,Ischemic Stroke,6,1,6,2,6.1,0.77,151,1
PAT-13492,86,Female,Urgent,Heart Failure,5,1,7,0,6.6,4.59,141,0
PAT-13493,86,Female,Emergency,Type 2 Diabetes,4,1,8,1,8.1,1.36,130,0
PAT-13494,74,Male,Urgent,Heart Failure,5,4,6,1,9.2,4.91,153,1
PAT-13495,43,Female,Emergency,Pneumonia,7,2,4,1,8.2,0.72,141,0
PAT-13496,85,Male,Elective,Total Hip Arthroplasty,1,3,11,1,9.2,1.27,165,0
PAT-13497,86,Female,Emergency,Heart Failure,4,1,7,0,8.1,1.74,138,0
PAT-13498,42,Female,Elective,Pneumonia,5,3,7,1,6.2,1.27,136,1
PAT-13499,79,Male,Emergency,Heart Failure,3,5,12,4,8.6,1.64,148,1
PAT-13500,50,Female,Elective,Acute Myocardial Infarction,1,3,10,1,4.3,0.8,159,0
PAT-13501,82,Male,Urgent,COPD Exacerbation,3,2,11,2,8.1,0.59,133,0
PAT-13502,91,Female,Elective,Acute Myocardial Infarction,5,3,9,4,8.0,1.08,129,1
PAT-13503,23,Female,Elective,Pneumonia,6,3,8,1,8.5,0.74,140,1
PAT-13504,87,Female,Emergency,Total Hip Arthroplasty,5,4,7,1,6.2,3.18,138,1
PAT-13505,72,Male,Emergency,Pneumonia,10,3,5,1,6.2,1.24,142,0
PAT-13506,90,Male,Urgent,Pneumonia,7,2,12,1,5.3,1.53,113,0
PAT-13507,63,Male,Elective,Acute Myocardial Infarction,5,1,12,1,7.0,0.93,110,0
PAT-13508,84,Female,Emergency,Pneumonia,6,2,7,3,6.4,0.55,107,1
PAT-13509,27,Male,Emergency,Heart Failure,3,4,9,0,5.8,0.6,106,0
PAT-13510,54,Female,Emergency,Type 2 Diabetes,8,1,6,1,4.7,1.13,147,0
PAT-13511,28,Male,Emergency,Heart Failure,4,2,8,2,6.9,1.95,170,0
PAT-13512,90,Male,Emergency,Pneumonia,8,5,12,1,6.7,1.08,113,1
PAT-13513,83,Male,Emergency,COPD Exacerbation,3,2,8,0,7.6,1.1,116,0
PAT-13514,84,Female,Emergency,Heart Failure,7,3,3,2,5.6,1.46,158,0
PAT-13515,89,Male,Emergency,COPD Exacerbation,7,3,9,1,5.1,0.95,145,1
PAT-13516,30,Female,Elective,Total Hip Arthroplasty,4,1,13,0,6.9,2.04,121,0
PAT-13517,57,Male,Emergency,Type 2 Diabetes,5,1,7,0,8.8,3.6,116,0
PAT-13518,28,Female,Elective,Type 2 Diabetes,2,0,11,2,9.9,2.27,153,0
PAT-13519,43,Female,Urgent,Total Hip Arthroplasty,2,1,10,0,6.5,2.9,106,0
PAT-13520,45,Female,Emergency,Acute Myocardial Infarction,4,2,12,1,6.4,1.71,133,1
PAT-13521,63,Female,Elective,Heart Failure,5,1,8,0,4.4,0.83,143,0
PAT-13522,48,Female,Urgent,Pneumonia,8,3,3,1,7.7,0.52,133,1
PAT-13523,32,Male,Emergency,Acute Myocardial Infarction,5,3,8,1,6.1,2.03,127,1
PAT-13524,39,Male,Emergency,COPD Exacerbation,5,4,5,3,6.2,2.79,134,0
PAT-13525,37,Male,Emergency,COPD Exacerbation,8,2,7,1,6.7,0.52,146,1
PAT-13526,90,Male,Elective,COPD Exacerbation,1,5,7,2,8.5,0.99,158,1
PAT-13527,80,Female,Emergency,Sepsis,8,1,6,4,7.4,0.59,105,0
PAT-13528,90,Male,Emergency,Type 2 Diabetes,5,0,9,0,8.0,1.59,123,0
PAT-13529,61,Female,Elective,Acute Myocardial Infarction,3,6,9,2,9.5,2.63,158,1
PAT-13530,49,Male,Emergency,Ischemic Stroke,4,3,7,2,6.1,0.66,160,1
PAT-13531,82,Female,Urgent,Pneumonia,3,2,6,0,8.1,0.83,147,0
PAT-13532,53,Female,Emergency,Sepsis,8,2,7,2,6.5,2.01,113,0
PAT-13533,51,Female,Urgent,Type 2 Diabetes,5,3,9,0,5.7,1.37,116,0
PAT-13534,45,Female,Emergency,Type 2 Diabetes,5,1,12,0,7.2,1.03,132,0
PAT-13535,35,Female,Emergency,Total Hip Arthroplasty,1,4,8,0,8.8,2.38,138,0
PAT-13536,47,Female,Emergency,Heart Failure,5,4,7,2,8.0,1.62,143,1
PAT-13537,55,Male,Urgent,Type 2 Diabetes,6,2,10,0,5.9,1.08,107,0
PAT-13538,75,Male,Emergency,Pneumonia,4,2,7,1,5.5,1.97,142,0
PAT-13539,27,Female,Elective,Pneumonia,4,3,8,0,7.4,1.82,134,0
PAT-13540,43,Female,Urgent,COPD Exacerbation,5,2,7,2,6.9,0.96,133,0
PAT-13541,82,Male,Elective,Heart Failure,6,2,11,0,5.3,3.87,141,0
PAT-13542,37,Female,Emergency,Heart Failure,6,5,10,1,8.2,1.13,135,0
PAT-13543,54,Male,Urgent,Type 2 Diabetes,1,1,12,0,6.2,5.3,116,1
PAT-13544,85,Female,Urgent,Pneumonia,5,0,5,1,6.4,4.11,154,0
PAT-13545,38,Male,Emergency,COPD Exacerbation,5,8,7,1,8.8,1.51,108,0
PAT-13546,30,Male,Emergency,COPD Exacerbation,1,1,10,0,7.2,1.31,131,0
PAT-13547,64,Male,Urgent,COPD Exacerbation,7,1,11,0,8.4,3.27,81,0
PAT-13548,51,Male,Urgent,Type 2 Diabetes,4,3,13,1,7.6,1.03,140,1
PAT-13549,69,Female,Emergency,Acute Myocardial Infarction,6,5,6,2,9.0,0.56,141,1
PAT-13550,82,Female,Elective,Heart Failure,5,3,7,3,4.9,0.58,119,1
PAT-13551,36,Male,Emergency,Heart Failure,5,1,13,0,8.5,1.24,129,0
PAT-13552,70,Male,Emergency,Acute Myocardial Infarction,2,2,5,2,8.3,0.79,148,1
PAT-13553,65,Female,Emergency,Type 2 Diabetes,3,2,5,2,7.2,0.83,123,0
PAT-13554,37,Male,Emergency,Pneumonia,5,4,9,2,6.9,1.35,102,0
PAT-13555,72,Female,Elective,Type 2 Diabetes,2,2,8,0,7.1,1.59,96,0
PAT-13556,49,Female,Emergency,Pneumonia,6,1,8,1,4.4,2.24,110,0
PAT-13557,64,Male,Emergency,Type 2 Diabetes,2,2,8,0,9.3,2.95,168,0
PAT-13558,30,Female,Emergency,Ischemic Stroke,6,4,7,1,6.8,1.08,153,0
PAT-13559,62,Female,Emergency,Type 2 Diabetes,7,0,7,0,7.7,1.51,113,0
PAT-13560,51,Female,Urgent,COPD Exacerbation,2,2,7,0,9.3,2.54,104,1
PAT-13561,83,Female,Elective,Total Hip Arthroplasty,4,2,9,0,6.4,2.24,147,1
PAT-13562,27,Male,Emergency,COPD Exacerbation,1,0,12,1,7.0,0.97,112,0
PAT-13563,60,Male,Urgent,COPD Exacerbation,3,0,6,2,7.4,7.78,125,0
PAT-13564,62,Female,Emergency,COPD Exacerbation,6,1,13,0,8.3,1.68,136,0
PAT-13565,78,Female,Elective,Pneumonia,6,1,6,1,6.8,0.95,139,0
PAT-13566,69,Female,Urgent,Sepsis,10,3,9,1,4.7,4.67,114,0
PAT-13567,75,Female,Emergency,Heart Failure,6,5,9,1,5.0,6.7,126,0
PAT-13568,81,Male,Elective,Total Hip Arthroplasty,4,1,10,0,6.9,0.59,139,1
PAT-13569,85,Male,Emergency,COPD Exacerbation,4,3,10,0,5.1,1.94,95,0
PAT-13570,52,Female,Emergency,Sepsis,10,3,11,0,4.4,1.04,128,1
PAT-13571,67,Female,Emergency,Heart Failure,6,2,9,0,7.9,0.68,156,1
PAT-13572,84,Male,Urgent,Sepsis,7,2,11,1,8.4,3.19,139,1
PAT-13573,91,Male,Emergency,Heart Failure,4,2,12,0,7.2,1.8,117,0
PAT-13574,86,Male,Urgent,Acute Myocardial Infarction,1,4,12,0,7.8,1.95,125,0
PAT-13575,56,Male,Urgent,Pneumonia,3,3,6,1,6.4,1.1,145,0
PAT-13576,42,Female,Emergency,Acute Myocardial Infarction,3,4,10,0,8.1,2.13,150,0
PAT-13577,64,Female,Emergency,COPD Exacerbation,3,3,5,1,5.1,2.12,129,1
PAT-13578,79,Male,Elective,Heart Failure,4,3,9,0,9.3,0.71,110,0
PAT-13579,64,Male,Emergency,Pneumonia,9,4,13,1,6.0,1.95,143,0
PAT-13580,64,Female,Emergency,Type 2 Diabetes,6,3,8,0,6.1,1.29,144,1
PAT-13581,84,Female,Urgent,COPD Exacerbation,4,1,6,0,5.6,1.01,95,1
PAT-13582,55,Female,Elective,Acute Myocardial Infarction,6,4,7,0,6.0,1.55,145,0
PAT-13583,85,Male,Emergency,Heart Failure,9,1,9,1,5.9,0.69,128,0
PAT-13584,59,Female,Elective,Pneumonia,7,0,5,1,5.4,1.0,119,0
PAT-13585,53,Female,Emergency,COPD Exacerbation,5,1,8,1,6.8,1.39,133,0
PAT-13586,62,Male,Emergency,Type 2 Diabetes,6,4,12,0,6.7,5.41,115,0
PAT-13587,80,Female,Urgent,Ischemic Stroke,9,1,6,1,6.4,0.7,142,0
PAT-13588,35,Female,Urgent,Pneumonia,3,2,10,0,8.1,3.37,124,0
PAT-13589,42,Female,Emergency,Heart Failure,4,3,5,2,8.9,1.34,190,1
PAT-13590,89,Female,Emergency,Heart Failure,5,3,8,1,6.5,1.35,162,0
PAT-13591,40,Female,Elective,COPD Exacerbation,6,2,4,2,8.9,1.84,116,0
PAT-13592,69,Male,Emergency,Type 2 Diabetes,3,2,5,0,4.6,0.57,154,0
PAT-13593,70,Male,Emergency,Heart Failure,4,3,7,2,7.2,0.58,120,1
PAT-13594,64,Female,Emergency,Heart Failure,7,2,6,0,8.1,3.36,109,0
PAT-13595,73,Female,Elective,COPD Exacerbation,6,3,12,2,7.4,0.75,108,0
PAT-13596,45,Male,Emergency,COPD Exacerbation,8,1,12,0,7.6,0.91,152,1
PAT-13597,68,Female,Emergency,Heart Failure,4,4,7,0,6.4,2.46,108,0
PAT-13598,56,Female,Emergency,COPD Exacerbation,4,2,11,1,7.9,1.21,141,0
PAT-13599,74,Male,Emergency,Ischemic Stroke,10,2,6,1,7.9,1.47,112,0
PAT-13600,37,Female,Emergency,Ischemic Stroke,3,0,12,1,6.5,1.32,135,0
PAT-13601,69,Female,Emergency,Total Hip Arthroplasty,6,1,6,1,8.1,1.1,116,1
PAT-13602,41,Female,Emergency,Sepsis,5,0,8,1,8.3,1.93,149,1
PAT-13603,49,Female,Urgent,Type 2 Diabetes,4,3,8,0,5.7,1.21,133,0
PAT-13604,44,Female,Emergency,Heart Failure,1,3,7,1,7.4,1.0,127,0
PAT-13605,41,Female,Emergency,Pneumonia,5,1,10,3,7.0,0.77,132,1
PAT-13606,83,Female,Urgent,COPD Exacerbation,3,2,10,0,7.1,0.55,113,0
PAT-13607,50,Male,Elective,Sepsis,12,1,7,1,7.6,5.05,130,1
PAT-13608,88,Female,Elective,Type 2 Diabetes,3,6,10,4,7.3,2.83,115,1
PAT-13609,90,Female,Emergency,Pneumonia,6,2,5,2,6.4,1.68,120,1
PAT-13610,69,Male,Emergency,COPD Exacerbation,6,3,11,1,5.8,1.26,135,1
PAT-13611,37,Male,Elective,Pneumonia,4,2,8,2,5.7,4.38,127,0
PAT-13612,56,Female,Elective,Pneumonia,7,1,6,0,10.2,0.73,154,0
PAT-13613,82,Female,Emergency,Type 2 Diabetes,3,4,4,0,8.2,1.48,127,1
PAT-13614,56,Female,Emergency,Ischemic Stroke,5,3,11,0,7.9,1.11,141,0
PAT-13615,30,Male,Urgent,Pneumonia,5,0,7,2,6.2,1.21,121,0
PAT-13616,68,Female,Emergency,COPD Exacerbation,3,8,7,1,7.3,0.64,142,0
PAT-13617,84,Female,Emergency,Type 2 Diabetes,5,0,12,2,8.9,1.71,118,1
PAT-13618,82,Female,Emergency,Pneumonia,9,1,7,4,7.9,1.15,122,1
PAT-13619,40,Female,Elective,Type 2 Diabetes,4,1,9,1,5.7,1.2,156,0
PAT-13620,75,Female,Elective,Type 2 Diabetes,6,1,8,2,6.3,0.72,136,0
PAT-13621,44,Female,Elective,Type 2 Diabetes,1,2,6,0,6.5,1.34,100,0
PAT-13622,44,Male,Emergency,Heart Failure,4,0,7,1,6.2,1.12,158,0
PAT-13623,86,Male,Emergency,COPD Exacerbation,5,1,8,2,7.5,0.9,123,1
PAT-13624,47,Female,Emergency,Pneumonia,8,1,4,1,6.1,1.8,128,1
PAT-13625,48,Female,Elective,Total Hip Arthroplasty,1,6,4,0,8.6,1.4,143,1
PAT-13626,18,Female,Elective,Heart Failure,1,0,7,0,8.7,4.6,135,0
PAT-13627,85,Female,Urgent,Heart Failure,4,3,12,2,7.1,1.31,119,0
PAT-13628,81,Male,Emergency,Total Hip Arthroplasty,3,1,7,0,6.1,2.09,107,0
PAT-13629,73,Male,Elective,Heart Failure,1,0,4,0,7.3,2.65,103,0
PAT-13630,79,Female,Emergency,Heart Failure,8,5,8,1,5.4,2.51,134,1
PAT-13631,38,Female,Emergency,Heart Failure,1,3,4,3,6.4,2.35,123,1
PAT-13632,62,Female,Emergency,Sepsis,10,5,12,1,6.7,0.84,146,1
PAT-13633,55,Male,Emergency,Sepsis,6,4,7,0,7.1,1.51,111,0
PAT-13634,31,Male,Urgent,Type 2 Diabetes,6,6,6,1,6.2,5.14,109,1
PAT-13635,64,Male,Emergency,COPD Exacerbation,4,0,4,1,7.3,3.72,99,0
PAT-13636,88,Male,Urgent,Pneumonia,6,3,8,2,7.8,2.86,125,1
PAT-13637,24,Female,Emergency,Total Hip Arthroplasty,3,3,14,1,7.0,2.1,152,0
PAT-13638,50,Male,Emergency,Heart Failure,3,2,6,1,7.3,0.6,141,0
PAT-13639,43,Male,Emergency,Sepsis,9,2,9,2,7.0,1.11,142,1
PAT-13640,46,Female,Emergency,Heart Failure,4,3,11,1,8.2,0.9,137,1
PAT-13641,87,Female,Emergency,Pneumonia,6,1,6,0,9.5,1.04,102,0
PAT-13642,63,Male,Emergency,Heart Failure,5,0,8,2,5.6,1.46,99,1
PAT-13643,63,Male,Emergency,Acute Myocardial Infarction,2,3,9,2,7.3,1.05,121,1
PAT-13644,80,Male,Urgent,Acute Myocardial Infarction,5,1,7,1,6.5,1.11,150,0
PAT-13645,38,Male,Elective,COPD Exacerbation,5,3,8,1,6.9,1.52,139,0
PAT-13646,64,Male,Elective,Acute Myocardial Infarction,1,1,5,2,6.6,2.84,129,0
PAT-13647,60,Male,Emergency,COPD Exacerbation,7,2,6,0,6.0,0.69,124,0
PAT-13648,71,Female,Emergency,Acute Myocardial Infarction,6,1,11,0,7.3,0.85,143,1
PAT-13649,91,Male,Emergency,Type 2 Diabetes,1,1,7,0,8.7,0.52,127,0
PAT-13650,80,Female,Urgent,Pneumonia,3,1,14,1,6.1,2.95,154,0
PAT-13651,58,Female,Emergency,Heart Failure,7,1,8,0,6.0,0.55,140,0
PAT-13652,83,Female,Emergency,Pneumonia,8,2,4,2,5.1,2.45,154,0
PAT-13653,40,Male,Elective,Acute Myocardial Infarction,5,4,4,0,5.9,2.53,145,0
PAT-13654,23,Male,Emergency,Acute Myocardial Infarction,1,4,7,0,8.8,0.52,141,0
PAT-13655,43,Male,Elective,Acute Myocardial Infarction,7,2,6,0,9.7,2.79,154,0
PAT-13656,54,Female,Emergency,Type 2 Diabetes,2,1,9,0,9.0,1.22,130,0
PAT-13657,66,Female,Emergency,COPD Exacerbation,6,5,6,1,7.6,4.11,93,1
PAT-13658,72,Female,Elective,Type 2 Diabetes,5,1,8,0,7.3,1.41,121,1
PAT-13659,87,Female,Emergency,Ischemic Stroke,11,3,9,3,8.3,2.22,140,1
PAT-13660,65,Male,Emergency,Type 2 Diabetes,4,1,5,0,6.9,1.49,121,0
PAT-13661,65,Female,Emergency,COPD Exacerbation,6,2,8,2,7.3,2.39,129,1
PAT-13662,26,Male,Elective,Acute Myocardial Infarction,3,1,9,0,4.5,2.08,101,0
PAT-13663,23,Male,Urgent,Total Hip Arthroplasty,1,3,7,2,10.1,0.73,182,0
PAT-13664,68,Female,Elective,Pneumonia,2,0,7,0,7.6,1.41,143,0
PAT-13665,61,Male,Elective,Type 2 Diabetes,4,1,11,2,8.9,1.05,151,0
PAT-13666,84,Female,Emergency,Pneumonia,4,5,10,0,6.0,0.51,163,0
PAT-13667,39,Female,Emergency,Type 2 Diabetes,4,1,5,0,7.2,1.56,87,0
PAT-13668,22,Male,Emergency,COPD Exacerbation,4,2,9,0,6.9,0.77,136,0
PAT-13669,62,Male,Elective,Total Hip Arthroplasty,3,2,8,0,4.9,2.81,126,0
PAT-13670,46,Female,Emergency,Heart Failure,2,1,5,1,7.4,1.77,128,0
PAT-13671,26,Female,Elective,COPD Exacerbation,6,0,10,2,7.9,0.66,124,0
PAT-13672,78,Female,Elective,Total Hip Arthroplasty,5,5,13,1,8.7,0.57,131,1
PAT-13673,33,Female,Urgent,Heart Failure,2,5,11,0,7.9,3.02,126,0
PAT-13674,71,Male,Emergency,Pneumonia,11,0,4,1,7.5,4.07,147,1
PAT-13675,49,Male,Emergency,Sepsis,8,1,8,0,6.3,2.55,124,0
PAT-13676,40,Female,Emergency,Total Hip Arthroplasty,1,2,9,0,6.2,0.83,122,0
PAT-13677,57,Male,Emergency,Pneumonia,4,0,9,1,8.4,0.88,99,0
PAT-13678,82,Female,Urgent,Heart Failure,3,0,7,0,8.8,0.99,143,0
PAT-13679,58,Female,Emergency,Heart Failure,8,3,8,0,8.2,0.82,130,1
PAT-13680,79,Male,Urgent,COPD Exacerbation,8,4,11,0,5.9,1.89,111,0
PAT-13681,35,Male,Urgent,Heart Failure,6,4,9,0,7.6,1.27,153,0
PAT-13682,80,Male,Elective,Heart Failure,7,2,6,0,5.2,1.29,93,1
PAT-13683,46,Female,Emergency,Acute Myocardial Infarction,6,2,8,1,9.0,1.25,168,0
PAT-13684,75,Male,Emergency,Acute Myocardial Infarction,5,2,6,1,5.3,0.81,120,0
PAT-13685,69,Female,Emergency,Sepsis,10,3,11,2,6.0,2.32,149,1
PAT-13686,88,Male,Emergency,Heart Failure,5,1,2,3,9.2,2.02,142,1
PAT-13687,57,Male,Emergency,Heart Failure,5,2,4,1,7.9,2.75,126,1
PAT-13688,28,Female,Emergency,Sepsis,8,5,10,0,6.0,1.05,115,1
PAT-13689,21,Male,Elective,Acute Myocardial Infarction,1,2,9,1,7.2,0.62,145,0
PAT-13690,83,Female,Emergency,Sepsis,8,4,11,2,10.1,1.33,134,1
PAT-13691,66,Female,Emergency,Ischemic Stroke,7,0,9,0,6.8,2.59,122,0
PAT-13692,81,Male,Emergency,Sepsis,9,2,9,0,6.8,1.9,134,1
PAT-13693,45,Female,Urgent,Pneumonia,4,2,12,1,5.5,0.59,138,0
PAT-13694,54,Male,Elective,Type 2 Diabetes,5,1,8,1,6.9,0.64,154,0
PAT-13695,23,Female,Emergency,COPD Exacerbation,2,5,7,1,7.1,0.68,129,1
PAT-13696,90,Male,Elective,COPD Exacerbation,4,1,6,1,8.4,0.72,140,0
PAT-13697,75,Female,Elective,Type 2 Diabetes,7,3,10,1,7.4,4.25,134,1
PAT-13698,88,Female,Urgent,Acute Myocardial Infarction,8,4,7,1,7.6,1.09,128,1
PAT-13699,48,Female,Emergency,Heart Failure,3,1,5,0,8.0,1.71,151,0
PAT-13700,72,Male,Elective,Acute Myocardial Infarction,5,1,6,0,8.1,0.7,130,0
PAT-13701,75,Male,Emergency,Heart Failure,7,1,13,0,6.9,1.5,120,1
PAT-13702,52,Male,Urgent,Pneumonia,6,3,9,0,6.8,0.81,112,1
PAT-13703,84,Female,Emergency,Sepsis,11,2,11,0,7.8,4.96,124,1
PAT-13704,89,Female,Urgent,Heart Failure,7,3,8,1,8.3,1.38,130,1
PAT-13705,86,Female,Urgent,Pneumonia,6,0,5,2,8.6,0.95,140,1
PAT-13706,79,Male,Emergency,Heart Failure,7,4,8,0,6.5,1.59,118,1
PAT-13707,49,Female,Urgent,Total Hip Arthroplasty,1,8,8,3,6.3,1.46,149,1
PAT-13708,49,Male,Emergency,Sepsis,9,7,9,0,9.4,1.18,126,1
PAT-13709,90,Male,Emergency,Total Hip Arthroplasty,4,2,10,2,8.0,3.13,140,1
PAT-13710,19,Female,Emergency,Total Hip Arthroplasty,1,2,7,0,6.2,3.3,108,0
PAT-13711,77,Female,Urgent,Acute Myocardial Infarction,3,4,9,1,8.8,0.68,120,1
PAT-13712,77,Male,Emergency,Heart Failure,6,1,6,2,3.3,0.69,108,1
PAT-13713,72,Female,Emergency,Type 2 Diabetes,4,4,9,1,7.2,5.74,150,1
PAT-13714,91,Female,Elective,Pneumonia,6,0,6,0,6.2,1.61,119,0
PAT-13715,52,Female,Urgent,COPD Exacerbation,1,1,7,0,5.9,0.72,133,0
PAT-13716,54,Male,Elective,Sepsis,5,4,8,0,8.8,0.59,141,0
PAT-13717,29,Male,Emergency,Type 2 Diabetes,2,4,6,1,7.8,2.04,113,0
PAT-13718,61,Female,Emergency,Heart Failure,6,1,8,0,6.3,3.1,80,1
PAT-13719,48,Female,Emergency,Pneumonia,9,2,10,0,10.5,2.32,128,1
PAT-13720,54,Female,Elective,Heart Failure,5,4,6,3,6.5,0.84,109,1
PAT-13721,84,Male,Emergency,Acute Myocardial Infarction,2,2,12,1,7.5,3.48,131,1
PAT-13722,88,Female,Emergency,COPD Exacerbation,6,1,14,2,6.0,0.5,125,1
PAT-13723,41,Female,Urgent,Acute Myocardial Infarction,6,2,10,1,10.9,2.79,131,1
PAT-13724,56,Male,Emergency,Heart Failure,4,2,12,0,6.2,4.46,135,0
PAT-13725,88,Male,Emergency,Ischemic Stroke,10,7,10,2,5.8,3.12,145,1
PAT-13726,27,Male,Emergency,Heart Failure,4,2,10,0,7.2,0.63,131,1
PAT-13727,31,Male,Emergency,Type 2 Diabetes,4,1,11,0,9.6,3.83,156,0
PAT-13728,39,Female,Emergency,Acute Myocardial Infarction,7,3,12,0,5.2,0.99,146,0
PAT-13729,71,Female,Emergency,Heart Failure,2,5,8,0,5.7,1.83,146,0
PAT-13730,38,Female,Urgent,Heart Failure,6,0,8,1,8.0,0.71,131,0
PAT-13731,90,Female,Emergency,Heart Failure,6,1,12,0,5.2,3.54,134,0
PAT-13732,61,Male,Emergency,COPD Exacerbation,3,3,5,0,9.0,1.0,121,1
PAT-13733,65,Male,Elective,Total Hip Arthroplasty,3,3,4,2,6.9,2.15,147,1
PAT-13734,46,Male,Elective,COPD Exacerbation,8,2,5,0,7.1,3.64,129,0
PAT-13735,63,Female,Elective,COPD Exacerbation,8,2,9,3,6.2,3.43,120,0
PAT-13736,74,Male,Urgent,Type 2 Diabetes,1,2,9,0,6.3,1.36,121,0
PAT-13737,79,Male,Elective,Heart Failure,4,6,7,3,6.3,1.79,117,1
PAT-13738,79,Female,Emergency,Heart Failure,8,4,13,1,8.2,1.21,129,1
PAT-13739,70,Male,Elective,Total Hip Arthroplasty,3,1,10,0,8.7,1.59,130,0
PAT-13740,87,Female,Emergency,Heart Failure,6,3,13,3,9.2,2.99,116,1
PAT-13741,83,Female,Emergency,Ischemic Stroke,4,5,7,0,7.2,0.83,158,1
PAT-13742,80,Male,Emergency,Heart Failure,4,4,9,0,6.6,1.39,112,0
PAT-13743,26,Male,Emergency,Acute Myocardial Infarction,1,1,11,1,6.3,1.36,117,0
PAT-13744,19,Female,Emergency,Ischemic Stroke,2,2,11,0,4.9,3.07,128,0
PAT-13745,43,Female,Emergency,Type 2 Diabetes,1,2,12,2,4.6,0.9,121,1
PAT-13746,75,Male,Emergency,Acute Myocardial Infarction,3,4,7,0,6.9,0.69,129,1
PAT-13747,59,Male,Urgent,Type 2 Diabetes,2,2,8,1,7.1,1.33,127,0
PAT-13748,58,Male,Urgent,Type 2 Diabetes,2,5,2,0,6.6,0.52,151,0
PAT-13749,86,Female,Elective,Type 2 Diabetes,7,4,9,0,7.3,0.57,111,0
PAT-13750,87,Female,Elective,Sepsis,8,4,12,0,10.4,1.4,130,1
PAT-13751,87,Female,Emergency,Type 2 Diabetes,8,3,6,0,7.1,4.38,163,0
PAT-13752,52,Female,Urgent,Type 2 Diabetes,2,1,10,3,8.3,1.21,147,1
PAT-13753,76,Female,Emergency,Ischemic Stroke,8,2,6,2,7.4,1.58,117,1
PAT-13754,49,Female,Emergency,Type 2 Diabetes,4,3,5,0,6.2,2.07,152,0
PAT-13755,41,Male,Emergency,Pneumonia,3,4,9,0,6.3,1.81,148,0
PAT-13756,41,Female,Emergency,Ischemic Stroke,5,3,10,0,6.5,3.26,131,0
PAT-13757,54,Male,Emergency,Type 2 Diabetes,2,2,8,1,9.9,0.8,145,0
PAT-13758,60,Female,Emergency,Type 2 Diabetes,4,4,14,0,6.7,0.62,132,0
PAT-13759,83,Female,Emergency,Sepsis,9,1,7,3,9.3,0.58,135,1
PAT-13760,34,Female,Emergency,Type 2 Diabetes,1,5,3,2,6.6,2.88,166,0
PAT-13761,78,Female,Emergency,Type 2 Diabetes,5,2,7,1,7.2,1.32,147,1
PAT-13762,67,Female,Urgent,Pneumonia,7,2,8,2,6.8,0.72,139,1
PAT-13763,50,Male,Emergency,Acute Myocardial Infarction,8,2,9,0,6.7,1.87,137,0
PAT-13764,64,Male,Emergency,Heart Failure,5,2,8,4,6.9,1.88,99,1
PAT-13765,51,Female,Elective,Type 2 Diabetes,3,2,16,0,6.9,0.59,122,0
PAT-13766,71,Female,Elective,Type 2 Diabetes,5,1,6,0,8.1,1.23,104,0
PAT-13767,61,Male,Emergency,Type 2 Diabetes,2,3,11,0,4.6,2.18,140,0
PAT-13768,39,Male,Urgent,COPD Exacerbation,1,5,5,0,10.5,1.76,153,0
PAT-13769,34,Female,Emergency,Type 2 Diabetes,2,3,7,0,8.3,1.03,144,0
PAT-13770,68,Male,Emergency,COPD Exacerbation,7,3,13,1,4.7,1.57,151,1
PAT-13771,87,Male,Emergency,Pneumonia,10,1,5,0,6.6,2.12,127,0
PAT-13772,54,Male,Elective,Type 2 Diabetes,1,2,4,1,7.5,1.62,122,0
PAT-13773,78,Male,Emergency,Type 2 Diabetes,6,5,6,0,5.7,1.21,174,0
PAT-13774,74,Male,Elective,Heart Failure,1,1,9,4,4.1,0.99,107,1
PAT-13775,88,Male,Emergency,Heart Failure,7,1,8,2,7.3,2.24,127,1
PAT-13776,83,Female,Elective,COPD Exacerbation,7,2,5,1,8.1,0.91,121,1
PAT-13777,69,Male,Emergency,Acute Myocardial Infarction,1,1,7,0,6.9,1.85,111,0
PAT-13778,74,Male,Emergency,Heart Failure,8,4,9,0,9.0,1.82,134,1
PAT-13779,87,Male,Emergency,COPD Exacerbation,9,4,6,1,7.7,1.32,77,1
PAT-13780,58,Male,Elective,Ischemic Stroke,6,1,8,2,5.3,2.07,115,1
PAT-13781,53,Female,Emergency,Heart Failure,5,4,6,1,5.1,2.47,144,0
PAT-13782,19,Female,Elective,Pneumonia,7,3,12,3,6.2,0.6,137,0
PAT-13783,83,Female,Elective,Acute Myocardial Infarction,3,3,10,1,9.1,1.38,117,0
PAT-13784,82,Female,Emergency,Heart Failure,4,3,3,0,6.2,0.79,126,1
PAT-13785,33,Female,Urgent,Acute Myocardial Infarction,2,2,7,1,3.9,2.25,164,0
PAT-13786,70,Male,Elective,Ischemic Stroke,7,3,11,2,6.4,1.13,160,0
PAT-13787,63,Female,Emergency,Heart Failure,5,2,9,0,7.2,2.78,145,0
PAT-13788,34,Male,Emergency,Sepsis,6,5,3,3,7.3,1.63,118,1
PAT-13789,91,Male,Emergency,Type 2 Diabetes,4,1,5,3,11.6,0.63,143,1
PAT-13790,44,Female,Emergency,Heart Failure,3,2,8,1,6.9,0.82,145,0
PAT-13791,28,Female,Emergency,Pneumonia,4,3,11,0,6.2,1.07,123,1
PAT-13792,71,Male,Emergency,Heart Failure,4,0,6,0,6.1,1.04,151,0
PAT-13793,79,Male,Elective,Pneumonia,5,1,6,1,9.3,1.06,118,0
PAT-13794,23,Male,Emergency,Heart Failure,1,2,9,0,7.1,3.07,144,1
PAT-13795,74,Male,Elective,Acute Myocardial Infarction,5,4,8,0,7.2,1.18,131,0
PAT-13796,67,Male,Emergency,Pneumonia,2,2,12,0,5.0,0.61,139,0
PAT-13797,32,Male,Emergency,Pneumonia,6,2,13,0,6.8,0.9,144,0
PAT-13798,40,Male,Elective,Heart Failure,3,2,9,1,6.6,1.14,132,0
PAT-13799,69,Male,Elective,Type 2 Diabetes,4,1,5,1,7.6,0.97,155,0
PAT-13800,51,Male,Emergency,Heart Failure,4,1,4,1,3.8,0.8,180,0
PAT-13801,89,Female,Emergency,Acute Myocardial Infarction,5,3,11,0,7.9,1.1,146,1
PAT-13802,83,Male,Emergency,Heart Failure,9,4,6,1,9.2,2.93,116,1
PAT-13803,91,Female,Elective,COPD Exacerbation,3,1,9,1,6.5,1.1,111,0
PAT-13804,48,Male,Emergency,Type 2 Diabetes,1,2,6,0,5.5,0.99,96,0
PAT-13805,90,Female,Elective,COPD Exacerbation,6,3,6,2,8.5,1.1,142,1
PAT-13806,60,Female,Emergency,COPD Exacerbation,4,3,6,0,5.1,1.72,137,1
PAT-13807,54,Female,Emergency,Pneumonia,6,3,8,0,8.6,0.51,161,0
PAT-13808,26,Female,Emergency,Acute Myocardial Infarction,4,2,5,0,9.2,1.07,101,0
PAT-13809,26,Female,Emergency,Pneumonia,2,6,4,4,7.3,1.14,117,1
PAT-13810,76,Male,Emergency,Sepsis,10,2,8,2,7.6,1.84,116,0
PAT-13811,62,Female,Emergency,Acute Myocardial Infarction,2,2,9,0,7.3,4.0,158,0
PAT-13812,45,Female,Emergency,COPD Exacerbation,4,0,7,0,6.5,0.88,138,0
PAT-13813,72,Female,Elective,Total Hip Arthroplasty,1,4,9,0,8.1,0.59,94,0
PAT-13814,47,Male,Emergency,Sepsis,8,1,9,0,7.1,2.26,119,1
PAT-13815,70,Female,Urgent,COPD Exacerbation,5,3,7,1,7.0,1.17,121,1
PAT-13816,55,Female,Emergency,Heart Failure,3,3,5,0,7.0,0.94,163,0
PAT-13817,83,Female,Emergency,COPD Exacerbation,3,3,7,0,6.7,1.11,148,0
PAT-13818,83,Male,Elective,Type 2 Diabetes,6,1,10,0,5.6,1.8,130,0
PAT-13819,63,Female,Elective,COPD Exacerbation,4,5,5,1,7.3,0.55,137,1
PAT-13820,55,Female,Emergency,COPD Exacerbation,7,0,8,0,7.1,1.59,108,0
PAT-13821,56,Female,Elective,COPD Exacerbation,4,0,4,2,6.5,1.24,135,0
PAT-13822,82,Male,Urgent,Acute Myocardial Infarction,8,2,6,1,6.1,1.51,129,0
PAT-13823,53,Female,Elective,Acute Myocardial Infarction,2,4,7,1,8.1,1.4,163,1
PAT-13824,43,Male,Emergency,Heart Failure,7,1,8,2,7.6,0.68,131,1
PAT-13825,30,Female,Elective,Heart Failure,4,1,9,1,5.2,1.44,131,0
PAT-13826,63,Female,Elective,COPD Exacerbation,6,4,15,0,6.1,4.71,111,1
PAT-13827,64,Female,Elective,Pneumonia,4,2,12,1,10.1,0.64,103,1
PAT-13828,84,Female,Elective,Acute Myocardial Infarction,7,2,7,3,5.4,1.96,117,1
PAT-13829,44,Female,Urgent,Heart Failure,6,2,10,0,5.9,2.47,128,0
PAT-13830,57,Female,Emergency,Heart Failure,4,7,4,1,6.4,0.83,122,1
PAT-13831,82,Female,Emergency,COPD Exacerbation,1,1,13,1,8.8,0.78,147,0
PAT-13832,83,Male,Emergency,Pneumonia,5,4,10,0,9.2,0.93,119,0
PAT-13833,57,Male,Emergency,Type 2 Diabetes,1,0,8,1,5.2,4.58,135,0
PAT-13834,62,Female,Emergency,Pneumonia,7,0,9,2,4.9,1.14,135,1
PAT-13835,51,Male,Elective,Heart Failure,4,1,6,1,6.4,2.23,138,0
PAT-13836,88,Male,Emergency,Heart Failure,5,3,15,2,7.1,0.71,124,0
PAT-13837,34,Male,Elective,Heart Failure,3,4,11,1,9.6,0.59,156,1
PAT-13838,88,Female,Elective,COPD Exacerbation,9,4,8,2,5.4,1.06,130,1
PAT-13839,76,Male,Emergency,Sepsis,9,3,8,2,8.8,1.46,143,1
PAT-13840,67,Female,Urgent,Type 2 Diabetes,4,6,12,1,7.8,1.85,174,1
PAT-13841,23,Female,Emergency,Heart Failure,2,4,5,3,8.0,2.45,116,0
PAT-13842,63,Female,Elective,Acute Myocardial Infarction,4,0,9,0,7.8,0.68,124,0
PAT-13843,59,Female,Elective,Sepsis,7,1,7,1,8.2,2.33,111,1
PAT-13844,39,Female,Emergency,Heart Failure,5,1,6,0,8.6,2.07,130,1
PAT-13845,74,Female,Emergency,Pneumonia,4,2,14,1,7.0,0.56,145,1
PAT-13846,90,Male,Emergency,Heart Failure,8,1,11,2,5.7,3.57,111,1
PAT-13847,69,Female,Elective,Heart Failure,4,5,11,2,8.8,0.91,137,1
PAT-13848,77,Male,Elective,COPD Exacerbation,7,2,10,2,5.8,4.48,157,1
PAT-13849,28,Female,Emergency,Ischemic Stroke,9,4,8,2,6.8,1.34,149,1
PAT-13850,59,Female,Elective,Acute Myocardial Infarction,4,6,12,0,6.9,2.81,165,1
PAT-13851,34,Male,Emergency,Ischemic Stroke,8,0,7,1,7.7,1.65,104,0
PAT-13852,72,Male,Emergency,Pneumonia,8,1,7,2,7.9,0.9,145,0
PAT-13853,89,Female,Urgent,Total Hip Arthroplasty,1,1,10,3,6.0,0.93,126,0
PAT-13854,74,Female,Emergency,Type 2 Diabetes,4,2,7,0,9.5,1.59,126,1
PAT-13855,29,Male,Urgent,Heart Failure,5,3,7,0,9.1,2.02,120,0
PAT-13856,55,Female,Elective,Acute Myocardial Infarction,5,4,8,0,7.4,0.85,136,0
PAT-13857,68,Male,Urgent,Type 2 Diabetes,4,2,6,1,7.1,1.41,136,0
PAT-13858,58,Male,Emergency,Type 2 Diabetes,4,1,4,0,6.0,1.45,129,0
PAT-13859,84,Female,Emergency,Acute Myocardial Infarction,5,5,7,2,7.1,2.02,104,1
PAT-13860,83,Female,Emergency,Type 2 Diabetes,5,2,10,3,7.1,1.42,147,1
PAT-13861,72,Female,Elective,COPD Exacerbation,3,3,10,3,4.6,1.29,135,1
PAT-13862,56,Female,Elective,Type 2 Diabetes,3,3,9,0,8.3,1.28,119,0
PAT-13863,47,Male,Emergency,Sepsis,5,3,5,1,10.2,1.38,135,0
PAT-13864,33,Male,Elective,Type 2 Diabetes,2,2,5,0,6.5,1.22,122,0
PAT-13865,55,Male,Emergency,COPD Exacerbation,3,1,7,1,7.1,0.99,113,1
PAT-13866,59,Male,Emergency,Heart Failure,4,2,11,1,8.8,0.96,150,0
PAT-13867,75,Female,Emergency,Sepsis,7,3,4,1,5.8,0.55,109,1
PAT-13868,74,Male,Emergency,COPD Exacerbation,6,2,6,1,4.4,1.72,148,0
PAT-13869,28,Female,Emergency,Heart Failure,3,2,11,0,6.9,2.72,133,0
PAT-13870,58,Male,Emergency,Type 2 Diabetes,3,2,4,1,8.4,2.12,126,0
PAT-13871,41,Female,Elective,Type 2 Diabetes,1,5,8,0,6.2,1.88,131,0
PAT-13872,38,Male,Elective,COPD Exacerbation,3,2,8,3,6.3,2.11,124,1
PAT-13873,83,Male,Emergency,COPD Exacerbation,8,4,4,1,5.3,1.62,133,1
PAT-13874,24,Female,Elective,Type 2 Diabetes,5,3,5,0,4.4,1.15,96,0
PAT-13875,60,Female,Emergency,Acute Myocardial Infarction,5,0,14,1,8.3,1.79,146,1
PAT-13876,39,Female,Emergency,Total Hip Arthroplasty,2,2,6,0,10.2,0.57,166,1
PAT-13877,86,Female,Elective,Heart Failure,7,3,6,1,9.0,1.42,126,1
PAT-13878,68,Male,Elective,Pneumonia,5,0,10,0,7.6,2.55,126,0
PAT-13879,45,Male,Elective,COPD Exacerbation,4,0,5,0,6.3,2.48,130,0
PAT-13880,65,Female,Elective,COPD Exacerbation,4,4,4,1,8.8,3.2,133,0
PAT-13881,78,Female,Elective,Heart Failure,8,3,7,1,7.8,3.61,117,1
PAT-13882,90,Male,Emergency,Type 2 Diabetes,6,2,12,0,5.6,0.63,123,0
PAT-13883,44,Female,Urgent,Heart Failure,4,2,6,1,5.0,0.69,144,1
PAT-13884,86,Female,Emergency,COPD Exacerbation,9,5,5,1,5.4,1.05,134,1
PAT-13885,88,Male,Urgent,COPD Exacerbation,7,2,6,0,6.7,5.52,135,1
PAT-13886,88,Male,Emergency,Heart Failure,7,2,6,3,7.8,0.75,141,1
PAT-13887,73,Female,Emergency,Type 2 Diabetes,5,3,10,0,8.0,1.23,147,0
PAT-13888,73,Female,Elective,Type 2 Diabetes,2,1,12,1,6.1,1.14,115,0
PAT-13889,58,Male,Emergency,Sepsis,7,3,10,1,7.1,0.6,131,1
PAT-13890,79,Male,Elective,Heart Failure,6,2,9,0,8.3,3.53,159,1
PAT-13891,67,Male,Emergency,COPD Exacerbation,5,2,8,0,7.5,2.37,130,0
PAT-13892,75,Female,Elective,Sepsis,10,2,7,1,6.1,0.74,149,1
PAT-13893,60,Male,Emergency,Sepsis,7,4,11,0,5.8,0.94,181,1
PAT-13894,78,Male,Emergency,COPD Exacerbation,6,3,10,0,4.5,1.51,124,0
PAT-13895,83,Male,Emergency,Type 2 Diabetes,5,2,7,0,5.7,1.24,123,0
PAT-13896,37,Male,Elective,Sepsis,8,1,6,0,7.2,0.66,144,0
PAT-13897,83,Female,Elective,Acute Myocardial Infarction,5,4,5,1,7.5,1.26,111,0
PAT-13898,67,Male,Emergency,Acute Myocardial Infarction,2,1,12,1,9.6,0.97,151,1
PAT-13899,84,Female,Urgent,Heart Failure,2,3,8,1,8.2,1.52,167,1
PAT-13900,60,Female,Elective,Heart Failure,3,3,4,1,7.9,0.72,160,0
PAT-13901,57,Male,Urgent,Acute Myocardial Infarction,3,2,7,0,7.6,1.96,130,0
PAT-13902,88,Male,Emergency,Ischemic Stroke,5,1,11,2,5.0,2.28,150,1
PAT-13903,47,Male,Emergency,Acute Myocardial Infarction,4,1,4,2,4.5,3.64,146,0
PAT-13904,84,Female,Emergency,Sepsis,12,2,6,2,9.2,0.74,121,1
PAT-13905,64,Female,Emergency,COPD Exacerbation,6,1,9,1,5.8,4.45,123,0
PAT-13906,66,Male,Emergency,Type 2 Diabetes,5,4,7,1,9.1,1.48,162,1
PAT-13907,52,Female,Emergency,Acute Myocardial Infarction,6,6,6,1,5.7,1.52,123,0
PAT-13908,69,Male,Emergency,Acute Myocardial Infarction,3,2,8,0,8.7,2.45,120,0
PAT-13909,53,Female,Elective,Acute Myocardial Infarction,3,4,3,1,7.7,1.61,156,0
PAT-13910,24,Male,Urgent,Ischemic Stroke,6,2,7,2,9.2,1.77,119,0
PAT-13911,49,Female,Urgent,Type 2 Diabetes,2,2,14,0,4.3,1.18,150,0
PAT-13912,19,Male,Emergency,Heart Failure,3,4,9,0,8.4,1.9,147,0
PAT-13913,90,Male,Emergency,Total Hip Arthroplasty,8,6,10,1,4.5,0.52,150,1
PAT-13914,90,Female,Emergency,Heart Failure,6,0,7,4,7.6,0.7,144,1
PAT-13915,58,Male,Emergency,Acute Myocardial Infarction,8,2,5,0,6.6,4.02,138,0
PAT-13916,78,Male,Emergency,Total Hip Arthroplasty,1,1,12,0,8.5,1.23,162,1
PAT-13917,54,Male,Emergency,Type 2 Diabetes,2,5,8,0,6.8,1.9,119,0
PAT-13918,75,Male,Emergency,Sepsis,10,4,9,0,6.0,1.0,137,1
PAT-13919,82,Female,Elective,Type 2 Diabetes,5,2,6,1,7.0,1.15,130,0
PAT-13920,89,Female,Elective,Sepsis,6,2,6,0,6.2,0.71,137,1
PAT-13921,58,Female,Emergency,Heart Failure,5,2,6,2,6.7,1.73,141,0
PAT-13922,81,Female,Emergency,COPD Exacerbation,11,2,10,0,6.5,1.69,113,1
PAT-13923,48,Female,Urgent,Acute Myocardial Infarction,4,3,5,2,5.5,2.62,130,0
PAT-13924,91,Male,Emergency,Pneumonia,8,3,3,1,8.3,1.44,166,1
PAT-13925,22,Female,Emergency,Acute Myocardial Infarction,2,2,5,1,6.4,0.97,156,1
PAT-13926,71,Female,Emergency,Total Hip Arthroplasty,4,3,7,0,7.5,1.19,122,0
PAT-13927,74,Female,Emergency,Acute Myocardial Infarction,5,5,8,0,8.2,0.64,144,0
PAT-13928,76,Male,Emergency,Ischemic Stroke,10,1,11,1,6.1,1.6,136,0
PAT-13929,34,Male,Elective,Pneumonia,7,4,8,0,8.0,1.42,151,0
PAT-13930,89,Female,Emergency,Pneumonia,8,4,8,0,6.7,0.51,139,0
PAT-13931,41,Male,Emergency,Type 2 Diabetes,3,2,7,3,6.6,1.49,130,0
PAT-13932,72,Female,Emergency,Ischemic Stroke,4,3,7,0,8.1,1.55,119,0
PAT-13933,44,Male,Elective,Heart Failure,1,0,7,0,7.2,2.42,146,0
PAT-13934,51,Male,Emergency,Type 2 Diabetes,4,2,9,1,7.2,4.28,141,0
PAT-13935,68,Female,Emergency,Type 2 Diabetes,6,2,3,0,8.3,2.42,139,0
PAT-13936,59,Male,Emergency,Pneumonia,9,0,10,2,6.9,2.02,127,1
PAT-13937,39,Male,Emergency,Total Hip Arthroplasty,1,2,6,0,8.0,0.69,137,0
PAT-13938,40,Female,Emergency,Type 2 Diabetes,1,2,9,0,6.3,0.92,145,0
PAT-13939,59,Male,Emergency,Total Hip Arthroplasty,5,1,9,2,7.7,2.33,146,0
PAT-13940,80,Female,Elective,Pneumonia,5,3,6,1,7.1,0.84,112,1
PAT-13941,87,Female,Urgent,Sepsis,7,4,3,1,7.9,0.83,118,1
PAT-13942,30,Female,Emergency,Pneumonia,4,1,4,2,4.6,3.56,161,0
PAT-13943,58,Female,Emergency,Type 2 Diabetes,3,2,9,1,7.8,0.86,126,0
PAT-13944,32,Female,Emergency,Pneumonia,8,1,9,2,7.8,0.52,107,1
PAT-13945,20,Male,Elective,Pneumonia,6,0,7,2,7.9,1.65,102,0
PAT-13946,74,Female,Emergency,Type 2 Diabetes,3,4,10,0,8.1,3.88,141,0
PAT-13947,71,Female,Elective,Type 2 Diabetes,7,3,5,2,6.4,0.9,115,1
PAT-13948,39,Male,Elective,Heart Failure,5,4,9,1,6.3,1.08,116,1
PAT-13949,45,Male,Urgent,Type 2 Diabetes,5,2,11,0,5.9,0.73,119,1
PAT-13950,22,Male,Urgent,COPD Exacerbation,6,6,10,3,5.5,0.52,98,1
PAT-13951,84,Male,Elective,Pneumonia,6,1,13,1,8.8,1.25,145,1
PAT-13952,90,Male,Emergency,Acute Myocardial Infarction,7,3,10,1,7.1,0.69,168,1
PAT-13953,36,Male,Emergency,Ischemic Stroke,5,2,7,0,9.2,1.23,100,1
PAT-13954,45,Male,Emergency,Type 2 Diabetes,5,3,10,0,6.4,1.03,136,0
PAT-13955,85,Male,Emergency,Pneumonia,7,2,5,0,5.9,1.17,128,1
PAT-13956,88,Female,Elective,Heart Failure,8,2,6,2,5.7,2.12,153,1
PAT-13957,60,Female,Emergency,Pneumonia,9,2,8,0,10.1,0.86,145,0
PAT-13958,26,Male,Elective,Acute Myocardial Infarction,4,1,6,0,4.4,2.34,146,0
PAT-13959,24,Female,Emergency,Type 2 Diabetes,2,4,11,0,7.7,0.75,107,0
PAT-13960,69,Female,Elective,Heart Failure,5,7,8,1,6.4,2.65,133,0
PAT-13961,58,Male,Emergency,Type 2 Diabetes,1,1,8,1,3.5,3.88,120,0
PAT-13962,22,Male,Emergency,Sepsis,6,4,4,1,5.8,1.54,119,1
PAT-13963,70,Female,Emergency,COPD Exacerbation,7,3,6,2,5.9,1.19,132,1
PAT-13964,20,Male,Urgent,Ischemic Stroke,7,4,8,0,6.6,0.51,137,0
PAT-13965,81,Male,Emergency,Total Hip Arthroplasty,2,4,7,1,7.1,1.95,153,0
PAT-13966,51,Male,Emergency,Heart Failure,5,0,8,0,5.2,1.46,123,1
PAT-13967,24,Male,Emergency,Heart Failure,3,1,12,0,6.5,1.29,117,0
PAT-13968,70,Male,Elective,Pneumonia,8,4,10,2,5.7,0.66,126,0
PAT-13969,58,Male,Emergency,Pneumonia,10,3,10,2,7.4,0.62,143,0
PAT-13970,90,Female,Urgent,Pneumonia,9,8,9,0,7.8,3.59,139,1
PAT-13971,68,Male,Emergency,Heart Failure,4,1,9,2,6.8,1.8,126,1
PAT-13972,49,Male,Emergency,Heart Failure,5,0,5,0,8.5,0.77,133,0
PAT-13973,77,Male,Elective,Heart Failure,9,1,5,2,6.3,1.45,118,1
PAT-13974,49,Male,Emergency,Sepsis,5,1,15,3,5.8,1.8,124,1
PAT-13975,87,Female,Elective,Ischemic Stroke,7,0,7,2,8.5,1.88,128,1
PAT-13976,56,Male,Emergency,Heart Failure,6,5,4,0,6.5,0.52,91,0
PAT-13977,68,Female,Urgent,Type 2 Diabetes,7,4,3,0,5.1,3.88,123,0
PAT-13978,26,Female,Elective,Heart Failure,5,3,4,0,6.6,1.22,113,0
PAT-13979,60,Female,Elective,Total Hip Arthroplasty,2,3,7,3,6.9,1.99,120,0
PAT-13980,83,Female,Emergency,Ischemic Stroke,9,2,9,0,5.8,1.83,147,0
PAT-13981,82,Male,Emergency,Type 2 Diabetes,5,4,4,0,7.5,3.8,136,1
PAT-13982,45,Female,Elective,Type 2 Diabetes,4,1,14,1,9.0,0.9,122,0
PAT-13983,45,Female,Elective,Type 2 Diabetes,3,1,12,0,5.1,1.71,130,0
PAT-13984,83,Male,Emergency,Pneumonia,7,3,5,0,7.8,0.55,104,1
PAT-13985,88,Female,Emergency,Acute Myocardial Infarction,4,2,4,0,9.8,0.55,131,0
PAT-13986,31,Female,Emergency,Pneumonia,10,2,5,0,7.5,1.8,128,0
PAT-13987,62,Female,Elective,Ischemic Stroke,7,4,10,0,6.4,0.96,126,1
PAT-13988,54,Female,Emergency,Heart Failure,6,2,10,0,7.9,0.77,130,0
PAT-13989,85,Female,Emergency,Sepsis,9,1,10,2,5.6,1.28,149,1
PAT-13990,30,Female,Emergency,Type 2 Diabetes,4,4,7,1,6.3,1.48,130,1
PAT-13991,43,Male,Emergency,Type 2 Diabetes,1,4,10,0,8.5,0.52,148,0
PAT-13992,79,Female,Emergency,Acute Myocardial Infarction,2,3,9,0,8.6,6.38,148,0
PAT-13993,26,Female,Urgent,Total Hip Arthroplasty,2,3,8,0,6.4,1.1,110,0
PAT-13994,64,Male,Emergency,Acute Myocardial Infarction,9,3,9,0,8.1,0.78,148,1
PAT-13995,61,Female,Urgent,Acute Myocardial Infarction,7,2,5,0,9.6,0.6,137,1
PAT-13996,53,Male,Emergency,Acute Myocardial Infarction,3,1,7,0,7.9,0.76,125,0
PAT-13997,58,Female,Emergency,Type 2 Diabetes,5,3,8,1,4.5,2.0,129,1
PAT-13998,67,Female,Emergency,Acute Myocardial Infarction,3,5,5,0,6.8,4.4,149,0
PAT-13999,39,Male,Elective,Sepsis,9,5,12,0,7.3,0.76,143,1
PAT-14000,69,Female,Elective,COPD Exacerbation,6,2,7,0,5.3,5.01,106,0
PAT-14001,82,Female,Emergency,COPD Exacerbation,8,0,11,0,7.1,0.9,120,1
PAT-14002,80,Male,Emergency,Acute Myocardial Infarction,2,1,6,0,7.1,1.46,114,0
PAT-14003,38,Female,Urgent,Sepsis,5,3,7,2,7.2,3.77,114,0
PAT-14004,37,Male,Urgent,Type 2 Diabetes,3,0,14,1,6.3,1.02,117,0
PAT-14005,48,Male,Emergency,Sepsis,6,2,7,2,5.5,0.8,133,1
PAT-14006,55,Female,Elective,Sepsis,6,2,7,0,7.2,0.92,155,0
PAT-14007,59,Male,Emergency,Type 2 Diabetes,4,3,9,1,6.1,3.19,145,0
PAT-14008,75,Female,Emergency,Acute Myocardial Infarction,3,2,11,1,8.3,4.01,136,0
PAT-14009,27,Male,Emergency,Heart Failure,8,2,4,0,8.4,0.9,128,1
PAT-14010,23,Male,Emergency,Heart Failure,3,2,8,0,7.3,2.25,133,1
PAT-14011,58,Male,Elective,COPD Exacerbation,4,3,9,1,8.4,1.34,132,1
PAT-14012,76,Female,Emergency,Total Hip Arthroplasty,4,3,10,1,8.4,0.63,143,0
PAT-14013,42,Male,Elective,Heart Failure,1,2,5,2,8.4,2.9,145,0
PAT-14014,73,Female,Urgent,Sepsis,10,5,8,3,7.5,0.98,149,0
PAT-14015,48,Female,Emergency,Pneumonia,6,3,5,0,5.5,1.64,131,0
PAT-14016,86,Male,Emergency,Sepsis,9,2,10,0,8.1,2.89,111,1
PAT-14017,87,Female,Elective,Sepsis,10,1,11,1,8.1,3.96,126,1
PAT-14018,51,Male,Emergency,Total Hip Arthroplasty,3,2,6,2,6.2,2.22,133,0
PAT-14019,45,Female,Emergency,Acute Myocardial Infarction,7,3,7,0,7.0,2.44,95,0
PAT-14020,59,Male,Emergency,Sepsis,14,2,10,2,10.0,0.71,95,0
PAT-14021,46,Female,Emergency,Heart Failure,2,4,10,0,8.6,1.1,114,0
PAT-14022,75,Female,Urgent,Type 2 Diabetes,2,0,5,2,8.4,0.59,128,0
PAT-14023,83,Female,Elective,Type 2 Diabetes,5,3,5,0,7.6,1.53,114,0
PAT-14024,75,Male,Emergency,Acute Myocardial Infarction,1,1,5,0,4.7,1.28,116,0
PAT-14025,83,Female,Emergency,Heart Failure,7,2,7,1,7.8,1.25,100,0
PAT-14026,58,Male,Urgent,Heart Failure,5,3,7,0,5.6,0.89,126,0
PAT-14027,38,Female,Emergency,Total Hip Arthroplasty,3,3,4,0,6.8,1.19,135,0
PAT-14028,79,Female,Emergency,Acute Myocardial Infarction,5,4,6,2,8.4,1.76,133,1
PAT-14029,55,Female,Urgent,Total Hip Arthroplasty,3,3,11,0,9.4,0.67,129,0
PAT-14030,75,Female,Urgent,Heart Failure,7,2,5,0,3.7,2.43,96,0
PAT-14031,48,Male,Emergency,Pneumonia,6,2,7,1,8.6,0.91,144,1
PAT-14032,30,Male,Emergency,Type 2 Diabetes,1,1,6,0,5.5,1.38,140,0
PAT-14033,91,Female,Emergency,Heart Failure,7,1,7,1,4.4,1.43,129,0
PAT-14034,38,Male,Emergency,Type 2 Diabetes,7,2,5,1,5.5,0.9,120,0
PAT-14035,91,Male,Elective,Type 2 Diabetes,5,3,10,2,7.8,1.81,119,1
PAT-14036,90,Female,Emergency,Heart Failure,7,0,8,0,7.0,1.86,112,1
PAT-14037,82,Female,Emergency,COPD Exacerbation,9,3,7,1,6.7,1.92,125,1
PAT-14038,74,Male,Emergency,Pneumonia,5,6,12,0,7.6,0.75,104,1
PAT-14039,70,Female,Urgent,Heart Failure,7,5,7,1,5.8,1.32,160,1
PAT-14040,85,Female,Emergency,Acute Myocardial Infarction,4,4,7,2,7.3,1.5,135,1
PAT-14041,50,Female,Emergency,Acute Myocardial Infarction,6,3,6,3,7.1,0.71,145,0
PAT-14042,63,Male,Urgent,Sepsis,10,3,11,0,8.8,0.87,132,1
PAT-14043,72,Female,Emergency,Pneumonia,6,1,8,0,8.2,0.69,128,0
PAT-14044,59,Female,Emergency,Ischemic Stroke,6,4,9,0,6.6,0.7,135,0
PAT-14045,60,Female,Emergency,Total Hip Arthroplasty,5,6,5,0,8.1,0.7,167,0
PAT-14046,53,Female,Emergency,COPD Exacerbation,1,3,8,0,8.4,1.28,128,1
PAT-14047,69,Female,Emergency,Pneumonia,5,1,8,3,6.7,3.93,94,0
PAT-14048,84,Male,Emergency,Heart Failure,7,1,7,0,9.5,0.63,148,0
PAT-14049,42,Female,Emergency,Acute Myocardial Infarction,3,6,6,0,9.5,0.96,110,1
PAT-14050,88,Male,Emergency,COPD Exacerbation,6,1,6,1,6.3,1.2,143,1
PAT-14051,76,Female,Emergency,Total Hip Arthroplasty,1,4,6,2,6.9,0.63,101,1
PAT-14052,83,Male,Emergency,COPD Exacerbation,4,1,8,0,8.5,1.62,101,0
PAT-14053,68,Male,Emergency,Ischemic Stroke,8,2,8,2,8.0,0.63,141,0
PAT-14054,81,Female,Emergency,Sepsis,8,2,10,0,8.2,1.91,136,1
PAT-14055,20,Male,Urgent,Ischemic Stroke,2,3,11,1,7.9,0.72,125,0
PAT-14056,83,Female,Emergency,Type 2 Diabetes,7,1,5,1,8.0,0.71,121,1
PAT-14057,24,Male,Emergency,Heart Failure,5,0,7,1,6.8,0.72,114,0
PAT-14058,86,Female,Elective,Sepsis,7,2,11,1,8.0,0.79,123,0
PAT-14059,91,Male,Emergency,Sepsis,10,2,6,0,8.0,0.83,137,0
PAT-14060,50,Male,Elective,Type 2 Diabetes,1,5,12,2,6.7,2.83,106,0
PAT-14061,43,Male,Elective,Acute Myocardial Infarction,3,2,9,1,5.1,1.39,105,0
PAT-14062,80,Female,Elective,COPD Exacerbation,6,4,7,0,7.0,1.28,152,1
PAT-14063,47,Female,Elective,Heart Failure,3,3,7,3,5.7,1.73,116,1
PAT-14064,85,Male,Emergency,Pneumonia,8,3,6,0,6.2,0.5,140,1
PAT-14065,32,Male,Elective,Total Hip Arthroplasty,4,4,7,1,7.0,1.54,122,0
PAT-14066,35,Male,Emergency,Pneumonia,6,3,10,1,6.2,0.54,123,0
PAT-14067,91,Female,Emergency,Sepsis,11,2,5,0,7.5,1.39,99,0
PAT-14068,75,Male,Urgent,Heart Failure,3,0,13,2,4.9,1.86,138,0
PAT-14069,84,Female,Emergency,Acute Myocardial Infarction,8,2,9,1,9.3,0.51,120,1
PAT-14070,53,Male,Urgent,Ischemic Stroke,6,0,11,1,3.8,0.59,138,0
PAT-14071,75,Female,Emergency,Pneumonia,5,1,10,1,5.2,0.74,147,0
PAT-14072,71,Female,Emergency,Type 2 Diabetes,4,2,6,0,6.6,2.23,145,0
PAT-14073,71,Male,Emergency,COPD Exacerbation,7,4,10,0,4.3,2.4,150,1
PAT-14074,76,Female,Elective,Total Hip Arthroplasty,5,1,12,1,5.1,1.91,138,1
PAT-14075,69,Male,Emergency,Heart Failure,3,3,9,2,9.6,0.66,143,1
PAT-14076,60,Male,Emergency,Pneumonia,8,0,7,1,7.2,1.56,110,0
PAT-14077,49,Female,Emergency,Heart Failure,5,2,11,1,5.3,0.89,141,0
PAT-14078,80,Female,Elective,Pneumonia,8,1,5,0,6.4,0.59,132,0
PAT-14079,45,Male,Emergency,COPD Exacerbation,3,5,6,0,7.4,1.29,135,0
PAT-14080,76,Female,Elective,Ischemic Stroke,9,3,3,0,4.4,3.13,147,0
PAT-14081,45,Male,Emergency,Pneumonia,6,1,9,3,3.8,0.78,144,0
PAT-14082,72,Male,Emergency,COPD Exacerbation,8,2,11,0,7.9,1.52,111,0
PAT-14083,79,Female,Emergency,Total Hip Arthroplasty,1,3,13,0,6.5,1.54,126,0
PAT-14084,44,Female,Urgent,Type 2 Diabetes,1,3,7,0,6.9,2.96,165,0
PAT-14085,27,Female,Emergency,Acute Myocardial Infarction,3,3,7,2,6.8,1.35,116,0
PAT-14086,35,Male,Emergency,Acute Myocardial Infarction,6,2,12,0,7.6,0.72,129,1
PAT-14087,71,Female,Elective,Type 2 Diabetes,8,0,7,0,6.7,0.54,130,1
PAT-14088,84,Female,Emergency,Heart Failure,4,0,5,1,7.1,1.32,137,1
PAT-14089,25,Male,Elective,Pneumonia,5,3,7,0,6.4,1.06,157,0
PAT-14090,78,Male,Emergency,Type 2 Diabetes,5,1,7,1,7.8,0.91,125,0
PAT-14091,54,Female,Emergency,Type 2 Diabetes,5,0,12,3,6.7,3.85,160,0
PAT-14092,63,Female,Emergency,Ischemic Stroke,9,2,6,1,7.3,4.89,139,1
PAT-14093,88,Male,Emergency,Pneumonia,5,1,5,1,9.1,1.74,133,0
PAT-14094,53,Male,Elective,Sepsis,8,2,7,1,8.9,1.64,128,1
PAT-14095,63,Male,Elective,Heart Failure,1,3,11,1,5.8,0.9,143,0
PAT-14096,20,Male,Emergency,Total Hip Arthroplasty,3,3,5,0,6.7,0.58,139,0
PAT-14097,30,Male,Urgent,Sepsis,7,5,7,0,8.1,0.84,110,1
PAT-14098,47,Male,Emergency,Sepsis,6,2,9,1,9.1,0.73,110,1
PAT-14099,22,Male,Emergency,Pneumonia,5,5,13,1,5.8,3.46,156,0
PAT-14100,73,Male,Elective,Pneumonia,6,5,16,0,9.3,1.22,161,1
PAT-14101,60,Male,Elective,COPD Exacerbation,7,2,10,1,8.3,0.53,81,0
PAT-14102,68,Female,Emergency,Sepsis,7,2,8,2,5.8,0.74,123,1
PAT-14103,40,Female,Elective,Sepsis,12,3,6,1,7.6,2.14,150,1
PAT-14104,51,Male,Emergency,Heart Failure,6,5,10,0,7.5,1.08,110,1
PAT-14105,75,Female,Elective,Total Hip Arthroplasty,6,4,7,1,6.0,4.1,137,1
PAT-14106,90,Male,Elective,Total Hip Arthroplasty,2,4,6,0,8.0,2.01,141,1
PAT-14107,26,Female,Emergency,COPD Exacerbation,7,2,7,1,6.7,1.62,138,0
PAT-14108,86,Male,Emergency,Heart Failure,4,3,11,0,5.8,2.88,128,1
PAT-14109,70,Female,Elective,Sepsis,9,2,4,1,8.8,1.21,124,1
PAT-14110,69,Male,Elective,COPD Exacerbation,8,2,8,1,5.6,1.57,123,1
PAT-14111,65,Male,Emergency,Sepsis,10,0,8,1,6.3,1.8,153,0
PAT-14112,28,Female,Emergency,Sepsis,5,1,3,1,9.7,0.71,139,0
PAT-14113,31,Male,Urgent,Heart Failure,6,2,6,1,6.2,0.65,117,0
PAT-14114,71,Female,Emergency,COPD Exacerbation,6,1,11,0,9.7,0.85,126,0
PAT-14115,54,Female,Emergency,Pneumonia,5,3,9,2,8.3,1.23,132,0
PAT-14116,88,Female,Emergency,Ischemic Stroke,5,2,9,0,6.2,0.56,131,0
PAT-14117,59,Female,Emergency,Type 2 Diabetes,5,0,13,2,8.1,0.96,127,0
PAT-14118,37,Male,Urgent,Type 2 Diabetes,2,3,10,1,9.0,0.69,130,1
PAT-14119,77,Female,Elective,Total Hip Arthroplasty,4,1,2,1,9.4,0.82,135,0
PAT-14120,50,Male,Emergency,Heart Failure,2,1,5,0,8.1,0.81,148,0
PAT-14121,66,Female,Elective,Acute Myocardial Infarction,4,2,6,0,7.4,1.35,109,0
PAT-14122,76,Male,Elective,Type 2 Diabetes,5,4,7,1,7.1,0.74,135,0
PAT-14123,87,Female,Elective,COPD Exacerbation,10,2,10,0,7.1,0.74,133,1
PAT-14124,81,Male,Emergency,COPD Exacerbation,5,1,6,0,9.7,2.74,154,0
PAT-14125,75,Male,Elective,Pneumonia,9,5,6,2,5.6,1.4,142,1
PAT-14126,75,Male,Emergency,Ischemic Stroke,9,6,8,3,8.6,1.21,149,1
PAT-14127,89,Female,Emergency,Heart Failure,7,3,8,2,5.6,2.02,143,1
PAT-14128,51,Male,Emergency,Pneumonia,4,3,9,0,8.8,0.69,124,0
PAT-14129,18,Female,Urgent,Pneumonia,2,2,16,0,7.2,0.89,128,0
PAT-14130,49,Female,Emergency,COPD Exacerbation,6,5,4,0,7.0,1.18,142,0
PAT-14131,44,Female,Urgent,Pneumonia,4,1,6,2,7.6,2.35,160,0
PAT-14132,74,Female,Emergency,Heart Failure,4,2,9,1,9.1,0.69,142,0
PAT-14133,73,Female,Elective,Ischemic Stroke,7,1,7,0,8.5,3.86,139,0
PAT-14134,71,Male,Emergency,Pneumonia,6,2,4,3,7.7,1.01,155,1
PAT-14135,20,Female,Emergency,Type 2 Diabetes,4,1,5,1,6.4,5.28,139,0
PAT-14136,78,Female,Emergency,Pneumonia,6,1,7,4,6.2,1.4,95,1
PAT-14137,53,Female,Elective,Type 2 Diabetes,5,4,5,0,7.5,1.07,105,0
PAT-14138,75,Male,Elective,Heart Failure,7,1,15,0,6.0,1.44,113,1
PAT-14139,68,Male,Elective,Heart Failure,2,0,9,1,6.8,1.04,124,0
PAT-14140,54,Female,Elective,Heart Failure,5,2,10,1,4.9,0.85,153,0
PAT-14141,36,Male,Urgent,Heart Failure,1,1,12,2,7.4,1.27,170,0
PAT-14142,31,Male,Emergency,Pneumonia,3,2,10,1,7.1,0.88,138,0
PAT-14143,83,Female,Emergency,COPD Exacerbation,7,1,3,1,6.1,3.37,135,0
PAT-14144,88,Female,Emergency,COPD Exacerbation,6,1,7,0,5.8,1.1,120,0
PAT-14145,74,Male,Emergency,Heart Failure,2,2,7,3,6.8,0.94,137,0
PAT-14146,32,Male,Elective,Total Hip Arthroplasty,1,5,8,2,6.8,1.11,157,0
PAT-14147,58,Female,Emergency,Sepsis,3,4,5,1,8.3,1.12,119,1
PAT-14148,78,Female,Emergency,Ischemic Stroke,5,6,12,1,7.5,1.62,126,1
PAT-14149,81,Female,Emergency,Type 2 Diabetes,6,5,11,3,6.5,0.99,86,1
PAT-14150,34,Male,Elective,COPD Exacerbation,3,2,9,1,8.2,1.19,148,0
PAT-14151,18,Male,Emergency,Heart Failure,4,2,12,0,5.3,1.3,120,0
PAT-14152,77,Female,Emergency,Sepsis,9,4,7,2,7.2,1.16,112,0
PAT-14153,55,Female,Elective,Heart Failure,5,2,9,1,7.2,0.79,103,1
PAT-14154,47,Male,Elective,Type 2 Diabetes,5,3,8,2,8.6,0.54,123,1
PAT-14155,20,Male,Emergency,Pneumonia,4,2,3,0,8.4,1.12,149,0
PAT-14156,67,Male,Emergency,COPD Exacerbation,7,4,4,1,7.2,2.22,150,0
PAT-14157,84,Male,Emergency,COPD Exacerbation,1,1,17,1,7.0,0.96,128,1
PAT-14158,90,Male,Urgent,Heart Failure,9,2,8,2,7.7,1.23,103,1
PAT-14159,69,Female,Emergency,Pneumonia,4,2,8,0,6.1,0.94,129,0
PAT-14160,66,Female,Urgent,Total Hip Arthroplasty,1,3,6,3,5.9,1.67,150,0
PAT-14161,30,Female,Urgent,Total Hip Arthroplasty,1,2,11,0,7.4,0.89,94,0
PAT-14162,68,Male,Elective,COPD Exacerbation,7,3,9,0,9.4,0.76,137,0
PAT-14163,57,Female,Emergency,COPD Exacerbation,3,2,5,1,7.0,0.96,144,0
PAT-14164,71,Female,Emergency,Heart Failure,4,2,8,0,8.1,3.6,156,0
PAT-14165,57,Female,Emergency,Type 2 Diabetes,2,4,10,3,6.9,0.64,148,1
PAT-14166,46,Female,Urgent,Type 2 Diabetes,4,0,11,0,5.8,1.35,155,0
PAT-14167,31,Male,Elective,Pneumonia,6,4,5,3,7.7,1.66,122,0
PAT-14168,52,Female,Urgent,Acute Myocardial Infarction,7,2,5,0,6.3,0.94,150,0
PAT-14169,32,Female,Elective,Pneumonia,10,1,8,1,5.9,2.64,100,0
PAT-14170,40,Male,Emergency,Heart Failure,6,3,5,0,7.6,1.79,126,1
PAT-14171,91,Female,Emergency,Pneumonia,8,3,10,0,7.7,0.71,168,0
PAT-14172,61,Male,Emergency,Heart Failure,3,0,11,0,8.9,0.85,136,0
PAT-14173,67,Male,Emergency,Acute Myocardial Infarction,8,4,6,3,8.3,1.27,115,1
PAT-14174,86,Male,Elective,Heart Failure,7,1,11,0,7.9,0.95,173,0
PAT-14175,91,Male,Urgent,Pneumonia,7,3,9,0,8.3,2.65,139,0
PAT-14176,70,Female,Elective,Acute Myocardial Infarction,6,3,12,1,4.4,1.28,153,1
PAT-14177,82,Male,Elective,Type 2 Diabetes,3,0,5,0,6.6,0.61,127,0
PAT-14178,53,Female,Urgent,Heart Failure,1,3,4,0,7.4,1.16,107,0
PAT-14179,51,Female,Emergency,COPD Exacerbation,6,4,8,1,8.5,4.18,129,1
PAT-14180,58,Female,Emergency,Heart Failure,8,3,7,0,5.0,1.21,141,0
PAT-14181,75,Female,Elective,COPD Exacerbation,7,1,12,1,4.9,1.99,94,0
PAT-14182,76,Male,Emergency,Acute Myocardial Infarction,5,0,6,0,4.8,2.26,69,0
PAT-14183,52,Female,Emergency,Type 2 Diabetes,3,0,6,0,6.4,0.53,158,1
PAT-14184,36,Male,Emergency,Pneumonia,5,3,7,0,7.6,1.21,164,0
PAT-14185,73,Female,Urgent,Total Hip Arthroplasty,4,4,3,1,5.0,0.71,124,0
PAT-14186,35,Female,Emergency,Pneumonia,5,1,12,0,6.6,1.47,133,0
PAT-14187,70,Male,Elective,Ischemic Stroke,7,3,5,2,7.7,0.91,115,0
PAT-14188,76,Female,Elective,Heart Failure,9,2,10,1,7.0,1.3,139,1
PAT-14189,77,Male,Elective,Acute Myocardial Infarction,6,4,5,1,5.1,0.65,153,1
PAT-14190,79,Female,Emergency,COPD Exacerbation,6,3,9,0,7.8,0.68,144,0
PAT-14191,85,Female,Elective,Total Hip Arthroplasty,5,0,7,0,8.2,1.25,146,0
PAT-14192,65,Female,Emergency,Heart Failure,7,3,12,2,5.8,2.46,104,0
PAT-14193,78,Male,Emergency,Type 2 Diabetes,6,1,13,1,6.5,2.9,120,1
PAT-14194,72,Female,Urgent,Heart Failure,4,5,11,2,5.7,3.1,117,1
PAT-14195,41,Female,Emergency,Total Hip Arthroplasty,1,3,7,2,10.2,0.63,119,1
PAT-14196,22,Female,Elective,Pneumonia,3,4,4,2,7.0,0.77,154,0
PAT-14197,50,Male,Emergency,Total Hip Arthroplasty,4,2,5,3,6.2,0.56,133,0
PAT-14198,61,Male,Emergency,Type 2 Diabetes,5,0,7,1,7.5,0.82,116,0
PAT-14199,72,Male,Urgent,Heart Failure,3,2,10,2,5.5,1.78,116,1
PAT-14200,84,Female,Elective,Type 2 Diabetes,5,4,7,1,7.5,0.97,121,0
PAT-14201,42,Male,Emergency,COPD Exacerbation,7,2,8,0,7.2,2.57,133,0
PAT-14202,35,Male,Urgent,Sepsis,7,1,11,2,8.4,0.67,115,0
PAT-14203,90,Male,Elective,Pneumonia,8,2,8,0,5.0,1.86,122,0
PAT-14204,33,Male,Emergency,Total Hip Arthroplasty,3,3,8,2,7.2,1.22,121,1
PAT-14205,63,Male,Elective,Type 2 Diabetes,1,2,1,2,7.4,0.55,134,1
PAT-14206,70,Female,Emergency,Acute Myocardial Infarction,5,2,5,2,6.5,1.21,148,0
PAT-14207,67,Male,Emergency,Acute Myocardial Infarction,7,0,2,2,9.4,0.54,145,0
PAT-14208,30,Male,Emergency,Type 2 Diabetes,1,2,11,0,5.7,1.25,138,0
PAT-14209,27,Female,Emergency,Heart Failure,5,2,8,0,7.2,1.72,125,1
PAT-14210,33,Female,Emergency,Type 2 Diabetes,3,2,7,1,5.8,0.5,115,0
PAT-14211,70,Male,Urgent,Heart Failure,4,4,6,1,5.8,0.98,125,0
PAT-14212,68,Female,Elective,Total Hip Arthroplasty,3,4,3,0,9.6,1.42,138,1
PAT-14213,45,Male,Emergency,Ischemic Stroke,5,4,9,1,6.5,3.92,144,1
PAT-14214,73,Female,Urgent,Acute Myocardial Infarction,3,1,12,0,7.5,1.05,124,0
PAT-14215,83,Female,Emergency,Acute Myocardial Infarction,5,0,13,0,5.5,1.16,140,0
PAT-14216,24,Female,Elective,Type 2 Diabetes,2,5,14,2,6.8,1.64,135,0
PAT-14217,65,Female,Emergency,Heart Failure,5,3,4,1,8.0,2.43,132,1
PAT-14218,76,Female,Elective,Sepsis,9,2,8,2,5.6,0.67,144,1
PAT-14219,47,Female,Urgent,COPD Exacerbation,5,2,11,1,6.6,1.01,153,0
PAT-14220,51,Male,Elective,Acute Myocardial Infarction,5,2,5,3,7.9,2.22,147,1
PAT-14221,72,Male,Urgent,Acute Myocardial Infarction,3,3,10,2,9.9,0.96,104,1
PAT-14222,87,Female,Emergency,Pneumonia,7,3,19,2,6.0,1.17,124,1
PAT-14223,82,Female,Urgent,Heart Failure,2,1,12,5,7.9,1.28,175,0
PAT-14224,70,Male,Emergency,Sepsis,9,1,8,0,8.0,0.95,133,0
PAT-14225,78,Male,Emergency,Pneumonia,7,5,17,3,7.8,2.2,147,1
PAT-14226,56,Female,Elective,Sepsis,10,3,10,2,6.4,0.92,118,1
PAT-14227,73,Female,Elective,Pneumonia,7,0,6,3,5.9,1.77,138,1
PAT-14228,63,Female,Emergency,Type 2 Diabetes,5,0,6,1,8.8,1.02,111,0
PAT-14229,41,Female,Emergency,Heart Failure,4,1,7,1,5.2,2.75,120,0
PAT-14230,77,Female,Emergency,Acute Myocardial Infarction,4,3,18,1,6.1,0.93,107,0
PAT-14231,68,Male,Emergency,COPD Exacerbation,3,4,10,1,8.7,0.69,108,0
PAT-14232,55,Female,Emergency,Pneumonia,5,0,8,1,5.5,1.11,102,0
PAT-14233,87,Male,Emergency,Pneumonia,6,1,5,2,6.8,5.64,112,1
PAT-14234,21,Male,Emergency,COPD Exacerbation,3,1,8,1,9.3,2.74,107,0
PAT-14235,52,Male,Urgent,Type 2 Diabetes,2,2,7,2,6.4,0.79,112,0
PAT-14236,27,Male,Elective,Type 2 Diabetes,3,4,7,1,6.1,1.17,134,1
PAT-14237,80,Female,Emergency,Type 2 Diabetes,5,2,13,1,5.1,3.65,138,1
PAT-14238,77,Female,Urgent,Pneumonia,8,1,9,1,6.5,1.64,119,0
PAT-14239,53,Female,Elective,Pneumonia,7,2,14,0,7.9,1.53,118,0
PAT-14240,75,Male,Emergency,Heart Failure,5,3,7,0,6.4,1.32,137,1
PAT-14241,58,Male,Emergency,Pneumonia,6,3,5,3,7.1,0.57,128,1
PAT-14242,80,Male,Emergency,Pneumonia,8,4,9,0,6.4,0.75,138,0
PAT-14243,62,Female,Emergency,Type 2 Diabetes,9,3,13,0,8.3,0.72,144,0
PAT-14244,59,Male,Emergency,Ischemic Stroke,5,4,9,3,8.5,3.07,133,1
PAT-14245,88,Female,Emergency,Heart Failure,6,2,8,0,6.8,2.38,129,0
PAT-14246,47,Female,Emergency,COPD Exacerbation,2,2,7,2,9.2,1.11,151,0
PAT-14247,34,Male,Elective,Heart Failure,4,2,9,0,7.3,4.0,106,0
PAT-14248,70,Female,Emergency,Sepsis,8,2,8,1,7.3,4.57,164,0
PAT-14249,90,Male,Elective,Total Hip Arthroplasty,4,2,6,0,4.8,0.8,134,0
PAT-14250,57,Female,Emergency,Pneumonia,6,3,9,1,6.7,0.76,122,1
PAT-14251,27,Male,Urgent,Sepsis,6,1,10,1,7.1,0.65,132,0
PAT-14252,54,Female,Emergency,Type 2 Diabetes,1,3,6,1,7.5,0.77,134,0
PAT-14253,65,Male,Urgent,Heart Failure,8,4,4,0,6.1,1.69,139,0
PAT-14254,39,Male,Elective,Type 2 Diabetes,5,3,8,1,5.9,1.78,135,1
PAT-14255,74,Male,Elective,Type 2 Diabetes,4,3,5,1,9.1,0.6,168,1
PAT-14256,91,Female,Elective,Pneumonia,5,3,11,0,8.1,1.07,122,0
PAT-14257,62,Male,Emergency,Type 2 Diabetes,4,3,7,0,9.4,3.18,131,0
PAT-14258,55,Female,Urgent,Pneumonia,7,3,7,2,5.8,1.5,94,0
PAT-14259,58,Female,Emergency,Acute Myocardial Infarction,6,6,8,0,7.7,1.23,183,0
PAT-14260,34,Female,Emergency,Type 2 Diabetes,4,1,10,2,6.9,0.64,133,0
PAT-14261,86,Male,Emergency,Heart Failure,8,0,12,2,5.7,0.57,131,1
PAT-14262,59,Female,Emergency,Pneumonia,2,2,3,1,6.7,0.66,146,0
PAT-14263,57,Male,Elective,Pneumonia,5,3,10,1,5.2,1.19,144,0
PAT-14264,74,Male,Urgent,Heart Failure,8,0,9,0,6.2,0.91,113,1
PAT-14265,61,Female,Emergency,Heart Failure,3,3,11,0,7.9,3.54,150,0
PAT-14266,74,Male,Urgent,Pneumonia,9,0,9,0,8.8,1.06,120,0
PAT-14267,27,Female,Elective,Type 2 Diabetes,6,3,4,0,6.1,0.88,104,0
PAT-14268,83,Male,Emergency,Total Hip Arthroplasty,6,1,8,1,9.1,1.56,119,0
PAT-14269,89,Female,Emergency,Heart Failure,8,1,10,1,4.4,1.82,131,1
PAT-14270,74,Female,Elective,Heart Failure,5,4,5,0,7.6,2.7,131,0
PAT-14271,89,Female,Emergency,Pneumonia,8,3,4,1,6.7,2.21,115,0
PAT-14272,38,Female,Emergency,Ischemic Stroke,3,2,7,0,6.5,2.05,124,0
PAT-14273,63,Female,Emergency,COPD Exacerbation,3,1,9,0,4.3,0.73,132,0
PAT-14274,71,Female,Emergency,Type 2 Diabetes,3,3,14,3,6.3,0.83,113,1
PAT-14275,70,Female,Elective,Heart Failure,6,1,9,0,6.3,0.74,126,1
PAT-14276,58,Female,Emergency,Pneumonia,5,1,11,1,5.2,0.93,126,1
PAT-14277,54,Female,Emergency,Type 2 Diabetes,4,3,6,1,6.7,2.52,94,1
PAT-14278,35,Male,Emergency,COPD Exacerbation,6,2,7,0,7.1,1.25,120,0
PAT-14279,58,Male,Emergency,COPD Exacerbation,3,2,5,1,7.3,1.51,116,0
PAT-14280,39,Male,Emergency,Type 2 Diabetes,3,5,11,0,6.2,1.87,122,0
PAT-14281,78,Male,Elective,Heart Failure,5,5,10,1,7.0,1.2,112,1
PAT-14282,43,Male,Elective,Acute Myocardial Infarction,4,0,6,0,8.3,0.67,134,0
PAT-14283,27,Male,Emergency,COPD Exacerbation,5,1,13,1,8.5,0.93,131,0
PAT-14284,68,Female,Emergency,Sepsis,11,3,4,2,8.2,1.4,132,1
PAT-14285,71,Male,Emergency,Type 2 Diabetes,5,2,6,1,8.2,1.49,137,1
PAT-14286,85,Female,Emergency,COPD Exacerbation,7,0,6,4,7.3,0.79,131,1
PAT-14287,70,Male,Emergency,Heart Failure,3,0,12,1,8.8,2.02,149,1
PAT-14288,54,Male,Emergency,Type 2 Diabetes,1,1,8,1,7.6,0.71,106,0
PAT-14289,82,Female,Emergency,COPD Exacerbation,4,7,12,2,6.8,0.55,116,1
PAT-14290,67,Male,Elective,Sepsis,10,2,8,2,4.8,0.59,143,1
PAT-14291,29,Female,Emergency,Type 2 Diabetes,1,0,10,2,5.2,0.86,143,0
PAT-14292,69,Female,Elective,Sepsis,10,4,10,1,5.0,3.0,165,1
PAT-14293,87,Female,Emergency,Acute Myocardial Infarction,6,3,6,2,7.9,1.91,102,1
PAT-14294,58,Male,Emergency,Type 2 Diabetes,1,3,5,1,5.9,0.71,104,0
PAT-14295,51,Male,Elective,Total Hip Arthroplasty,1,4,12,0,6.0,0.88,134,0
PAT-14296,37,Male,Emergency,Pneumonia,7,4,6,0,6.6,0.62,90,0
PAT-14297,38,Female,Emergency,COPD Exacerbation,5,4,9,1,5.7,2.47,116,0
PAT-14298,60,Female,Elective,Pneumonia,4,2,9,1,7.2,0.98,131,1
PAT-14299,71,Male,Elective,Pneumonia,4,1,6,0,4.9,0.73,125,0
PAT-14300,30,Female,Urgent,Sepsis,2,3,6,1,7.9,2.91,150,0
PAT-14301,89,Male,Elective,Type 2 Diabetes,8,4,9,0,7.8,1.14,154,0
PAT-14302,79,Female,Urgent,Heart Failure,6,2,9,0,6.8,5.3,121,1
PAT-14303,70,Female,Emergency,Total Hip Arthroplasty,7,2,8,3,6.2,1.06,111,0
PAT-14304,83,Female,Emergency,Sepsis,9,3,3,1,7.5,1.64,118,1
PAT-14305,30,Male,Emergency,Type 2 Diabetes,3,0,10,0,8.6,0.63,126,0
PAT-14306,63,Female,Emergency,Heart Failure,7,0,6,2,4.3,2.36,173,0
PAT-14307,73,Female,Emergency,Acute Myocardial Infarction,8,2,5,1,7.9,2.25,155,0
PAT-14308,83,Female,Elective,Heart Failure,7,2,8,0,6.8,1.48,107,1
PAT-14309,81,Female,Emergency,Pneumonia,7,4,8,1,6.4,0.6,138,1
PAT-14310,49,Female,Elective,Heart Failure,5,2,5,2,6.6,0.69,133,0
PAT-14311,89,Female,Emergency,COPD Exacerbation,4,2,11,0,5.4,2.05,125,0
PAT-14312,35,Male,Emergency,Heart Failure,3,1,5,3,4.6,0.79,159,1
PAT-14313,86,Female,Emergency,COPD Exacerbation,6,3,6,0,7.9,1.36,117,0
PAT-14314,90,Male,Emergency,Acute Myocardial Infarction,8,3,15,0,7.9,0.68,122,1
PAT-14315,40,Male,Emergency,Pneumonia,4,2,15,2,7.2,0.96,134,0
PAT-14316,78,Female,Elective,Heart Failure,8,2,7,1,8.4,1.99,149,0
PAT-14317,24,Female,Emergency,Heart Failure,3,3,13,1,8.5,0.78,101,0
PAT-14318,59,Male,Emergency,Type 2 Diabetes,6,2,4,0,8.0,1.13,130,0
PAT-14319,66,Female,Elective,Pneumonia,8,3,5,1,8.3,1.97,150,1
PAT-14320,70,Female,Emergency,COPD Exacerbation,6,2,11,0,8.6,3.14,147,0
PAT-14321,89,Female,Emergency,Heart Failure,8,2,11,1,7.7,4.33,158,0
PAT-14322,75,Male,Emergency,Acute Myocardial Infarction,7,0,10,0,6.8,0.88,111,0
PAT-14323,64,Male,Emergency,Acute Myocardial Infarction,7,2,7,0,6.9,0.77,128,0
PAT-14324,82,Male,Elective,Pneumonia,11,1,7,1,6.9,2.42,131,1
PAT-14325,89,Male,Urgent,Type 2 Diabetes,8,4,10,3,5.6,0.57,154,1
PAT-14326,21,Female,Elective,Sepsis,8,3,6,3,7.9,1.78,130,0
PAT-14327,91,Female,Emergency,Sepsis,9,3,13,0,6.8,2.36,143,1
PAT-14328,30,Female,Elective,Ischemic Stroke,6,0,4,1,8.5,1.18,137,0
PAT-14329,83,Female,Emergency,Type 2 Diabetes,1,0,7,1,5.9,2.88,159,1
PAT-14330,49,Female,Emergency,Total Hip Arthroplasty,4,2,10,1,9.6,0.81,139,0
PAT-14331,36,Female,Emergency,Heart Failure,2,4,7,3,6.0,2.16,135,1
PAT-14332,61,Female,Elective,Pneumonia,8,2,5,1,5.4,1.93,131,1
PAT-14333,73,Female,Elective,Pneumonia,10,1,5,1,7.6,2.22,123,0
PAT-14334,57,Female,Elective,Pneumonia,3,1,14,0,8.5,0.9,163,0
PAT-14335,26,Male,Elective,COPD Exacerbation,3,3,6,0,7.1,0.69,131,1
PAT-14336,71,Male,Emergency,Heart Failure,3,3,11,1,7.3,3.11,120,0
PAT-14337,87,Male,Emergency,Sepsis,6,4,6,1,6.5,0.91,157,1
PAT-14338,57,Female,Elective,COPD Exacerbation,4,5,6,2,5.9,0.55,115,1
PAT-14339,44,Female,Elective,Total Hip Arthroplasty,4,1,7,2,6.9,0.92,130,0
PAT-14340,61,Female,Elective,Heart Failure,7,2,5,1,6.2,1.58,129,1
PAT-14341,25,Female,Emergency,COPD Exacerbation,4,3,13,0,8.2,0.75,126,0
PAT-14342,83,Female,Elective,Pneumonia,4,1,10,1,8.6,0.62,133,0
PAT-14343,83,Male,Emergency,Pneumonia,7,3,7,1,5.8,0.9,142,1
PAT-14344,70,Male,Elective,Acute Myocardial Infarction,2,2,5,0,4.9,1.46,120,0
PAT-14345,55,Female,Emergency,Type 2 Diabetes,1,4,6,0,8.7,0.61,126,0
PAT-14346,82,Female,Urgent,Type 2 Diabetes,3,2,6,2,6.1,0.94,126,1
PAT-14347,68,Female,Emergency,Acute Myocardial Infarction,7,2,6,0,5.4,1.55,159,0
PAT-14348,83,Female,Elective,Pneumonia,8,3,7,4,8.1,0.77,131,1
PAT-14349,73,Female,Emergency,Type 2 Diabetes,5,6,3,2,8.0,0.76,130,1
PAT-14350,81,Female,Emergency,Pneumonia,5,1,5,0,8.4,1.35,129,1
PAT-14351,71,Female,Emergency,Pneumonia,6,3,13,1,4.6,2.02,153,1
PAT-14352,59,Female,Elective,Acute Myocardial Infarction,2,1,9,0,6.9,0.58,139,1
PAT-14353,90,Female,Emergency,Heart Failure,9,3,9,0,6.5,1.94,124,1
PAT-14354,67,Female,Emergency,COPD Exacerbation,9,4,8,1,8.2,0.58,159,1
PAT-14355,71,Female,Urgent,COPD Exacerbation,6,6,6,0,7.2,2.19,142,0
PAT-14356,44,Male,Elective,Acute Myocardial Infarction,5,3,5,2,4.8,0.96,163,1
PAT-14357,72,Female,Emergency,Total Hip Arthroplasty,3,5,6,0,8.2,1.4,129,0
PAT-14358,69,Male,Elective,Pneumonia,3,0,5,3,6.2,1.02,122,0
PAT-14359,41,Male,Emergency,Type 2 Diabetes,1,4,7,0,7.7,0.89,134,0
PAT-14360,27,Male,Elective,Heart Failure,3,3,4,1,6.0,2.42,100,0
PAT-14361,71,Male,Elective,Type 2 Diabetes,3,3,10,1,5.9,1.68,110,0
PAT-14362,80,Male,Elective,Heart Failure,5,0,8,0,6.8,0.78,131,0
PAT-14363,66,Male,Emergency,Sepsis,9,1,14,0,6.6,1.33,141,1
PAT-14364,45,Female,Elective,Sepsis,6,4,11,3,8.6,0.58,138,1
PAT-14365,75,Female,Emergency,Pneumonia,11,3,5,0,2.7,1.43,129,1
PAT-14366,30,Male,Emergency,Type 2 Diabetes,1,3,12,0,7.4,2.22,139,1
PAT-14367,61,Male,Elective,Heart Failure,7,5,13,0,7.3,1.84,113,1
PAT-14368,39,Male,Emergency,Sepsis,7,4,12,1,8.3,1.44,155,0
PAT-14369,41,Male,Emergency,Total Hip Arthroplasty,3,3,3,1,8.6,2.45,117,0
PAT-14370,43,Male,Elective,Type 2 Diabetes,4,3,10,0,6.2,0.91,138,0
PAT-14371,57,Male,Emergency,COPD Exacerbation,5,2,8,2,7.6,1.21,161,0
PAT-14372,26,Male,Emergency,Type 2 Diabetes,1,4,5,2,7.0,0.87,143,0
PAT-14373,58,Male,Elective,Type 2 Diabetes,3,1,5,0,5.5,1.05,169,0
PAT-14374,66,Male,Urgent,Heart Failure,6,2,11,1,6.0,1.29,119,1
PAT-14375,64,Male,Elective,COPD Exacerbation,5,1,11,2,7.4,1.01,95,0
PAT-14376,57,Male,Emergency,Heart Failure,3,5,9,1,8.0,0.59,156,1
PAT-14377,84,Male,Emergency,Heart Failure,9,3,8,1,6.0,0.7,131,1
PAT-14378,37,Female,Emergency,Heart Failure,1,2,5,0,5.5,2.56,129,0
PAT-14379,65,Female,Elective,Type 2 Diabetes,3,5,6,0,7.6,0.81,138,0
PAT-14380,27,Male,Emergency,COPD Exacerbation,2,0,7,2,6.1,0.73,149,0
PAT-14381,28,Male,Elective,Type 2 Diabetes,3,1,4,0,5.6,1.27,136,0
PAT-14382,69,Female,Emergency,Total Hip Arthroplasty,5,3,9,1,6.1,1.29,121,1
PAT-14383,69,Female,Emergency,Type 2 Diabetes,1,3,8,1,8.9,3.29,141,0
PAT-14384,86,Male,Elective,Type 2 Diabetes,9,3,7,0,8.7,1.43,114,1
PAT-14385,68,Male,Elective,Type 2 Diabetes,4,3,12,1,8.5,2.74,103,0
PAT-14386,90,Male,Elective,Type 2 Diabetes,6,3,11,2,9.3,0.65,136,0
PAT-14387,25,Male,Urgent,Heart Failure,1,3,3,0,7.5,0.57,118,0
PAT-14388,32,Female,Urgent,Type 2 Diabetes,2,4,10,0,7.3,0.74,131,1
PAT-14389,25,Female,Urgent,Sepsis,9,3,5,0,5.6,2.72,113,0
PAT-14390,41,Female,Elective,Acute Myocardial Infarction,4,3,7,1,6.8,1.58,150,0
PAT-14391,67,Male,Elective,Total Hip Arthroplasty,4,2,9,1,7.9,1.1,116,0
PAT-14392,74,Female,Elective,Heart Failure,6,0,4,0,6.6,0.8,132,0
PAT-14393,25,Male,Emergency,Pneumonia,2,0,10,0,6.1,1.56,142,0
PAT-14394,89,Female,Emergency,Type 2 Diabetes,2,1,5,1,8.0,0.67,130,0
PAT-14395,84,Male,Emergency,Acute Myocardial Infarction,8,3,5,1,6.7,1.47,124,1
PAT-14396,51,Male,Emergency,Ischemic Stroke,8,3,15,0,7.3,1.15,157,0
PAT-14397,29,Female,Emergency,Sepsis,9,2,9,3,7.8,0.74,150,1
PAT-14398,39,Male,Emergency,Heart Failure,3,2,10,3,4.2,0.58,167,0
PAT-14399,35,Female,Urgent,Type 2 Diabetes,2,2,11,0,8.0,1.12,116,0
PAT-14400,35,Female,Elective,Heart Failure,7,2,10,2,5.8,4.18,120,1
PAT-14401,66,Female,Emergency,Heart Failure,3,2,15,0,7.4,0.66,137,1
PAT-14402,46,Female,Emergency,Heart Failure,7,1,12,0,6.6,0.52,151,0
PAT-14403,55,Male,Elective,Type 2 Diabetes,2,1,7,0,5.6,1.49,118,0
PAT-14404,91,Male,Elective,Type 2 Diabetes,3,0,13,0,7.7,0.88,169,0
PAT-14405,76,Female,Urgent,Pneumonia,7,2,6,0,5.3,0.73,127,0
PAT-14406,89,Female,Urgent,Pneumonia,5,2,5,1,7.7,1.35,139,0
PAT-14407,37,Male,Urgent,Acute Myocardial Infarction,1,0,7,0,7.2,0.88,153,0
PAT-14408,57,Male,Emergency,Heart Failure,5,7,7,2,4.3,1.01,123,1
PAT-14409,68,Female,Emergency,Heart Failure,6,6,8,0,7.3,3.27,110,1
PAT-14410,29,Male,Elective,COPD Exacerbation,6,3,12,1,7.7,0.62,165,0
PAT-14411,18,Male,Emergency,COPD Exacerbation,4,1,6,0,5.6,4.8,140,0
PAT-14412,75,Male,Elective,Heart Failure,10,2,7,1,5.7,1.31,149,1
PAT-14413,73,Female,Emergency,Sepsis,12,4,6,1,7.1,0.96,134,1
PAT-14414,59,Male,Elective,Type 2 Diabetes,5,1,8,0,9.3,1.11,172,0
PAT-14415,64,Male,Emergency,Type 2 Diabetes,5,2,3,0,5.3,0.73,108,0
PAT-14416,59,Male,Emergency,Pneumonia,8,3,5,1,9.4,0.56,119,1
PAT-14417,22,Male,Emergency,Type 2 Diabetes,1,2,9,1,6.6,0.87,142,0
PAT-14418,54,Male,Urgent,COPD Exacerbation,4,1,8,1,8.3,1.78,108,0
PAT-14419,40,Female,Emergency,Pneumonia,1,1,13,0,7.2,0.67,122,0
PAT-14420,32,Male,Urgent,Type 2 Diabetes,4,5,7,2,7.1,0.53,134,1
PAT-14421,89,Male,Elective,Total Hip Arthroplasty,3,2,4,1,5.5,0.72,113,1
PAT-14422,71,Male,Elective,Type 2 Diabetes,10,0,6,3,9.1,3.98,125,1
PAT-14423,78,Female,Elective,Acute Myocardial Infarction,4,2,9,2,4.7,2.34,103,0
PAT-14424,52,Female,Elective,Type 2 Diabetes,4,1,11,2,5.9,0.71,134,0
PAT-14425,58,Male,Emergency,Pneumonia,5,2,4,0,7.6,1.1,139,0
PAT-14426,46,Male,Emergency,Type 2 Diabetes,2,0,7,1,9.9,0.85,130,0
PAT-14427,32,Female,Urgent,Acute Myocardial Infarction,1,4,12,2,7.3,1.05,149,1
PAT-14428,40,Male,Elective,Acute Myocardial Infarction,1,3,14,0,8.8,0.78,154,0
PAT-14429,82,Female,Emergency,Heart Failure,2,1,6,0,7.4,1.29,111,0
PAT-14430,75,Male,Elective,Heart Failure,7,4,12,1,7.0,6.31,144,1
PAT-14431,68,Male,Emergency,Total Hip Arthroplasty,2,1,8,0,9.0,1.54,144,1
PAT-14432,63,Female,Emergency,Total Hip Arthroplasty,7,3,13,1,5.9,1.0,160,1
PAT-14433,88,Male,Emergency,Pneumonia,5,2,8,0,4.5,1.33,126,0
PAT-14434,29,Male,Emergency,Pneumonia,8,4,7,2,7.7,0.64,137,1
PAT-14435,49,Female,Emergency,Sepsis,11,3,15,0,8.9,0.87,133,1
PAT-14436,55,Male,Emergency,Heart Failure,7,1,8,0,7.9,3.99,134,0
PAT-14437,81,Female,Elective,COPD Exacerbation,6,5,10,3,7.0,1.19,117,1
PAT-14438,91,Male,Emergency,Pneumonia,7,2,5,1,5.6,0.81,116,1
PAT-14439,46,Female,Emergency,Acute Myocardial Infarction,6,1,10,2,7.7,1.12,130,0
PAT-14440,86,Female,Emergency,Heart Failure,5,1,9,2,7.5,3.83,156,1
PAT-14441,83,Female,Emergency,COPD Exacerbation,6,1,14,0,9.4,1.35,126,0
PAT-14442,45,Female,Emergency,COPD Exacerbation,4,4,4,3,7.2,0.7,138,1
PAT-14443,58,Male,Emergency,Sepsis,7,4,9,2,3.4,1.58,141,1
PAT-14444,59,Female,Emergency,Acute Myocardial Infarction,5,2,6,1,5.9,2.86,140,0
PAT-14445,90,Female,Elective,Total Hip Arthroplasty,6,0,6,0,10.5,1.76,135,0
PAT-14446,41,Male,Emergency,Total Hip Arthroplasty,1,2,12,2,6.2,2.6,113,1
PAT-14447,82,Female,Emergency,Pneumonia,8,4,9,0,6.2,1.55,183,0
PAT-14448,53,Male,Emergency,Heart Failure,1,1,8,1,4.6,1.15,128,0
PAT-14449,78,Male,Emergency,COPD Exacerbation,3,3,3,1,7.1,1.4,139,0
PAT-14450,60,Male,Elective,Total Hip Arthroplasty,2,2,7,0,7.1,1.67,131,0
PAT-14451,70,Female,Emergency,Heart Failure,6,3,5,0,6.4,3.12,157,0
PAT-14452,83,Female,Emergency,COPD Exacerbation,7,2,4,1,6.7,1.58,121,0
PAT-14453,82,Male,Emergency,Heart Failure,6,1,7,0,7.7,1.07,126,0
PAT-14454,85,Female,Emergency,Heart Failure,7,0,5,0,7.0,1.51,143,0
PAT-14455,27,Female,Emergency,Acute Myocardial Infarction,3,4,14,0,4.6,1.28,134,1
PAT-14456,76,Female,Elective,Acute Myocardial Infarction,6,6,4,2,7.3,0.89,134,1
PAT-14457,36,Female,Emergency,COPD Exacerbation,5,2,7,1,6.8,0.56,134,0
PAT-14458,59,Male,Emergency,Sepsis,8,2,7,3,7.5,0.82,151,1
PAT-14459,68,Male,Elective,Heart Failure,5,1,11,1,8.8,3.47,142,1
PAT-14460,58,Male,Elective,Heart Failure,6,4,9,0,7.7,1.13,135,1
PAT-14461,66,Male,Elective,Sepsis,12,4,8,1,9.0,1.42,126,0
PAT-14462,91,Female,Emergency,Pneumonia,10,1,8,1,9.5,1.25,161,1
PAT-14463,36,Female,Emergency,Type 2 Diabetes,1,2,11,1,7.5,1.71,144,1
PAT-14464,75,Male,Emergency,Acute Myocardial Infarction,3,3,4,2,7.5,1.11,127,1
PAT-14465,58,Female,Elective,Total Hip Arthroplasty,2,1,6,3,7.7,1.35,157,1
PAT-14466,36,Female,Elective,Acute Myocardial Infarction,4,7,7,0,5.9,1.4,94,0
PAT-14467,38,Male,Emergency,Sepsis,8,2,5,0,6.1,0.71,128,0
PAT-14468,89,Male,Elective,Type 2 Diabetes,7,3,5,1,6.7,1.49,110,1
PAT-14469,86,Female,Elective,Type 2 Diabetes,7,0,6,2,4.5,0.73,97,0
PAT-14470,87,Male,Emergency,Sepsis,10,0,9,0,4.3,1.01,137,0
PAT-14471,91,Male,Urgent,COPD Exacerbation,6,1,8,2,6.2,1.0,178,0
PAT-14472,43,Female,Elective,Type 2 Diabetes,4,1,9,0,5.9,4.79,135,0
PAT-14473,55,Male,Emergency,Pneumonia,8,5,8,0,8.0,1.57,152,0
PAT-14474,75,Female,Urgent,Acute Myocardial Infarction,6,2,8,3,4.2,0.52,118,1
PAT-14475,64,Male,Emergency,Type 2 Diabetes,3,0,5,5,7.0,3.65,113,1
PAT-14476,60,Male,Elective,COPD Exacerbation,4,2,5,1,7.5,1.18,149,0
PAT-14477,55,Male,Elective,Heart Failure,3,3,10,1,7.8,0.55,129,1
PAT-14478,71,Female,Emergency,Type 2 Diabetes,5,3,4,1,8.3,0.87,126,1
PAT-14479,69,Female,Emergency,Acute Myocardial Infarction,6,0,7,1,6.4,1.36,132,0
PAT-14480,39,Female,Urgent,Heart Failure,6,1,10,1,7.3,2.16,128,0
PAT-14481,63,Male,Emergency,Type 2 Diabetes,6,0,12,1,6.8,1.28,135,0
PAT-14482,68,Female,Emergency,Total Hip Arthroplasty,6,2,8,3,5.8,1.54,153,1
PAT-14483,69,Female,Emergency,Acute Myocardial Infarction,2,2,8,0,6.0,1.73,149,1
PAT-14484,43,Female,Elective,Pneumonia,6,5,9,0,5.0,0.95,147,0
PAT-14485,79,Female,Urgent,Type 2 Diabetes,5,4,10,0,7.3,0.88,133,1
PAT-14486,22,Female,Emergency,Type 2 Diabetes,2,8,7,0,6.8,0.97,154,1
PAT-14487,55,Male,Urgent,COPD Exacerbation,3,2,9,0,6.0,4.57,166,0
PAT-14488,81,Female,Emergency,Heart Failure,9,1,12,1,8.2,1.07,148,1
PAT-14489,69,Female,Urgent,Pneumonia,5,1,7,0,7.8,0.55,160,0
PAT-14490,48,Male,Elective,Pneumonia,1,1,7,0,8.3,2.87,116,0
PAT-14491,76,Male,Emergency,Pneumonia,7,2,7,1,7.2,1.22,148,1
PAT-14492,69,Female,Emergency,Heart Failure,5,2,4,1,6.0,0.71,127,0
PAT-14493,82,Female,Emergency,Heart Failure,10,1,10,1,6.1,0.74,92,1
PAT-14494,78,Male,Emergency,Ischemic Stroke,8,2,7,1,7.9,1.21,152,1
PAT-14495,72,Female,Elective,Ischemic Stroke,7,1,5,1,5.3,1.46,127,0
PAT-14496,64,Male,Emergency,Pneumonia,6,3,7,1,6.5,1.22,156,1
PAT-14497,36,Female,Urgent,Sepsis,7,5,12,4,7.5,0.96,141,1
PAT-14498,48,Female,Elective,COPD Exacerbation,9,2,11,2,5.9,0.64,147,1
PAT-14499,60,Female,Elective,Heart Failure,6,0,8,0,6.8,2.57,121,0
PAT-14500,71,Male,Emergency,Type 2 Diabetes,1,3,7,0,5.6,2.11,106,0
PAT-14501,66,Male,Urgent,Type 2 Diabetes,3,3,8,2,6.4,1.08,153,0
PAT-14502,50,Female,Elective,COPD Exacerbation,4,4,9,0,9.6,2.27,133,0
PAT-14503,19,Male,Urgent,COPD Exacerbation,1,1,8,3,5.1,1.41,139,0
PAT-14504,65,Female,Urgent,Total Hip Arthroplasty,1,2,9,2,8.2,0.92,144,0
PAT-14505,50,Female,Emergency,Sepsis,9,3,9,1,7.3,0.61,125,0
PAT-14506,78,Male,Emergency,Sepsis,8,5,13,0,1.9,0.54,119,0
PAT-14507,22,Female,Elective,Total Hip Arthroplasty,4,1,7,2,5.2,0.89,133,0
PAT-14508,70,Male,Urgent,Sepsis,9,2,8,3,6.2,1.94,123,0
PAT-14509,89,Male,Elective,Type 2 Diabetes,4,1,6,1,5.9,2.06,104,1
PAT-14510,40,Male,Emergency,Type 2 Diabetes,1,5,5,0,6.6,1.09,109,0
PAT-14511,63,Male,Elective,COPD Exacerbation,7,2,6,3,7.0,0.78,121,0
PAT-14512,31,Female,Emergency,Acute Myocardial Infarction,4,1,4,0,9.9,0.78,154,0
PAT-14513,72,Female,Emergency,Pneumonia,6,1,5,2,6.3,1.5,113,1
PAT-14514,68,Female,Emergency,Sepsis,7,2,7,1,5.5,0.56,164,0
PAT-14515,59,Female,Emergency,Ischemic Stroke,10,3,12,1,4.7,4.67,113,1
PAT-14516,66,Female,Emergency,COPD Exacerbation,3,2,11,1,6.3,1.02,124,0
PAT-14517,87,Female,Urgent,Pneumonia,6,2,13,2,4.6,1.28,92,1
PAT-14518,42,Male,Elective,Sepsis,9,3,11,1,6.1,1.59,161,0
PAT-14519,21,Female,Urgent,Heart Failure,6,4,6,0,4.8,0.79,86,0
PAT-14520,85,Male,Elective,Heart Failure,6,4,7,1,4.9,0.74,118,1
PAT-14521,70,Male,Emergency,Sepsis,8,3,6,0,7.8,0.72,119,1
PAT-14522,86,Male,Elective,Acute Myocardial Infarction,5,0,7,2,7.2,4.93,144,0
PAT-14523,71,Female,Urgent,Pneumonia,8,2,8,0,6.5,1.31,137,1
PAT-14524,82,Female,Urgent,Total Hip Arthroplasty,6,2,10,1,7.3,2.18,151,0
PAT-14525,60,Female,Elective,Type 2 Diabetes,1,3,4,0,6.3,1.06,145,0
PAT-14526,79,Female,Emergency,COPD Exacerbation,6,4,9,1,7.6,0.63,154,0
PAT-14527,87,Female,Emergency,COPD Exacerbation,3,3,9,1,6.1,1.43,117,0
PAT-14528,69,Male,Emergency,Heart Failure,7,2,5,0,8.2,8.05,153,0
PAT-14529,41,Female,Urgent,Type 2 Diabetes,4,3,5,2,7.1,2.55,148,0
PAT-14530,48,Male,Emergency,Total Hip Arthroplasty,1,3,8,1,8.3,1.72,121,0
PAT-14531,42,Male,Elective,Heart Failure,7,2,5,5,5.8,0.85,116,1
PAT-14532,46,Female,Emergency,Heart Failure,5,1,13,1,5.4,1.94,129,1
PAT-14533,51,Female,Elective,Pneumonia,6,2,12,1,5.5,1.21,133,0
PAT-14534,68,Male,Emergency,Heart Failure,5,3,4,1,7.5,1.17,125,1
PAT-14535,70,Female,Emergency,Total Hip Arthroplasty,3,2,5,0,6.6,0.5,100,0
PAT-14536,60,Male,Emergency,Heart Failure,4,4,5,0,7.1,0.55,142,0
PAT-14537,72,Female,Elective,COPD Exacerbation,4,5,8,1,9.4,0.84,128,1
PAT-14538,30,Male,Emergency,Type 2 Diabetes,5,0,11,1,3.8,1.59,111,0
PAT-14539,31,Female,Elective,Sepsis,6,2,6,0,8.5,1.2,103,0
PAT-14540,40,Female,Emergency,COPD Exacerbation,3,3,7,0,7.0,0.9,141,0
PAT-14541,66,Male,Elective,Pneumonia,6,3,10,1,8.5,3.38,134,0
PAT-14542,44,Female,Emergency,Ischemic Stroke,9,4,13,1,4.6,1.25,111,1
PAT-14543,50,Female,Elective,Heart Failure,7,3,7,2,6.2,0.52,124,0
PAT-14544,58,Female,Emergency,COPD Exacerbation,4,1,13,2,7.7,1.82,137,0
PAT-14545,82,Female,Elective,Ischemic Stroke,10,3,5,1,6.2,1.65,128,0
PAT-14546,20,Male,Emergency,Acute Myocardial Infarction,3,3,7,0,7.7,7.54,148,0
PAT-14547,74,Male,Elective,Acute Myocardial Infarction,3,3,7,0,8.6,3.05,120,1
PAT-14548,75,Male,Urgent,Heart Failure,5,3,7,1,8.6,2.07,155,0
PAT-14549,82,Male,Emergency,Heart Failure,9,1,13,0,4.5,0.86,124,0
PAT-14550,88,Female,Emergency,Heart Failure,10,3,10,1,5.6,1.24,153,1
PAT-14551,21,Female,Elective,Ischemic Stroke,6,3,10,1,5.6,1.64,122,0
PAT-14552,38,Male,Elective,Ischemic Stroke,5,2,15,2,7.8,1.2,132,0
PAT-14553,86,Male,Emergency,Type 2 Diabetes,4,6,9,0,8.8,1.85,114,1
PAT-14554,62,Female,Emergency,Type 2 Diabetes,2,3,7,1,5.7,0.67,169,1
PAT-14555,69,Female,Emergency,Heart Failure,4,2,8,1,6.1,0.71,130,1
PAT-14556,75,Female,Emergency,Type 2 Diabetes,3,3,9,0,8.8,6.36,114,0
PAT-14557,75,Male,Emergency,Type 2 Diabetes,4,0,14,1,8.2,1.58,125,0
PAT-14558,88,Male,Elective,Acute Myocardial Infarction,6,0,12,0,7.2,0.66,146,1
PAT-14559,91,Female,Emergency,Sepsis,10,2,10,2,10.3,1.12,112,1
PAT-14560,78,Male,Elective,Acute Myocardial Infarction,5,4,9,2,7.3,6.63,134,0
PAT-14561,50,Female,Urgent,COPD Exacerbation,6,2,11,0,6.5,0.61,146,0
PAT-14562,86,Female,Emergency,Acute Myocardial Infarction,5,1,7,1,4.5,1.55,114,0
PAT-14563,25,Male,Elective,Acute Myocardial Infarction,3,7,10,1,2.7,2.16,126,1
PAT-14564,45,Female,Urgent,Pneumonia,5,2,7,0,9.3,4.39,124,0
PAT-14565,87,Female,Emergency,Type 2 Diabetes,8,0,9,0,4.7,0.97,111,1
PAT-14566,47,Male,Emergency,Type 2 Diabetes,2,3,10,0,6.6,0.86,97,0
PAT-14567,44,Male,Urgent,Acute Myocardial Infarction,5,4,6,0,5.7,0.99,153,0
PAT-14568,36,Male,Urgent,Ischemic Stroke,4,2,14,2,3.8,1.05,144,1
PAT-14569,85,Female,Emergency,COPD Exacerbation,6,2,10,0,8.6,1.18,154,0
PAT-14570,65,Female,Emergency,Total Hip Arthroplasty,4,3,7,0,7.3,0.68,127,0
PAT-14571,75,Male,Emergency,Heart Failure,8,3,10,2,5.5,0.95,139,1
PAT-14572,46,Male,Emergency,Sepsis,7,3,10,2,6.4,0.98,137,1
PAT-14573,80,Male,Emergency,Sepsis,7,5,8,0,6.0,4.59,134,1
PAT-14574,80,Female,Elective,COPD Exacerbation,4,4,7,0,5.7,2.27,71,1
PAT-14575,52,Female,Urgent,Total Hip Arthroplasty,5,6,6,3,8.9,1.17,134,1
PAT-14576,59,Male,Emergency,COPD Exacerbation,9,1,9,1,6.6,4.76,129,1
PAT-14577,43,Male,Elective,Type 2 Diabetes,5,4,6,1,4.9,1.33,107,1
PAT-14578,90,Female,Emergency,Type 2 Diabetes,2,3,14,0,7.0,0.99,102,0
PAT-14579,74,Female,Emergency,COPD Exacerbation,7,0,4,0,7.9,0.56,137,1
PAT-14580,88,Female,Emergency,Total Hip Arthroplasty,2,2,8,1,5.6,2.02,133,0
PAT-14581,51,Female,Emergency,Heart Failure,4,3,9,0,8.5,2.59,137,0
PAT-14582,81,Female,Emergency,COPD Exacerbation,6,1,8,1,8.2,1.16,152,0
PAT-14583,80,Female,Urgent,Acute Myocardial Infarction,6,0,8,1,6.2,5.21,156,0
PAT-14584,76,Male,Emergency,Heart Failure,6,3,10,3,4.8,1.72,116,1
PAT-14585,90,Female,Elective,Heart Failure,5,3,10,0,8.2,1.69,126,1
PAT-14586,58,Male,Emergency,Type 2 Diabetes,6,2,10,1,8.7,0.69,144,1
PAT-14587,35,Female,Emergency,Type 2 Diabetes,2,3,17,1,5.8,0.56,162,0
PAT-14588,75,Male,Emergency,Heart Failure,8,1,7,0,6.3,1.0,155,1
PAT-14589,78,Female,Elective,Heart Failure,3,2,12,0,7.7,1.72,127,1
PAT-14590,69,Male,Emergency,Heart Failure,6,0,8,2,8.8,0.76,131,1
PAT-14591,43,Male,Elective,COPD Exacerbation,2,5,8,1,9.5,3.58,144,0
PAT-14592,65,Male,Urgent,Acute Myocardial Infarction,3,0,6,0,5.9,0.51,119,0
PAT-14593,52,Male,Elective,Acute Myocardial Infarction,3,5,9,1,8.0,1.04,158,1
PAT-14594,60,Female,Emergency,COPD Exacerbation,8,1,12,2,7.6,0.85,147,1
PAT-14595,74,Male,Elective,Ischemic Stroke,10,2,11,1,8.1,1.51,120,1
PAT-14596,79,Male,Emergency,Total Hip Arthroplasty,6,2,8,3,4.9,3.35,140,0
PAT-14597,45,Male,Elective,Ischemic Stroke,6,6,12,0,7.5,0.91,156,1
PAT-14598,59,Female,Emergency,Pneumonia,6,2,15,3,4.4,1.04,145,1
PAT-14599,48,Male,Emergency,Total Hip Arthroplasty,5,3,4,0,8.8,2.98,130,0
PAT-14600,42,Female,Emergency,Acute Myocardial Infarction,5,5,9,1,7.4,2.71,122,0
PAT-14601,81,Female,Emergency,Type 2 Diabetes,5,2,5,0,7.1,0.65,116,0
PAT-14602,87,Female,Emergency,Heart Failure,9,5,7,1,6.7,1.88,157,1
PAT-14603,56,Female,Urgent,Acute Myocardial Infarction,6,0,8,3,9.1,1.29,88,0
PAT-14604,79,Male,Urgent,Heart Failure,6,1,2,2,5.3,3.4,95,1
PAT-14605,87,Male,Emergency,Type 2 Diabetes,4,3,12,0,7.1,0.92,153,0
PAT-14606,84,Male,Emergency,Pneumonia,6,2,5,2,9.1,1.67,120,1
PAT-14607,41,Male,Emergency,Acute Myocardial Infarction,3,2,8,1,6.7,3.59,105,0
PAT-14608,89,Female,Emergency,Total Hip Arthroplasty,5,1,10,0,10.0,1.16,140,1
PAT-14609,57,Male,Urgent,COPD Exacerbation,6,2,2,0,9.3,1.78,134,1
PAT-14610,54,Female,Elective,Acute Myocardial Infarction,1,3,6,0,8.7,2.37,125,1
PAT-14611,27,Male,Emergency,Type 2 Diabetes,1,0,9,1,7.2,1.39,121,0
PAT-14612,64,Male,Emergency,Acute Myocardial Infarction,3,2,10,0,9.6,1.03,136,1
PAT-14613,33,Male,Elective,Pneumonia,4,1,10,0,9.6,1.21,156,0
PAT-14614,47,Male,Elective,Sepsis,10,2,5,0,5.8,1.37,126,1
PAT-14615,52,Male,Elective,Pneumonia,5,3,8,2,8.4,0.81,119,1
PAT-14616,82,Female,Emergency,Pneumonia,7,4,7,0,7.1,0.83,150,1
PAT-14617,86,Female,Emergency,Pneumonia,8,3,5,1,7.5,4.2,93,1
PAT-14618,51,Male,Emergency,Sepsis,6,3,11,0,6.3,2.42,132,1
PAT-14619,85,Female,Emergency,Ischemic Stroke,11,3,7,1,8.8,1.23,132,0
PAT-14620,85,Male,Emergency,Type 2 Diabetes,3,1,10,0,9.8,1.75,156,0
PAT-14621,80,Female,Elective,Pneumonia,10,2,10,1,6.4,1.51,162,0
PAT-14622,37,Female,Emergency,Acute Myocardial Infarction,3,5,4,0,6.2,1.11,143,0
PAT-14623,76,Male,Urgent,Total Hip Arthroplasty,3,3,6,1,7.7,0.83,162,1
PAT-14624,89,Female,Emergency,Pneumonia,5,0,9,1,7.6,1.23,161,0
PAT-14625,76,Female,Emergency,Heart Failure,6,3,6,0,6.2,0.66,124,1
PAT-14626,53,Female,Emergency,Type 2 Diabetes,8,3,7,0,8.3,2.1,133,0
PAT-14627,65,Female,Emergency,COPD Exacerbation,6,2,5,1,8.0,1.38,110,0
PAT-14628,74,Male,Urgent,Pneumonia,7,1,9,0,8.0,0.66,111,0
PAT-14629,66,Female,Emergency,Heart Failure,4,4,6,1,9.2,3.24,122,1
PAT-14630,34,Male,Emergency,Heart Failure,5,4,9,1,8.0,1.03,136,0
PAT-14631,52,Male,Urgent,Acute Myocardial Infarction,4,3,6,1,6.9,1.56,137,0
PAT-14632,82,Female,Emergency,Ischemic Stroke,7,2,10,2,7.0,2.17,115,1
PAT-14633,85,Male,Emergency,Total Hip Arthroplasty,5,1,7,1,4.7,1.14,124,0
PAT-14634,36,Male,Emergency,Acute Myocardial Infarction,1,2,8,0,6.0,2.44,134,0
PAT-14635,89,Female,Emergency,Sepsis,10,2,11,1,8.9,8.3,125,1
PAT-14636,53,Female,Emergency,Type 2 Diabetes,1,2,9,0,8.8,2.65,124,0
PAT-14637,74,Female,Emergency,COPD Exacerbation,5,2,7,2,7.7,4.39,143,1
PAT-14638,79,Male,Elective,Heart Failure,4,2,13,2,7.3,0.86,122,0
PAT-14639,82,Male,Urgent,Acute Myocardial Infarction,4,3,4,1,5.6,1.3,120,0
PAT-14640,89,Male,Emergency,Ischemic Stroke,5,2,8,1,5.0,1.83,139,1
PAT-14641,52,Male,Emergency,Sepsis,11,2,11,0,7.3,5.63,136,1
PAT-14642,85,Male,Emergency,COPD Exacerbation,4,2,8,2,7.6,1.34,136,1
PAT-14643,36,Male,Elective,Sepsis,6,2,3,1,5.7,2.01,153,1
PAT-14644,77,Male,Emergency,Ischemic Stroke,10,3,5,0,6.9,2.26,85,1
PAT-14645,79,Female,Elective,Type 2 Diabetes,6,6,8,1,8.9,0.77,162,1
PAT-14646,75,Male,Elective,Sepsis,5,2,9,2,7.6,0.56,150,1
PAT-14647,47,Male,Emergency,Type 2 Diabetes,6,3,12,2,7.2,1.08,126,0
PAT-14648,85,Male,Elective,Total Hip Arthroplasty,7,5,2,0,6.1,1.34,127,0
PAT-14649,39,Male,Emergency,Heart Failure,7,3,5,0,9.7,0.61,107,1
PAT-14650,26,Female,Emergency,Heart Failure,5,2,3,1,9.4,0.57,127,0
PAT-14651,77,Male,Emergency,Acute Myocardial Infarction,3,6,7,0,7.1,3.71,139,0
PAT-14652,63,Female,Emergency,Heart Failure,5,2,8,0,4.8,1.38,135,0
PAT-14653,84,Male,Elective,Heart Failure,3,0,13,0,8.4,0.62,146,1
PAT-14654,57,Female,Emergency,COPD Exacerbation,3,2,9,2,8.3,1.06,113,0
PAT-14655,39,Male,Emergency,Sepsis,6,1,6,0,5.8,1.04,121,0
PAT-14656,84,Male,Urgent,Type 2 Diabetes,3,3,9,0,4.4,0.9,134,0
PAT-14657,68,Male,Emergency,Sepsis,9,2,7,0,6.4,1.8,171,1
PAT-14658,41,Female,Emergency,Sepsis,7,5,8,1,6.4,0.88,141,1
PAT-14659,78,Male,Emergency,COPD Exacerbation,5,3,11,0,8.4,2.64,125,0
PAT-14660,66,Male,Elective,COPD Exacerbation,4,1,13,0,8.0,3.19,148,0
PAT-14661,71,Male,Urgent,Heart Failure,9,5,9,0,8.6,2.63,147,1
PAT-14662,62,Female,Emergency,Type 2 Diabetes,8,4,7,0,6.8,1.56,146,1
PAT-14663,83,Male,Urgent,Type 2 Diabetes,4,4,10,0,7.2,1.85,122,0
PAT-14664,83,Female,Emergency,Heart Failure,7,4,10,1,6.9,1.7,141,1
PAT-14665,77,Male,Emergency,Pneumonia,5,3,12,1,7.9,0.66,130,1
PAT-14666,33,Female,Emergency,Type 2 Diabetes,4,1,11,1,7.1,0.55,145,0
PAT-14667,84,Male,Elective,Acute Myocardial Infarction,4,4,5,1,8.9,4.63,135,0
PAT-14668,75,Male,Emergency,COPD Exacerbation,4,1,7,1,8.8,1.89,160,0
PAT-14669,76,Female,Urgent,Total Hip Arthroplasty,8,3,6,0,5.7,0.56,112,0
PAT-14670,56,Female,Emergency,Heart Failure,2,6,10,0,7.8,2.0,125,1
PAT-14671,86,Male,Emergency,Heart Failure,1,3,13,2,7.0,1.25,119,1
PAT-14672,78,Female,Emergency,COPD Exacerbation,7,3,5,0,6.0,1.99,125,0
PAT-14673,33,Male,Elective,Heart Failure,3,1,8,2,5.9,0.65,153,0
PAT-14674,59,Female,Emergency,Sepsis,7,2,7,0,6.5,0.57,113,1
PAT-14675,86,Female,Emergency,Pneumonia,13,0,9,0,8.9,2.37,141,0
PAT-14676,25,Female,Emergency,Pneumonia,6,2,9,1,6.8,1.37,133,0
PAT-14677,90,Male,Elective,Type 2 Diabetes,5,1,16,1,9.8,0.54,78,1
PAT-14678,75,Female,Elective,Type 2 Diabetes,3,3,9,2,8.3,0.88,127,1
PAT-14679,73,Male,Elective,Pneumonia,7,6,6,1,7.6,2.41,113,1
PAT-14680,48,Male,Emergency,Heart Failure,1,1,7,0,6.6,2.98,98,0
PAT-14681,47,Female,Urgent,Heart Failure,4,6,8,1,5.7,2.65,139,1
PAT-14682,89,Male,Elective,Pneumonia,7,5,8,0,8.8,1.68,138,1
PAT-14683,51,Female,Emergency,Heart Failure,5,0,4,0,6.7,3.45,159,1
PAT-14684,81,Male,Emergency,Acute Myocardial Infarction,5,3,6,1,5.8,4.68,119,0
PAT-14685,58,Female,Emergency,Type 2 Diabetes,2,0,9,0,5.9,1.48,114,0
PAT-14686,36,Female,Emergency,Heart Failure,6,3,10,0,6.9,1.04,140,0
PAT-14687,19,Male,Elective,Type 2 Diabetes,1,3,8,0,6.2,1.51,135,0
PAT-14688,68,Male,Elective,Type 2 Diabetes,3,1,10,0,5.6,1.54,140,1
PAT-14689,90,Female,Elective,Heart Failure,5,6,6,2,6.0,1.57,125,1
PAT-14690,56,Male,Emergency,Heart Failure,7,2,12,1,7.1,0.77,121,1
PAT-14691,55,Female,Elective,Type 2 Diabetes,3,6,9,2,5.4,0.6,119,0
PAT-14692,54,Male,Emergency,Type 2 Diabetes,4,2,7,1,6.6,0.72,134,0
PAT-14693,66,Male,Emergency,Sepsis,10,2,12,0,5.9,0.81,147,0
PAT-14694,61,Female,Elective,Sepsis,5,1,5,0,6.9,1.52,133,0
PAT-14695,86,Female,Emergency,Heart Failure,6,2,9,2,6.8,1.37,137,1
PAT-14696,65,Female,Elective,Heart Failure,2,1,7,1,5.9,2.9,105,0
PAT-14697,65,Female,Elective,COPD Exacerbation,6,5,5,2,8.2,0.52,131,1
PAT-14698,36,Female,Elective,Sepsis,6,3,7,2,5.6,0.57,127,1
PAT-14699,91,Male,Emergency,Ischemic Stroke,10,2,7,2,7.1,1.22,121,1
PAT-14700,47,Male,Elective,Heart Failure,4,4,8,0,8.9,1.01,145,0
PAT-14701,29,Female,Urgent,Pneumonia,3,2,11,1,8.4,1.34,147,0
PAT-14702,75,Male,Elective,Acute Myocardial Infarction,7,0,9,0,3.6,2.22,134,1
PAT-14703,71,Male,Elective,Sepsis,7,2,7,0,5.9,1.17,154,1
PAT-14704,59,Male,Elective,Heart Failure,7,4,9,1,6.7,1.51,144,1
PAT-14705,60,Female,Emergency,Acute Myocardial Infarction,5,3,10,0,7.5,1.03,129,1
PAT-14706,81,Male,Elective,Type 2 Diabetes,4,5,9,0,4.5,1.66,134,1
PAT-14707,42,Female,Elective,Heart Failure,2,3,9,2,9.9,0.6,101,0
PAT-14708,83,Female,Elective,Pneumonia,9,2,8,0,6.4,0.64,141,1
PAT-14709,74,Female,Elective,Heart Failure,7,0,4,0,8.5,1.59,144,0
PAT-14710,60,Female,Emergency,Acute Myocardial Infarction,3,0,6,2,7.6,1.57,153,1
PAT-14711,62,Female,Emergency,Acute Myocardial Infarction,5,3,14,0,5.6,1.65,124,1
PAT-14712,47,Male,Emergency,Sepsis,10,2,4,1,5.0,0.55,138,1
PAT-14713,79,Female,Emergency,Type 2 Diabetes,5,8,10,0,6.3,1.6,136,1
PAT-14714,66,Male,Emergency,Heart Failure,6,2,6,0,10.2,4.51,116,0
PAT-14715,52,Female,Emergency,Type 2 Diabetes,5,2,6,2,4.9,0.95,137,0
PAT-14716,71,Male,Emergency,Pneumonia,10,4,9,3,6.1,0.52,127,1
PAT-14717,91,Male,Elective,Acute Myocardial Infarction,5,3,7,1,5.8,0.8,162,0
PAT-14718,61,Female,Emergency,Pneumonia,3,4,7,1,8.6,1.67,136,1
PAT-14719,88,Female,Emergency,COPD Exacerbation,3,3,1,0,7.1,1.17,158,0
PAT-14720,54,Male,Emergency,Pneumonia,4,1,5,3,9.4,2.55,123,1
PAT-14721,26,Female,Emergency,Heart Failure,2,1,4,0,9.1,3.0,119,0
PAT-14722,43,Female,Emergency,COPD Exacerbation,1,7,14,0,10.5,1.01,155,0
PAT-14723,60,Female,Emergency,Pneumonia,10,2,7,1,9.4,5.89,150,1
PAT-14724,44,Male,Urgent,Sepsis,9,1,10,5,5.5,2.84,132,1
PAT-14725,18,Male,Emergency,Acute Myocardial Infarction,2,0,14,0,9.4,0.55,139,0
PAT-14726,88,Male,Elective,Heart Failure,6,3,14,0,6.3,0.59,147,0
PAT-14727,84,Male,Elective,Pneumonia,3,1,8,0,7.2,2.49,148,1
PAT-14728,79,Male,Urgent,Acute Myocardial Infarction,7,2,9,1,8.1,1.97,149,1
PAT-14729,39,Male,Emergency,Heart Failure,1,0,6,0,8.5,3.71,113,0
PAT-14730,34,Male,Emergency,Sepsis,9,2,6,0,7.5,3.11,132,0
PAT-14731,28,Female,Emergency,Type 2 Diabetes,1,1,6,1,9.4,0.66,128,0
PAT-14732,78,Female,Emergency,Pneumonia,6,4,8,0,5.7,3.05,120,1
PAT-14733,88,Male,Emergency,Ischemic Stroke,10,1,13,0,7.2,0.72,168,1
PAT-14734,60,Male,Elective,COPD Exacerbation,2,3,5,0,5.9,1.25,120,0
PAT-14735,34,Female,Emergency,Pneumonia,5,4,7,0,6.7,2.9,163,0
PAT-14736,66,Female,Emergency,Heart Failure,7,2,6,0,5.6,1.33,148,0
PAT-14737,55,Male,Emergency,Heart Failure,6,1,9,1,6.8,0.91,149,0
PAT-14738,56,Male,Urgent,COPD Exacerbation,5,2,8,2,4.6,0.9,119,0
PAT-14739,72,Female,Elective,Pneumonia,7,0,6,1,8.3,0.86,128,1
PAT-14740,78,Male,Emergency,Type 2 Diabetes,3,1,10,1,7.7,0.51,143,1
PAT-14741,33,Male,Emergency,Total Hip Arthroplasty,6,2,12,1,6.4,1.41,133,0
PAT-14742,23,Male,Emergency,Type 2 Diabetes,1,2,4,1,7.0,0.88,122,0
PAT-14743,91,Female,Elective,COPD Exacerbation,8,2,9,1,7.8,1.52,125,0
PAT-14744,45,Female,Elective,COPD Exacerbation,5,1,9,1,7.3,1.34,138,0
PAT-14745,26,Female,Elective,Pneumonia,6,4,8,1,5.8,1.58,101,0
PAT-14746,41,Female,Emergency,Pneumonia,7,2,11,1,7.1,1.61,135,0
PAT-14747,24,Male,Elective,Type 2 Diabetes,3,1,2,1,7.2,1.42,133,0
PAT-14748,58,Female,Elective,Total Hip Arthroplasty,1,3,8,0,7.1,2.33,136,0
PAT-14749,82,Male,Urgent,Pneumonia,6,3,9,5,5.6,3.49,107,1
PAT-14750,54,Female,Elective,Pneumonia,3,1,2,0,7.7,0.88,144,0
PAT-14751,61,Female,Emergency,COPD Exacerbation,4,0,7,0,6.2,3.19,116,0
PAT-14752,75,Male,Emergency,Heart Failure,6,4,5,3,7.1,0.68,125,1
PAT-14753,65,Male,Emergency,Sepsis,10,3,8,0,4.8,4.07,150,1
PAT-14754,85,Female,Elective,Pneumonia,8,4,5,0,7.8,1.25,111,0
PAT-14755,85,Male,Elective,COPD Exacerbation,2,3,10,1,6.1,0.61,135,0
PAT-14756,19,Female,Emergency,Acute Myocardial Infarction,2,3,10,1,7.9,3.88,124,1
PAT-14757,81,Male,Emergency,Total Hip Arthroplasty,3,3,6,1,9.1,0.59,151,1
PAT-14758,62,Male,Emergency,Pneumonia,3,4,6,2,8.0,2.19,146,1
PAT-14759,91,Female,Urgent,Sepsis,8,2,3,1,4.4,3.22,152,1
PAT-14760,64,Male,Emergency,Type 2 Diabetes,4,1,11,0,6.5,0.73,130,1
PAT-14761,91,Male,Emergency,COPD Exacerbation,9,4,9,0,7.7,0.62,129,0
PAT-14762,79,Female,Emergency,Heart Failure,4,2,5,1,5.3,0.84,131,1
PAT-14763,47,Female,Emergency,Heart Failure,2,3,9,3,8.1,4.77,135,1
PAT-14764,67,Male,Elective,Heart Failure,4,3,9,1,6.4,1.97,108,0
PAT-14765,91,Female,Urgent,Type 2 Diabetes,6,1,7,1,6.3,2.64,156,0
PAT-14766,85,Female,Emergency,Heart Failure,9,7,10,2,5.5,0.87,113,1
PAT-14767,32,Male,Elective,COPD Exacerbation,4,1,12,0,7.3,0.57,144,0
PAT-14768,77,Female,Emergency,Type 2 Diabetes,1,7,14,0,7.5,1.52,126,0
PAT-14769,54,Female,Urgent,Acute Myocardial Infarction,2,4,6,0,6.8,0.5,141,0
PAT-14770,19,Male,Emergency,Heart Failure,4,4,6,0,9.2,3.73,136,0
PAT-14771,58,Male,Emergency,Type 2 Diabetes,6,1,3,4,6.4,2.03,143,0
PAT-14772,45,Female,Emergency,Pneumonia,9,1,11,1,9.3,2.77,138,0
PAT-14773,83,Female,Emergency,Pneumonia,5,0,6,3,9.0,3.83,142,1
PAT-14774,54,Male,Emergency,Heart Failure,5,2,9,1,6.0,1.02,160,0
PAT-14775,83,Male,Elective,Ischemic Stroke,6,1,13,3,5.7,2.11,129,1
PAT-14776,18,Female,Elective,Type 2 Diabetes,1,1,7,0,9.6,1.7,168,0
PAT-14777,51,Female,Emergency,Acute Myocardial Infarction,2,1,11,0,7.0,1.88,139,1
PAT-14778,46,Female,Elective,Type 2 Diabetes,2,1,17,1,8.1,1.89,138,0
PAT-14779,45,Male,Emergency,Total Hip Arthroplasty,1,5,14,0,6.5,1.04,136,0
PAT-14780,28,Male,Elective,Pneumonia,10,2,8,1,7.1,1.28,128,0
PAT-14781,41,Male,Elective,Total Hip Arthroplasty,1,6,12,1,7.6,2.41,97,1
PAT-14782,68,Male,Elective,Type 2 Diabetes,6,3,6,1,7.7,2.42,163,0
PAT-14783,50,Male,Emergency,Heart Failure,3,2,9,0,7.3,0.54,134,1
PAT-14784,59,Female,Emergency,Pneumonia,10,0,9,0,9.0,1.13,98,1
PAT-14785,57,Male,Emergency,Pneumonia,7,2,5,2,8.9,1.48,106,0
PAT-14786,86,Male,Emergency,Heart Failure,8,1,9,0,7.2,0.62,155,1
PAT-14787,87,Male,Elective,Type 2 Diabetes,4,3,9,3,6.9,1.64,145,1
PAT-14788,64,Female,Emergency,Sepsis,11,1,9,1,10.1,2.54,130,1
PAT-14789,53,Male,Emergency,Heart Failure,5,1,9,0,6.9,0.55,144,0
PAT-14790,33,Female,Emergency,Pneumonia,4,1,10,0,7.4,3.8,131,0
PAT-14791,89,Female,Emergency,COPD Exacerbation,4,4,6,2,9.2,4.43,138,1
PAT-14792,27,Male,Elective,Acute Myocardial Infarction,3,5,8,2,8.0,1.52,128,0
PAT-14793,51,Male,Emergency,Heart Failure,4,2,6,1,6.5,0.75,123,0
PAT-14794,51,Female,Elective,COPD Exacerbation,6,1,5,0,6.7,1.07,154,0
PAT-14795,52,Male,Emergency,Heart Failure,4,1,9,3,7.4,0.77,131,0
PAT-14796,39,Female,Urgent,Type 2 Diabetes,1,4,6,7,8.4,3.13,102,1
PAT-14797,81,Female,Urgent,Pneumonia,8,1,3,1,6.6,1.0,136,0
PAT-14798,35,Female,Elective,Total Hip Arthroplasty,5,5,11,3,7.3,0.7,135,1
PAT-14799,73,Male,Urgent,Heart Failure,2,0,7,1,7.3,0.59,140,0
PAT-14800,35,Male,Emergency,Heart Failure,8,3,7,2,7.4,1.03,110,1
PAT-14801,28,Male,Urgent,COPD Exacerbation,6,5,7,1,5.2,1.01,148,1
PAT-14802,87,Male,Elective,Type 2 Diabetes,4,2,10,1,5.0,1.64,142,0
PAT-14803,41,Female,Urgent,COPD Exacerbation,2,3,12,2,6.9,1.75,163,1
PAT-14804,83,Female,Elective,Ischemic Stroke,10,1,9,0,4.7,1.28,125,1
PAT-14805,68,Male,Elective,Ischemic Stroke,4,2,9,1,7.1,0.77,130,0
PAT-14806,29,Female,Emergency,Type 2 Diabetes,1,3,8,2,7.9,2.92,118,1
PAT-14807,89,Male,Emergency,Pneumonia,5,1,7,1,8.3,0.66,142,0
PAT-14808,47,Male,Emergency,Total Hip Arthroplasty,2,3,6,2,5.5,1.4,133,1
PAT-14809,85,Male,Urgent,Heart Failure,9,4,9,0,7.4,1.69,136,0
PAT-14810,39,Female,Emergency,Pneumonia,6,1,13,1,7.1,0.99,134,0
PAT-14811,85,Female,Elective,Type 2 Diabetes,7,3,12,0,7.5,3.49,107,1
PAT-14812,20,Female,Emergency,Type 2 Diabetes,1,2,8,0,6.7,2.5,136,0
PAT-14813,66,Female,Emergency,Ischemic Stroke,7,1,6,0,6.2,3.69,106,0
PAT-14814,80,Male,Urgent,Acute Myocardial Infarction,3,1,6,1,8.0,2.01,134,0
PAT-14815,88,Female,Elective,Pneumonia,7,4,8,2,5.8,2.85,137,0
PAT-14816,87,Female,Elective,Sepsis,8,4,7,0,8.4,2.76,141,1
PAT-14817,83,Female,Emergency,Pneumonia,7,2,8,2,8.7,0.81,151,0
PAT-14818,86,Female,Emergency,Total Hip Arthroplasty,4,4,8,0,5.0,3.4,124,0
PAT-14819,42,Male,Emergency,Type 2 Diabetes,2,2,6,1,7.1,0.86,133,0
PAT-14820,50,Female,Emergency,Type 2 Diabetes,8,4,4,0,6.0,0.84,172,1
PAT-14821,50,Female,Emergency,Type 2 Diabetes,7,3,12,1,6.1,0.55,132,1
PAT-14822,57,Female,Emergency,COPD Exacerbation,8,0,3,0,8.1,2.12,136,0
PAT-14823,58,Female,Emergency,Type 2 Diabetes,7,3,7,1,7.9,1.78,106,1
PAT-14824,68,Female,Elective,Heart Failure,8,5,7,1,8.9,2.99,114,1
PAT-14825,38,Female,Emergency,Ischemic Stroke,6,4,13,1,6.7,2.84,136,0
PAT-14826,76,Female,Emergency,Total Hip Arthroplasty,3,2,9,0,6.0,0.97,98,0
PAT-14827,39,Male,Emergency,COPD Exacerbation,4,0,8,1,7.7,2.5,126,0
PAT-14828,52,Male,Urgent,Total Hip Arthroplasty,2,2,11,1,8.1,0.96,165,0
PAT-14829,65,Male,Emergency,Total Hip Arthroplasty,1,4,5,0,6.6,1.2,126,0
PAT-14830,82,Female,Emergency,Acute Myocardial Infarction,6,3,17,0,6.0,1.92,126,0
PAT-14831,79,Female,Emergency,Pneumonia,4,2,6,0,6.9,1.26,146,1
PAT-14832,74,Male,Urgent,Total Hip Arthroplasty,4,4,11,0,7.6,0.92,123,0
PAT-14833,38,Female,Elective,COPD Exacerbation,2,0,3,0,6.0,1.49,148,0
PAT-14834,68,Male,Elective,Heart Failure,5,2,9,0,6.6,2.42,190,0
PAT-14835,30,Female,Emergency,Type 2 Diabetes,3,2,10,1,7.2,1.46,118,0
PAT-14836,57,Female,Elective,Pneumonia,5,4,9,1,5.2,1.84,122,1
PAT-14837,59,Male,Elective,Total Hip Arthroplasty,1,3,6,2,6.2,1.99,136,0
PAT-14838,24,Female,Emergency,COPD Exacerbation,1,3,4,3,6.7,0.81,138,1
PAT-14839,49,Female,Urgent,Total Hip Arthroplasty,3,3,9,2,9.0,1.87,112,0
PAT-14840,89,Female,Emergency,Acute Myocardial Infarction,4,1,12,1,6.4,1.8,138,1
PAT-14841,89,Female,Emergency,Type 2 Diabetes,6,2,9,3,3.9,1.32,154,1
PAT-14842,55,Female,Urgent,Acute Myocardial Infarction,4,6,7,0,6.4,2.4,127,0
PAT-14843,25,Male,Elective,Heart Failure,3,1,7,1,8.6,0.86,164,0
PAT-14844,40,Male,Emergency,Pneumonia,6,4,7,0,5.8,0.52,165,1
PAT-14845,58,Male,Emergency,Sepsis,7,2,10,1,7.5,1.97,127,1
PAT-14846,89,Female,Elective,COPD Exacerbation,7,3,9,4,9.9,0.92,119,1
PAT-14847,37,Male,Emergency,Sepsis,7,2,7,0,8.3,1.35,143,0
PAT-14848,80,Male,Emergency,Type 2 Diabetes,10,5,10,1,6.5,2.33,129,0
PAT-14849,33,Female,Emergency,Acute Myocardial Infarction,1,0,9,1,5.1,0.66,153,0
PAT-14850,91,Male,Urgent,Type 2 Diabetes,4,2,6,1,4.7,2.19,133,1
PAT-14851,57,Male,Urgent,COPD Exacerbation,4,2,8,0,8.5,1.29,132,0
PAT-14852,81,Male,Emergency,Pneumonia,4,2,5,1,6.6,0.59,147,1
PAT-14853,54,Female,Emergency,COPD Exacerbation,6,3,12,0,7.0,2.45,122,0
PAT-14854,73,Female,Emergency,Heart Failure,5,6,8,0,7.0,2.38,126,1
PAT-14855,42,Male,Emergency,Type 2 Diabetes,1,4,4,1,4.7,0.92,129,0
PAT-14856,37,Female,Elective,COPD Exacerbation,5,2,5,2,10.1,1.12,122,0
PAT-14857,89,Male,Emergency,COPD Exacerbation,5,5,10,1,4.5,3.87,125,1
PAT-14858,88,Male,Emergency,COPD Exacerbation,6,4,8,0,2.3,3.14,151,1
PAT-14859,86,Male,Elective,Pneumonia,8,0,7,0,7.8,1.34,135,0
PAT-14860,72,Female,Emergency,Ischemic Stroke,6,5,10,0,7.4,0.65,158,0
PAT-14861,82,Male,Emergency,Total Hip Arthroplasty,3,5,7,2,5.9,0.87,114,0
PAT-14862,28,Female,Emergency,Type 2 Diabetes,7,1,8,1,6.9,0.58,93,0
PAT-14863,54,Male,Elective,Type 2 Diabetes,1,2,11,2,7.2,1.64,119,1
PAT-14864,52,Male,Emergency,COPD Exacerbation,2,1,9,1,7.2,3.09,126,0
PAT-14865,73,Female,Emergency,Heart Failure,3,2,10,1,9.8,1.09,133,0
PAT-14866,55,Male,Emergency,Type 2 Diabetes,7,2,8,1,7.1,5.51,117,0
PAT-14867,37,Female,Urgent,Type 2 Diabetes,1,4,6,2,6.3,0.86,129,0
PAT-14868,71,Female,Emergency,Type 2 Diabetes,5,2,7,2,7.8,0.97,150,0
PAT-14869,83,Female,Urgent,COPD Exacerbation,5,4,4,1,7.4,4.57,140,1
PAT-14870,57,Female,Elective,Pneumonia,7,2,9,0,8.8,2.34,139,0
PAT-14871,36,Female,Elective,Heart Failure,4,1,8,2,9.6,2.49,77,0
PAT-14872,42,Female,Emergency,Total Hip Arthroplasty,3,3,5,1,5.7,1.0,122,0
PAT-14873,46,Male,Emergency,Total Hip Arthroplasty,5,0,11,0,7.9,2.09,165,0
PAT-14874,51,Male,Emergency,Sepsis,9,3,6,0,6.8,4.5,139,1
PAT-14875,73,Male,Emergency,Pneumonia,5,2,4,0,8.8,1.5,117,0
PAT-14876,71,Female,Urgent,Heart Failure,6,2,12,1,7.7,2.21,121,0
PAT-14877,76,Male,Emergency,Heart Failure,11,2,6,0,6.6,0.91,144,1
PAT-14878,56,Male,Emergency,Type 2 Diabetes,5,2,12,0,7.7,1.16,120,1
PAT-14879,83,Female,Emergency,Type 2 Diabetes,5,1,10,2,5.2,1.31,153,1
PAT-14880,43,Male,Elective,Total Hip Arthroplasty,1,2,11,1,9.9,0.71,119,0
PAT-14881,63,Female,Emergency,Ischemic Stroke,8,3,8,1,6.4,3.06,131,0
PAT-14882,82,Male,Emergency,Sepsis,11,3,15,1,5.3,1.19,157,1
PAT-14883,40,Female,Emergency,Acute Myocardial Infarction,4,5,9,0,5.5,3.35,147,0
PAT-14884,33,Female,Elective,COPD Exacerbation,4,5,11,1,7.5,1.62,151,0
PAT-14885,86,Male,Emergency,Acute Myocardial Infarction,11,4,7,3,7.2,1.19,137,1
PAT-14886,54,Female,Emergency,Ischemic Stroke,8,4,20,0,6.6,2.54,128,1
PAT-14887,76,Female,Emergency,COPD Exacerbation,8,5,9,1,7.2,2.96,146,1
PAT-14888,22,Male,Urgent,Heart Failure,4,7,5,2,8.6,0.53,163,1
PAT-14889,76,Male,Elective,Heart Failure,5,3,14,0,8.5,2.64,129,1
PAT-14890,52,Male,Elective,COPD Exacerbation,6,0,6,0,8.0,1.06,124,0
PAT-14891,26,Female,Elective,Type 2 Diabetes,2,2,11,1,5.7,0.91,130,0
PAT-14892,72,Female,Emergency,Total Hip Arthroplasty,3,5,5,0,3.9,3.05,114,0
PAT-14893,46,Male,Elective,COPD Exacerbation,5,1,9,0,7.5,0.96,112,0
PAT-14894,57,Female,Emergency,Acute Myocardial Infarction,3,1,9,0,7.3,0.82,124,0
PAT-14895,30,Female,Emergency,Heart Failure,4,1,7,0,8.0,3.07,137,0
PAT-14896,37,Male,Emergency,Pneumonia,5,4,7,2,8.4,1.89,118,1
PAT-14897,51,Female,Emergency,Pneumonia,8,2,10,2,7.8,1.63,119,1
PAT-14898,31,Female,Emergency,Acute Myocardial Infarction,2,1,6,1,7.8,0.86,130,0
PAT-14899,87,Female,Emergency,Pneumonia,3,3,12,1,8.0,0.75,148,1
PAT-14900,19,Female,Elective,Ischemic Stroke,4,2,9,2,8.3,1.05,157,0
PAT-14901,64,Female,Elective,Acute Myocardial Infarction,5,7,8,0,8.0,1.91,115,0
PAT-14902,35,Female,Emergency,COPD Exacerbation,6,5,5,1,7.3,0.78,158,1
PAT-14903,51,Female,Emergency,Total Hip Arthroplasty,1,2,9,1,6.2,1.46,123,0
PAT-14904,88,Male,Urgent,Ischemic Stroke,9,0,6,0,6.3,1.56,165,1
PAT-14905,39,Male,Elective,Heart Failure,7,2,6,0,9.7,2.07,150,0
PAT-14906,90,Female,Urgent,Sepsis,11,1,11,1,7.9,1.6,125,0
PAT-14907,43,Female,Emergency,Heart Failure,3,2,10,0,8.4,0.6,117,1
PAT-14908,79,Female,Emergency,Pneumonia,5,5,4,0,6.5,4.81,117,0
PAT-14909,68,Female,Emergency,Heart Failure,6,0,7,2,4.1,2.62,114,1
PAT-14910,86,Female,Elective,COPD Exacerbation,9,6,9,2,8.2,0.97,165,1
PAT-14911,68,Male,Emergency,Pneumonia,6,2,9,0,6.6,0.79,129,0
PAT-14912,67,Male,Emergency,COPD Exacerbation,5,2,6,1,8.1,1.09,106,0
PAT-14913,42,Male,Emergency,Acute Myocardial Infarction,1,1,11,1,6.9,0.93,105,0
PAT-14914,39,Female,Elective,COPD Exacerbation,3,1,11,1,7.3,2.02,135,1
PAT-14915,88,Female,Emergency,Type 2 Diabetes,3,6,3,0,8.5,2.45,123,0
PAT-14916,53,Male,Elective,Sepsis,8,0,10,0,6.5,0.75,156,0
PAT-14917,56,Female,Urgent,COPD Exacerbation,2,3,4,0,6.9,2.7,125,0
PAT-14918,80,Male,Elective,Pneumonia,6,3,7,2,5.1,0.86,128,0
PAT-14919,54,Female,Emergency,Ischemic Stroke,4,1,5,0,8.3,1.45,131,0
PAT-14920,89,Male,Urgent,Type 2 Diabetes,7,3,11,0,4.5,0.87,144,0
PAT-14921,79,Male,Emergency,Pneumonia,5,1,5,1,5.8,0.74,136,1
PAT-14922,71,Male,Emergency,Acute Myocardial Infarction,4,2,13,1,6.6,1.7,146,1
PAT-14923,86,Male,Urgent,Heart Failure,7,1,12,1,3.0,0.71,160,1
PAT-14924,26,Female,Emergency,Type 2 Diabetes,1,1,7,1,5.2,3.74,121,0
PAT-14925,47,Female,Emergency,Sepsis,13,1,10,0,8.8,0.84,129,1
PAT-14926,63,Male,Emergency,Type 2 Diabetes,6,2,13,1,7.1,3.19,138,0
PAT-14927,45,Female,Emergency,Pneumonia,5,0,12,0,6.3,0.61,150,0
PAT-14928,79,Female,Emergency,COPD Exacerbation,6,1,2,1,5.0,1.08,151,0
PAT-14929,88,Female,Emergency,Acute Myocardial Infarction,1,2,6,2,7.6,1.17,154,1
PAT-14930,60,Female,Emergency,Acute Myocardial Infarction,7,5,15,0,8.7,1.65,113,1
PAT-14931,54,Female,Elective,Sepsis,9,5,11,0,5.7,3.36,136,0
PAT-14932,90,Male,Emergency,Pneumonia,7,3,12,0,5.3,2.49,88,1
PAT-14933,61,Female,Emergency,Acute Myocardial Infarction,6,2,3,0,4.1,0.78,132,0
PAT-14934,64,Female,Emergency,Acute Myocardial Infarction,6,4,7,1,8.9,2.89,152,1
PAT-14935,55,Male,Elective,Type 2 Diabetes,3,0,13,2,8.2,1.22,103,1
PAT-14936,87,Male,Elective,Ischemic Stroke,9,3,11,1,10.1,0.55,142,1
PAT-14937,69,Male,Urgent,Sepsis,11,1,6,1,7.8,2.41,126,0
PAT-14938,80,Female,Emergency,Type 2 Diabetes,5,2,9,1,6.7,0.55,140,0
PAT-14939,82,Male,Emergency,Acute Myocardial Infarction,5,0,8,2,7.4,1.13,133,0
PAT-14940,54,Female,Emergency,Acute Myocardial Infarction,5,4,9,1,7.7,0.8,134,0
PAT-14941,61,Female,Emergency,Pneumonia,9,2,5,0,5.6,2.16,124,0
PAT-14942,84,Female,Emergency,Sepsis,11,2,10,3,5.6,0.84,137,1
PAT-14943,56,Female,Urgent,Acute Myocardial Infarction,2,5,7,5,5.7,1.03,142,1
PAT-14944,82,Female,Emergency,COPD Exacerbation,7,5,11,0,7.1,2.85,128,1
PAT-14945,89,Male,Urgent,Type 2 Diabetes,6,4,10,2,5.4,0.54,105,0
PAT-14946,72,Female,Emergency,Pneumonia,9,1,10,0,9.0,0.89,141,0
PAT-14947,79,Female,Urgent,Pneumonia,7,3,10,2,9.2,1.01,165,1
PAT-14948,82,Female,Emergency,Acute Myocardial Infarction,5,2,10,3,6.0,0.94,126,1
PAT-14949,84,Female,Urgent,COPD Exacerbation,3,3,7,0,7.2,2.94,123,0
PAT-14950,58,Male,Emergency,Heart Failure,4,2,5,3,8.4,3.75,145,1
PAT-14951,26,Female,Urgent,Type 2 Diabetes,5,3,7,1,7.7,1.37,116,0
PAT-14952,58,Male,Emergency,Pneumonia,6,3,5,3,7.2,1.65,128,1
PAT-14953,75,Female,Emergency,Acute Myocardial Infarction,5,3,8,0,8.0,4.66,125,0
PAT-14954,62,Male,Emergency,Acute Myocardial Infarction,7,3,9,2,8.3,3.06,131,1
PAT-14955,79,Male,Emergency,Pneumonia,9,4,7,0,7.8,2.22,123,0
PAT-14956,55,Male,Elective,Heart Failure,3,8,8,0,6.4,1.12,134,1
PAT-14957,73,Male,Urgent,Type 2 Diabetes,7,3,7,1,8.2,1.07,141,1
PAT-14958,41,Male,Elective,Type 2 Diabetes,1,2,7,0,7.8,2.97,139,0
PAT-14959,79,Female,Elective,Sepsis,10,2,8,0,7.3,0.91,145,0
PAT-14960,68,Female,Emergency,Heart Failure,6,2,12,0,5.1,1.76,150,0
PAT-14961,43,Male,Elective,Pneumonia,8,1,13,1,7.5,3.41,153,0
PAT-14962,50,Male,Emergency,Acute Myocardial Infarction,5,0,5,0,6.7,1.43,128,0
PAT-14963,79,Female,Urgent,Ischemic Stroke,7,3,9,1,6.6,1.37,109,0
PAT-14964,64,Female,Emergency,Ischemic Stroke,7,0,7,0,4.9,1.57,128,0
PAT-14965,44,Male,Elective,Ischemic Stroke,11,3,5,1,7.3,1.23,122,0
PAT-14966,90,Female,Emergency,Acute Myocardial Infarction,6,5,9,0,7.0,1.67,113,1
PAT-14967,77,Female,Emergency,Acute Myocardial Infarction,6,4,6,0,6.9,1.26,149,0
PAT-14968,90,Female,Emergency,Acute Myocardial Infarction,2,3,8,4,5.7,0.76,137,1
PAT-14969,60,Male,Emergency,Sepsis,7,3,7,1,8.0,0.92,113,1
PAT-14970,63,Male,Emergency,Ischemic Stroke,8,6,13,2,6.1,1.43,166,1
PAT-14971,87,Female,Emergency,Pneumonia,4,5,7,0,7.2,0.71,152,1
PAT-14972,66,Female,Elective,Pneumonia,7,4,6,2,6.4,1.94,142,1
PAT-14973,77,Female,Emergency,Pneumonia,5,0,8,0,7.8,0.58,136,0
PAT-14974,47,Female,Urgent,COPD Exacerbation,2,2,12,2,7.7,0.65,131,0
PAT-14975,61,Male,Emergency,Acute Myocardial Infarction,3,1,9,0,8.7,1.0,136,0
PAT-14976,35,Male,Emergency,Total Hip Arthroplasty,5,2,12,1,7.5,0.58,125,0
PAT-14977,43,Female,Emergency,Pneumonia,6,2,8,2,6.5,1.17,113,0
PAT-14978,18,Male,Emergency,Type 2 Diabetes,1,1,12,4,8.7,1.35,118,0
PAT-14979,24,Male,Emergency,Ischemic Stroke,7,2,6,4,5.3,1.54,109,0
PAT-14980,90,Female,Emergency,Type 2 Diabetes,7,2,10,2,7.4,1.14,135,0
PAT-14981,46,Female,Emergency,Type 2 Diabetes,2,3,11,1,9.0,2.95,142,1
PAT-14982,75,Male,Elective,Acute Myocardial Infarction,7,2,9,1,9.4,1.82,107,0
PAT-14983,84,Female,Emergency,Heart Failure,8,2,5,2,6.9,0.97,137,1
PAT-14984,68,Male,Emergency,Pneumonia,8,3,10,0,8.1,3.82,152,1
PAT-14985,38,Female,Elective,Type 2 Diabetes,1,1,12,1,5.5,0.55,151,0
PAT-14986,78,Male,Elective,Heart Failure,3,3,7,0,8.5,1.42,169,1
PAT-14987,71,Male,Emergency,COPD Exacerbation,2,2,10,1,5.1,0.56,115,0
PAT-14988,78,Male,Elective,Type 2 Diabetes,3,4,7,0,7.5,1.41,125,0
PAT-14989,80,Male,Urgent,Pneumonia,6,3,7,0,7.8,2.96,125,0
PAT-14990,90,Male,Emergency,Heart Failure,6,4,11,2,4.6,1.01,136,1
PAT-14991,69,Male,Emergency,Acute Myocardial Infarction,5,3,9,3,6.5,1.06,139,0
PAT-14992,54,Female,Urgent,Type 2 Diabetes,7,0,12,6,7.5,1.42,98,1
PAT-14993,74,Female,Emergency,Type 2 Diabetes,4,2,5,0,7.6,0.51,146,0
PAT-14994,28,Male,Emergency,Type 2 Diabetes,2,2,7,1,7.0,2.46,133,0
PAT-14995,87,Male,Emergency,Pneumonia,3,4,8,0,4.7,1.57,146,1
PAT-14996,34,Female,Elective,Pneumonia,9,3,11,0,5.9,4.25,149,0
PAT-14997,53,Female,Urgent,Pneumonia,3,3,3,1,7.5,2.14,105,0
PAT-14998,83,Male,Elective,Ischemic Stroke,6,0,8,1,8.3,1.42,136,1
PAT-14999,71,Female,Urgent,Total Hip Arthroplasty,5,2,9,0,7.6,0.93,99,0
PAT-15000,58,Female,Emergency,COPD Exacerbation,5,4,5,1,7.8,2.88,156,0
PAT-15001,63,Male,Emergency,Heart Failure,9,1,11,0,5.8,0.87,148,0
PAT-15002,85,Male,Elective,COPD Exacerbation,7,2,11,0,7.3,0.59,118,0
PAT-15003,54,Female,Urgent,Heart Failure,5,2,9,2,4.7,0.98,127,1
PAT-15004,85,Female,Emergency,Acute Myocardial Infarction,7,2,9,1,7.6,0.68,121,0
PAT-15005,31,Female,Emergency,Pneumonia,7,1,14,0,5.9,1.38,151,0
PAT-15006,81,Female,Emergency,Sepsis,8,1,6,0,6.6,1.17,118,1
PAT-15007,84,Male,Emergency,Ischemic Stroke,10,2,13,0,6.3,1.95,108,0
PAT-15008,41,Female,Emergency,Pneumonia,5,5,8,0,8.3,1.97,107,1
PAT-15009,60,Female,Emergency,Pneumonia,6,5,7,0,8.6,1.12,124,1
PAT-15010,39,Female,Urgent,COPD Exacerbation,4,1,8,0,7.4,0.55,113,0
PAT-15011,77,Female,Emergency,Heart Failure,5,0,12,2,8.3,1.92,121,1
PAT-15012,67,Male,Elective,Total Hip Arthroplasty,2,5,7,0,8.7,0.63,162,0
PAT-15013,73,Female,Emergency,Pneumonia,8,2,13,0,6.9,1.37,104,1
PAT-15014,42,Male,Emergency,Heart Failure,1,1,11,1,5.9,1.25,137,0
PAT-15015,43,Male,Elective,Acute Myocardial Infarction,2,5,9,3,7.9,2.66,150,0
PAT-15016,24,Female,Urgent,Type 2 Diabetes,4,3,14,1,4.8,2.09,117,1
PAT-15017,53,Male,Emergency,Heart Failure,5,3,10,2,9.3,0.51,140,1
PAT-15018,69,Female,Urgent,COPD Exacerbation,7,2,7,1,8.5,0.63,124,0
PAT-15019,85,Male,Elective,Acute Myocardial Infarction,6,1,5,0,4.8,1.11,145,0
PAT-15020,75,Female,Emergency,COPD Exacerbation,3,4,7,1,7.4,1.22,110,1
PAT-15021,61,Male,Emergency,COPD Exacerbation,5,1,9,1,7.1,5.73,134,0
PAT-15022,89,Female,Elective,Heart Failure,7,2,12,1,7.9,0.76,106,1
PAT-15023,78,Male,Emergency,Pneumonia,7,5,13,0,5.2,2.21,146,1
PAT-15024,88,Female,Emergency,Type 2 Diabetes,4,2,12,0,7.8,1.06,123,1
PAT-15025,67,Male,Emergency,Ischemic Stroke,6,0,4,1,6.3,2.55,185,1
PAT-15026,48,Female,Emergency,Heart Failure,3,3,5,0,4.7,1.17,109,1
PAT-15027,26,Male,Urgent,Type 2 Diabetes,1,3,10,0,6.4,1.81,124,0
PAT-15028,78,Female,Emergency,Ischemic Stroke,4,1,11,5,9.0,1.51,139,1
PAT-15029,34,Female,Emergency,Ischemic Stroke,6,0,15,1,7.8,0.52,128,0
PAT-15030,51,Male,Emergency,Sepsis,6,0,11,0,7.4,1.33,109,0
PAT-15031,67,Male,Elective,Heart Failure,7,1,7,2,5.7,1.32,126,1
PAT-15032,69,Female,Elective,COPD Exacerbation,4,3,7,2,5.8,0.82,117,0
PAT-15033,71,Male,Urgent,Pneumonia,4,3,9,3,8.8,2.96,132,1
PAT-15034,39,Male,Elective,Sepsis,7,4,8,2,5.0,1.33,161,1
PAT-15035,57,Male,Emergency,Heart Failure,9,1,13,2,7.2,0.75,115,0
PAT-15036,72,Female,Emergency,Heart Failure,5,1,8,0,5.7,1.6,163,0
PAT-15037,90,Female,Emergency,Pneumonia,8,1,11,0,7.6,2.52,130,0
PAT-15038,78,Male,Elective,Heart Failure,6,3,10,0,5.0,1.07,114,0
PAT-15039,88,Female,Elective,Acute Myocardial Infarction,3,1,10,0,6.7,0.75,137,0
PAT-15040,80,Male,Urgent,Sepsis,12,2,8,0,7.8,1.33,139,1
PAT-15041,70,Female,Elective,Acute Myocardial Infarction,4,4,7,2,7.8,2.17,149,1
PAT-15042,42,Female,Emergency,Pneumonia,3,3,10,2,6.8,1.3,166,1
PAT-15043,75,Male,Emergency,Total Hip Arthroplasty,3,3,6,1,7.4,2.52,132,0
PAT-15044,72,Male,Emergency,Heart Failure,5,3,8,1,7.8,0.73,141,1
PAT-15045,71,Male,Emergency,Type 2 Diabetes,6,2,6,1,7.7,1.02,139,0
PAT-15046,64,Female,Emergency,Pneumonia,5,3,8,0,8.6,2.52,96,0
PAT-15047,67,Female,Emergency,Heart Failure,11,3,4,0,6.6,1.48,135,0
PAT-15048,53,Female,Emergency,Heart Failure,3,2,11,2,7.8,2.35,165,1
PAT-15049,66,Female,Elective,Pneumonia,7,2,6,1,6.3,1.88,139,0
PAT-15050,42,Male,Emergency,Ischemic Stroke,2,1,11,1,6.8,1.16,94,0
PAT-15051,82,Male,Elective,Total Hip Arthroplasty,4,3,7,1,6.4,0.66,146,0
PAT-15052,41,Female,Emergency,Pneumonia,6,2,8,2,5.0,1.23,173,1
PAT-15053,30,Male,Emergency,Heart Failure,2,2,8,0,7.5,1.87,116,0
PAT-15054,61,Female,Urgent,Heart Failure,8,2,6,1,10.4,0.87,131,1
PAT-15055,74,Male,Emergency,Type 2 Diabetes,5,2,6,0,6.9,1.09,119,1
PAT-15056,61,Female,Urgent,Type 2 Diabetes,3,1,10,0,5.5,2.11,98,0
PAT-15057,49,Male,Emergency,Heart Failure,6,1,7,1,7.7,1.71,114,0
PAT-15058,68,Female,Emergency,Acute Myocardial Infarction,4,1,6,0,9.1,3.22,141,0
PAT-15059,54,Female,Emergency,COPD Exacerbation,7,2,7,1,7.5,0.51,156,0
PAT-15060,88,Female,Emergency,Type 2 Diabetes,7,3,5,0,7.4,1.57,127,1
PAT-15061,88,Female,Emergency,Acute Myocardial Infarction,6,1,10,0,8.7,1.19,93,0
PAT-15062,65,Female,Elective,Acute Myocardial Infarction,6,1,5,1,6.0,1.73,127,1
PAT-15063,53,Female,Emergency,Pneumonia,3,1,13,2,8.6,1.78,123,1
PAT-15064,79,Female,Emergency,Heart Failure,9,2,13,3,6.8,1.09,154,1
PAT-15065,24,Male,Emergency,Total Hip Arthroplasty,1,3,6,1,6.0,1.34,148,0
PAT-15066,63,Female,Emergency,COPD Exacerbation,7,1,9,0,7.3,0.62,146,1
PAT-15067,54,Male,Urgent,Type 2 Diabetes,5,4,4,0,6.2,4.05,137,0
PAT-15068,88,Female,Elective,COPD Exacerbation,8,3,7,2,6.8,0.92,126,1
PAT-15069,20,Male,Emergency,Pneumonia,2,3,7,0,8.1,1.65,119,0
PAT-15070,68,Male,Emergency,COPD Exacerbation,3,2,7,1,6.4,0.77,144,1
PAT-15071,79,Female,Emergency,Pneumonia,11,3,8,1,5.9,2.47,160,0
PAT-15072,64,Male,Urgent,Pneumonia,3,3,11,0,6.6,1.38,98,0
PAT-15073,30,Female,Emergency,Acute Myocardial Infarction,1,1,10,1,7.3,1.12,108,0
PAT-15074,90,Male,Elective,COPD Exacerbation,6,0,10,2,6.5,0.72,148,0
PAT-15075,66,Male,Emergency,Heart Failure,5,4,8,1,6.8,1.42,108,1
PAT-15076,72,Female,Urgent,Heart Failure,4,5,4,1,9.0,0.61,126,1
PAT-15077,46,Female,Emergency,Type 2 Diabetes,4,1,9,0,8.3,3.02,114,0
PAT-15078,64,Female,Emergency,Pneumonia,8,3,10,0,6.0,1.4,121,1
PAT-15079,60,Female,Elective,Type 2 Diabetes,4,1,6,1,7.6,1.73,162,0
PAT-15080,29,Male,Urgent,COPD Exacerbation,3,3,13,1,9.2,1.41,88,0
PAT-15081,33,Female,Urgent,Heart Failure,4,1,5,1,6.5,0.94,91,0
PAT-15082,84,Female,Elective,Acute Myocardial Infarction,4,4,13,0,5.8,1.41,165,0
PAT-15083,46,Female,Elective,Acute Myocardial Infarction,1,2,6,2,5.8,0.6,138,1
PAT-15084,42,Female,Emergency,Heart Failure,5,1,6,0,5.4,2.4,140,0
PAT-15085,65,Female,Elective,COPD Exacerbation,7,2,6,2,7.6,0.57,159,0
PAT-15086,80,Male,Elective,Ischemic Stroke,7,6,8,1,6.1,2.78,146,0
PAT-15087,27,Female,Emergency,Heart Failure,1,2,8,1,7.7,0.66,128,1
PAT-15088,70,Male,Elective,Total Hip Arthroplasty,2,2,17,1,7.9,1.62,162,0
PAT-15089,34,Female,Emergency,COPD Exacerbation,6,2,7,1,7.5,0.72,137,0
PAT-15090,24,Female,Emergency,COPD Exacerbation,1,2,7,0,9.2,1.18,159,0
PAT-15091,26,Male,Urgent,Heart Failure,5,1,3,0,6.3,0.51,110,0
PAT-15092,84,Female,Emergency,Acute Myocardial Infarction,4,0,14,3,5.6,1.62,124,0
PAT-15093,34,Female,Emergency,Pneumonia,5,2,4,0,7.6,3.16,108,0
PAT-15094,25,Male,Emergency,Acute Myocardial Infarction,2,4,12,2,3.0,4.43,125,0
PAT-15095,61,Female,Emergency,Sepsis,6,3,8,2,6.0,1.4,112,1
PAT-15096,84,Female,Emergency,Pneumonia,10,3,7,0,6.2,2.11,121,0
PAT-15097,48,Male,Urgent,Type 2 Diabetes,5,4,9,1,4.3,0.59,116,1
PAT-15098,60,Male,Elective,Heart Failure,6,2,10,0,5.4,1.23,152,0
PAT-15099,24,Female,Elective,Heart Failure,5,2,7,2,6.7,0.82,119,0
PAT-15100,62,Female,Emergency,Sepsis,10,4,11,2,7.8,3.26,141,1
PAT-15101,70,Female,Urgent,Heart Failure,7,2,5,1,9.0,1.28,138,1
PAT-15102,69,Female,Elective,Pneumonia,5,3,5,0,6.7,1.72,112,0
PAT-15103,53,Male,Emergency,Type 2 Diabetes,6,2,8,2,7.0,0.57,106,0
PAT-15104,52,Male,Elective,Sepsis,11,3,7,1,7.8,1.16,129,1
PAT-15105,33,Male,Urgent,Pneumonia,6,0,3,1,5.9,0.5,153,0
PAT-15106,56,Female,Emergency,Ischemic Stroke,6,2,5,0,4.2,1.73,154,0
PAT-15107,32,Female,Elective,Acute Myocardial Infarction,1,2,5,0,6.1,1.3,127,0
PAT-15108,80,Male,Urgent,Sepsis,10,3,9,1,7.8,2.78,124,1
PAT-15109,90,Female,Emergency,Heart Failure,10,1,3,2,6.6,2.74,155,1
PAT-15110,90,Male,Elective,Type 2 Diabetes,3,0,10,1,7.2,0.75,149,1
PAT-15111,85,Male,Emergency,Heart Failure,8,3,6,0,5.5,1.93,105,1
PAT-15112,71,Male,Emergency,Pneumonia,5,1,8,0,7.0,1.14,141,0
PAT-15113,77,Female,Elective,Acute Myocardial Infarction,4,3,10,0,10.2,2.97,133,0
PAT-15114,50,Female,Emergency,Heart Failure,2,4,8,4,8.2,0.69,117,1
PAT-15115,73,Male,Elective,Heart Failure,4,3,10,2,8.9,1.71,137,1
PAT-15116,62,Male,Emergency,COPD Exacerbation,6,0,5,0,7.9,0.89,136,1
PAT-15117,64,Male,Emergency,Type 2 Diabetes,5,6,3,1,5.7,1.44,134,1
PAT-15118,80,Female,Emergency,Pneumonia,7,3,10,1,8.1,0.56,87,0
PAT-15119,49,Male,Emergency,Heart Failure,4,1,7,1,7.3,0.53,120,0
PAT-15120,52,Male,Emergency,Acute Myocardial Infarction,2,3,7,0,5.4,1.94,168,0
PAT-15121,88,Female,Elective,COPD Exacerbation,6,5,6,0,6.0,2.01,137,0
PAT-15122,26,Female,Urgent,COPD Exacerbation,3,2,9,0,6.6,1.82,148,0
PAT-15123,64,Male,Urgent,Type 2 Diabetes,4,2,9,1,8.3,1.0,135,1
PAT-15124,87,Female,Emergency,Type 2 Diabetes,4,2,9,1,6.3,0.75,154,0
PAT-15125,72,Female,Urgent,Sepsis,8,4,6,0,9.1,0.88,144,1
PAT-15126,68,Male,Urgent,Acute Myocardial Infarction,5,0,3,2,6.5,1.26,141,0
PAT-15127,47,Female,Emergency,COPD Exacerbation,5,4,11,1,4.5,1.13,81,0
PAT-15128,54,Male,Emergency,COPD Exacerbation,7,2,17,2,6.1,1.77,148,0
PAT-15129,84,Female,Emergency,Heart Failure,5,1,6,2,7.3,0.6,130,1
PAT-15130,69,Female,Emergency,Sepsis,10,1,8,0,5.4,3.41,145,1
PAT-15131,66,Male,Urgent,Acute Myocardial Infarction,8,2,8,0,4.8,1.48,155,0
PAT-15132,32,Male,Emergency,COPD Exacerbation,5,3,10,1,8.1,0.77,146,0
PAT-15133,20,Female,Elective,Total Hip Arthroplasty,4,3,10,3,7.4,1.96,125,0
PAT-15134,90,Male,Emergency,Heart Failure,5,3,13,0,7.6,0.68,150,0
PAT-15135,57,Female,Emergency,Acute Myocardial Infarction,3,1,6,0,8.5,0.69,148,0
PAT-15136,71,Female,Emergency,Ischemic Stroke,7,2,5,1,5.9,1.05,129,0
PAT-15137,30,Female,Urgent,Type 2 Diabetes,2,1,8,0,7.0,1.18,150,0
PAT-15138,76,Female,Emergency,Heart Failure,8,0,4,2,4.8,0.6,123,1
PAT-15139,88,Male,Urgent,Acute Myocardial Infarction,4,4,9,1,7.7,0.66,158,1
PAT-15140,70,Male,Emergency,Heart Failure,5,3,10,0,9.2,2.19,128,1
PAT-15141,35,Male,Elective,Total Hip Arthroplasty,4,4,9,1,6.4,2.02,142,1
PAT-15142,70,Male,Elective,Heart Failure,6,4,7,1,6.2,2.25,153,0
PAT-15143,80,Female,Elective,COPD Exacerbation,6,3,12,1,8.4,1.61,127,0
PAT-15144,59,Male,Emergency,Type 2 Diabetes,4,3,9,2,5.8,2.39,123,0
PAT-15145,86,Male,Emergency,Type 2 Diabetes,2,1,13,1,7.2,1.41,141,0
PAT-15146,74,Male,Emergency,Total Hip Arthroplasty,1,2,7,0,6.5,1.61,137,0
PAT-15147,87,Male,Urgent,Acute Myocardial Infarction,2,3,5,0,7.1,0.52,103,0
PAT-15148,72,Male,Emergency,Type 2 Diabetes,5,3,9,1,5.4,2.58,141,0
PAT-15149,36,Female,Emergency,Type 2 Diabetes,5,6,11,2,4.5,1.2,127,1
PAT-15150,52,Male,Emergency,Acute Myocardial Infarction,6,3,7,2,7.3,3.49,142,1
PAT-15151,43,Male,Emergency,Sepsis,10,0,13,1,5.0,2.44,122,1
PAT-15152,87,Male,Elective,Acute Myocardial Infarction,8,2,8,0,7.6,4.11,106,1
PAT-15153,80,Female,Urgent,COPD Exacerbation,6,3,5,0,8.1,1.84,137,0
PAT-15154,75,Female,Emergency,Type 2 Diabetes,4,2,8,0,4.5,2.67,159,0
PAT-15155,51,Male,Urgent,Sepsis,11,3,10,5,7.3,1.11,137,1
PAT-15156,41,Female,Elective,Acute Myocardial Infarction,2,1,11,2,7.5,3.32,134,0
PAT-15157,80,Male,Emergency,Pneumonia,4,2,5,2,6.9,0.58,142,1
PAT-15158,63,Female,Urgent,Pneumonia,5,1,11,2,8.3,5.84,130,0
PAT-15159,45,Female,Elective,COPD Exacerbation,3,1,12,2,6.6,0.58,128,0
PAT-15160,72,Female,Emergency,Sepsis,9,3,7,1,5.4,3.26,133,0
PAT-15161,24,Male,Elective,Acute Myocardial Infarction,1,3,9,2,5.5,1.43,147,0
PAT-15162,53,Female,Emergency,Sepsis,9,1,12,2,7.5,1.68,116,1
PAT-15163,63,Female,Emergency,Pneumonia,5,2,10,4,7.9,1.07,151,1
PAT-15164,37,Female,Elective,COPD Exacerbation,6,2,11,0,9.6,1.21,139,0
PAT-15165,91,Female,Elective,Sepsis,7,1,7,1,6.2,1.86,108,1
PAT-15166,43,Female,Elective,Type 2 Diabetes,3,1,12,3,8.0,1.23,129,0
PAT-15167,35,Female,Emergency,Pneumonia,4,4,8,1,7.7,0.98,129,0
PAT-15168,43,Male,Urgent,COPD Exacerbation,5,1,3,0,7.1,1.25,107,0
PAT-15169,80,Male,Emergency,Total Hip Arthroplasty,6,0,12,3,5.5,1.09,128,0
PAT-15170,60,Female,Emergency,Heart Failure,6,2,6,1,6.1,0.83,136,1
PAT-15171,69,Female,Emergency,Type 2 Diabetes,4,0,9,0,7.2,3.4,143,0
PAT-15172,21,Male,Emergency,Type 2 Diabetes,4,0,7,1,6.6,0.84,124,0
PAT-15173,23,Female,Emergency,Type 2 Diabetes,4,5,5,1,4.7,1.35,165,0
PAT-15174,61,Male,Elective,Type 2 Diabetes,4,2,6,0,7.4,0.91,149,0
PAT-15175,83,Male,Urgent,COPD Exacerbation,6,2,9,0,8.1,0.62,131,0
PAT-15176,86,Female,Urgent,Total Hip Arthroplasty,5,5,5,1,8.1,1.77,175,0
PAT-15177,30,Female,Elective,COPD Exacerbation,1,4,7,2,5.6,2.18,128,1
PAT-15178,67,Male,Emergency,Type 2 Diabetes,3,1,7,2,9.2,1.6,131,1
PAT-15179,87,Female,Elective,Sepsis,10,3,13,2,5.2,2.14,138,1
PAT-15180,57,Female,Elective,COPD Exacerbation,4,2,6,1,7.1,0.99,142,0
PAT-15181,83,Female,Emergency,Type 2 Diabetes,4,2,8,1,6.8,0.59,131,1
PAT-15182,36,Male,Elective,Type 2 Diabetes,3,1,5,2,8.5,2.83,124,0
PAT-15183,88,Female,Emergency,Sepsis,11,0,6,0,8.2,3.51,137,1
PAT-15184,79,Female,Emergency,Acute Myocardial Infarction,6,1,8,1,7.0,1.14,123,0
PAT-15185,89,Male,Emergency,COPD Exacerbation,4,2,5,0,8.0,0.55,118,0
PAT-15186,75,Female,Elective,Heart Failure,3,3,4,0,10.0,1.18,128,0
PAT-15187,56,Female,Elective,Sepsis,10,2,8,0,6.3,0.88,119,1
PAT-15188,89,Female,Emergency,Type 2 Diabetes,3,4,12,2,6.8,3.37,115,1
PAT-15189,49,Male,Emergency,Acute Myocardial Infarction,2,5,6,1,8.0,1.3,123,1
PAT-15190,53,Male,Urgent,COPD Exacerbation,3,1,4,0,7.2,2.91,139,0
PAT-15191,77,Female,Urgent,Type 2 Diabetes,7,3,12,1,6.9,1.27,145,0
PAT-15192,80,Female,Emergency,Type 2 Diabetes,5,3,6,0,8.0,1.66,110,0
PAT-15193,88,Female,Emergency,Heart Failure,7,2,9,0,7.1,2.1,128,0
PAT-15194,43,Female,Elective,Type 2 Diabetes,4,3,7,2,7.5,2.38,121,0
PAT-15195,82,Female,Emergency,Heart Failure,6,1,7,4,8.8,0.68,122,1
PAT-15196,79,Male,Emergency,COPD Exacerbation,8,1,5,0,6.9,2.03,182,0
PAT-15197,27,Male,Emergency,COPD Exacerbation,1,3,9,0,7.7,1.2,149,0
PAT-15198,57,Female,Elective,COPD Exacerbation,3,1,15,1,8.9,0.52,124,0
PAT-15199,49,Male,Elective,COPD Exacerbation,2,2,6,0,7.0,3.79,123,0
PAT-15200,51,Male,Emergency,Sepsis,9,2,11,0,6.5,0.8,117,1
PAT-15201,91,Male,Emergency,Total Hip Arthroplasty,5,1,11,2,6.1,3.32,104,0
PAT-15202,73,Female,Emergency,Type 2 Diabetes,3,1,8,1,6.6,0.99,145,0
PAT-15203,78,Female,Emergency,COPD Exacerbation,5,2,8,3,10.4,2.09,118,1
PAT-15204,90,Female,Emergency,Heart Failure,9,1,8,0,10.3,0.52,138,1
PAT-15205,57,Female,Emergency,Heart Failure,4,3,10,1,9.5,0.92,71,1
PAT-15206,82,Male,Emergency,COPD Exacerbation,6,3,8,2,8.2,0.67,128,1
PAT-15207,61,Male,Emergency,Pneumonia,5,4,6,0,5.9,0.51,132,0
PAT-15208,85,Female,Elective,Acute Myocardial Infarction,8,5,9,2,7.3,1.42,112,1
PAT-15209,41,Female,Elective,Pneumonia,6,6,7,1,8.0,1.57,136,0
PAT-15210,89,Male,Emergency,Heart Failure,3,3,10,0,8.1,3.85,152,1
PAT-15211,44,Male,Emergency,Total Hip Arthroplasty,2,1,2,3,6.7,2.0,151,0
PAT-15212,53,Male,Emergency,Heart Failure,1,6,8,0,6.4,0.66,154,0
PAT-15213,80,Female,Elective,Heart Failure,8,0,13,1,9.3,2.33,141,0
PAT-15214,58,Male,Emergency,Type 2 Diabetes,8,3,11,0,7.1,0.52,119,0
PAT-15215,71,Male,Emergency,Ischemic Stroke,3,6,8,1,7.1,1.49,155,1
PAT-15216,61,Male,Elective,Pneumonia,3,4,10,0,6.9,0.95,125,0
PAT-15217,79,Female,Elective,Pneumonia,7,5,6,2,7.7,1.94,117,1
PAT-15218,45,Female,Emergency,Acute Myocardial Infarction,4,1,13,1,7.8,0.95,115,0
PAT-15219,27,Female,Emergency,COPD Exacerbation,3,3,5,3,9.8,4.91,168,0
PAT-15220,51,Male,Urgent,Sepsis,5,2,2,0,6.6,0.72,141,1
PAT-15221,63,Male,Urgent,Pneumonia,7,1,8,3,5.7,1.95,153,0
PAT-15222,39,Male,Emergency,Ischemic Stroke,8,3,4,1,7.0,1.54,115,0
PAT-15223,55,Male,Elective,Sepsis,14,2,6,1,9.0,2.21,117,1
PAT-15224,58,Female,Elective,Pneumonia,9,0,7,1,6.0,2.27,131,0
PAT-15225,27,Female,Urgent,Pneumonia,2,2,12,0,6.7,3.44,96,1
PAT-15226,70,Female,Emergency,Total Hip Arthroplasty,3,2,5,0,9.2,2.42,102,0
PAT-15227,86,Female,Elective,Acute Myocardial Infarction,7,3,7,0,8.6,2.25,145,0
PAT-15228,38,Male,Elective,COPD Exacerbation,3,3,10,2,6.5,1.56,107,1
PAT-15229,71,Male,Emergency,Acute Myocardial Infarction,6,3,5,1,6.9,0.55,139,0
PAT-15230,75,Female,Elective,COPD Exacerbation,7,1,8,3,6.0,0.68,132,1
PAT-15231,60,Male,Emergency,Heart Failure,8,0,7,1,6.6,0.84,158,0
PAT-15232,77,Male,Emergency,Type 2 Diabetes,6,7,2,2,9.1,0.72,129,1
PAT-15233,59,Female,Emergency,COPD Exacerbation,5,0,16,1,6.1,4.24,107,0
PAT-15234,65,Female,Urgent,Heart Failure,4,3,6,0,5.7,0.95,154,0
PAT-15235,19,Female,Emergency,Pneumonia,2,3,11,0,6.4,1.35,114,0
PAT-15236,76,Female,Elective,Acute Myocardial Infarction,5,0,8,0,9.6,2.28,132,0
PAT-15237,74,Male,Elective,Heart Failure,5,3,2,0,9.3,0.52,124,0
PAT-15238,24,Female,Emergency,Heart Failure,3,0,7,1,7.4,1.73,131,0
PAT-15239,56,Female,Emergency,Sepsis,11,2,8,1,8.3,0.7,149,1
PAT-15240,91,Male,Elective,COPD Exacerbation,9,7,8,2,6.1,0.83,140,1
PAT-15241,60,Male,Urgent,Heart Failure,3,3,9,2,7.9,3.84,129,1
PAT-15242,65,Female,Emergency,Sepsis,8,2,10,1,6.8,1.85,136,1
PAT-15243,87,Male,Emergency,COPD Exacerbation,5,2,6,3,10.1,0.83,97,1
PAT-15244,77,Female,Emergency,Type 2 Diabetes,5,4,8,0,7.4,2.63,115,1
PAT-15245,70,Female,Emergency,Type 2 Diabetes,1,1,7,2,9.3,0.74,117,0
PAT-15246,82,Male,Emergency,Heart Failure,3,1,8,1,5.2,0.83,112,0
PAT-15247,85,Female,Emergency,Sepsis,9,2,8,2,7.9,2.03,135,1
PAT-15248,62,Male,Emergency,Pneumonia,8,3,9,2,8.1,0.89,108,1
PAT-15249,63,Female,Emergency,COPD Exacerbation,5,2,6,2,7.8,1.09,116,1
PAT-15250,57,Female,Elective,Total Hip Arthroplasty,4,6,9,3,6.4,0.96,173,1
PAT-15251,90,Female,Urgent,Heart Failure,7,3,2,0,7.3,1.2,134,1
PAT-15252,76,Female,Emergency,Heart Failure,8,4,10,2,7.8,1.19,111,1
PAT-15253,30,Male,Elective,Heart Failure,7,2,9,0,7.0,0.9,136,0
PAT-15254,85,Male,Emergency,Heart Failure,5,4,13,3,6.8,1.11,149,1
PAT-15255,64,Male,Urgent,COPD Exacerbation,7,1,8,0,7.1,0.59,131,1
PAT-15256,28,Male,Elective,COPD Exacerbation,5,1,10,3,6.9,0.81,167,1
PAT-15257,68,Female,Elective,Type 2 Diabetes,9,1,12,0,8.0,0.8,127,1
PAT-15258,59,Male,Emergency,Heart Failure,3,3,10,2,6.9,4.5,117,1
PAT-15259,86,Male,Elective,Heart Failure,6,2,4,2,5.3,1.97,153,1
PAT-15260,43,Male,Emergency,Ischemic Stroke,4,3,12,1,4.9,0.94,155,0
PAT-15261,83,Male,Emergency,Acute Myocardial Infarction,3,3,7,2,7.4,1.92,138,1
PAT-15262,68,Male,Emergency,COPD Exacerbation,6,3,9,0,6.9,3.32,130,0
PAT-15263,26,Female,Elective,Type 2 Diabetes,3,2,3,0,5.5,0.78,140,0
PAT-15264,90,Male,Elective,Pneumonia,8,3,10,2,9.3,1.87,125,1
PAT-15265,66,Female,Emergency,Heart Failure,6,3,5,0,6.8,5.86,125,0
PAT-15266,50,Female,Emergency,Ischemic Stroke,6,5,6,0,5.7,0.96,137,0
PAT-15267,63,Male,Emergency,Acute Myocardial Infarction,4,2,12,1,4.8,4.24,122,0
PAT-15268,85,Female,Emergency,COPD Exacerbation,4,1,5,1,6.4,0.66,141,1
PAT-15269,51,Female,Elective,COPD Exacerbation,3,3,9,1,6.4,1.38,122,1
PAT-15270,42,Female,Emergency,Pneumonia,5,1,11,1,7.2,3.55,171,0
PAT-15271,35,Male,Emergency,Type 2 Diabetes,3,3,9,1,9.5,1.51,128,0
PAT-15272,51,Female,Emergency,Type 2 Diabetes,5,1,9,0,5.8,1.21,113,0
PAT-15273,81,Male,Elective,COPD Exacerbation,7,7,8,4,7.3,1.11,127,1
PAT-15274,63,Female,Emergency,Heart Failure,8,1,5,1,6.7,0.87,135,0
PAT-15275,45,Female,Urgent,Heart Failure,3,4,4,0,9.0,0.94,142,1
PAT-15276,39,Female,Emergency,COPD Exacerbation,3,2,8,0,7.4,1.72,92,0
PAT-15277,53,Male,Elective,Total Hip Arthroplasty,1,2,4,0,8.8,0.98,125,0
PAT-15278,89,Female,Emergency,Total Hip Arthroplasty,7,1,11,0,5.7,0.58,84,0
PAT-15279,54,Male,Emergency,Heart Failure,4,0,8,1,9.8,0.7,142,0
PAT-15280,91,Male,Emergency,Heart Failure,9,0,12,0,6.2,0.73,121,0
PAT-15281,64,Male,Emergency,COPD Exacerbation,8,5,11,1,9.6,1.27,146,1
PAT-15282,40,Male,Emergency,Sepsis,9,4,7,2,3.3,2.41,127,0
PAT-15283,86,Female,Emergency,Ischemic Stroke,8,3,8,0,8.5,1.45,119,1
PAT-15284,62,Male,Emergency,Sepsis,9,2,9,1,8.7,0.52,123,1
PAT-15285,77,Male,Emergency,Acute Myocardial Infarction,4,3,4,0,7.9,1.71,151,0
PAT-15286,91,Male,Elective,Type 2 Diabetes,4,5,9,0,8.1,1.27,142,1
PAT-15287,26,Male,Elective,Heart Failure,3,1,9,1,5.2,0.52,149,0
PAT-15288,32,Male,Emergency,Heart Failure,8,1,9,1,8.0,1.02,109,0
PAT-15289,78,Male,Emergency,COPD Exacerbation,3,0,7,4,5.5,0.54,138,1
PAT-15290,49,Female,Emergency,Heart Failure,5,1,15,1,6.3,1.98,163,0
PAT-15291,41,Male,Emergency,Acute Myocardial Infarction,5,2,9,0,7.5,0.6,136,0
PAT-15292,24,Male,Elective,Acute Myocardial Infarction,2,2,6,0,7.4,0.54,144,0
PAT-15293,21,Male,Elective,Heart Failure,4,0,13,0,7.7,2.82,145,0
PAT-15294,81,Female,Emergency,Total Hip Arthroplasty,1,3,6,0,7.2,2.33,144,0
PAT-15295,36,Male,Emergency,Pneumonia,8,1,9,1,7.4,0.74,128,0
PAT-15296,63,Male,Elective,Total Hip Arthroplasty,5,4,6,0,7.8,1.55,140,0
PAT-15297,71,Female,Emergency,Total Hip Arthroplasty,3,4,6,1,7.8,3.43,117,1
PAT-15298,60,Male,Emergency,Heart Failure,3,0,9,1,7.1,0.77,155,0
PAT-15299,22,Female,Elective,Pneumonia,6,4,10,0,7.0,1.23,135,0
PAT-15300,81,Male,Emergency,Heart Failure,4,5,5,0,5.6,1.25,113,0
PAT-15301,19,Female,Emergency,Acute Myocardial Infarction,1,3,13,0,7.6,3.51,161,0
PAT-15302,80,Female,Urgent,Pneumonia,7,1,7,2,10.0,2.6,170,1
PAT-15303,86,Female,Emergency,Total Hip Arthroplasty,7,5,10,0,7.7,1.18,133,1
PAT-15304,60,Male,Elective,Type 2 Diabetes,5,2,8,0,7.3,1.91,104,0
PAT-15305,67,Female,Emergency,Acute Myocardial Infarction,3,5,7,2,4.0,1.21,140,0
PAT-15306,63,Male,Elective,Ischemic Stroke,3,3,10,0,6.4,0.73,98,0
PAT-15307,57,Male,Urgent,COPD Exacerbation,5,3,13,1,8.2,0.74,104,0
PAT-15308,86,Male,Emergency,Heart Failure,7,4,8,1,7.3,1.35,149,0
PAT-15309,86,Female,Elective,COPD Exacerbation,6,2,3,2,7.8,2.92,135,1
PAT-15310,54,Male,Elective,Heart Failure,8,5,11,0,7.7,2.8,123,1
PAT-15311,72,Male,Emergency,Heart Failure,5,2,9,0,7.5,0.51,169,0
PAT-15312,88,Female,Elective,Type 2 Diabetes,1,2,19,0,6.8,0.84,123,1
PAT-15313,90,Female,Urgent,Type 2 Diabetes,4,3,5,0,8.0,2.7,132,1
PAT-15314,65,Female,Emergency,Sepsis,10,1,5,0,5.6,1.88,165,1
PAT-15315,62,Male,Emergency,Type 2 Diabetes,5,2,12,0,5.4,1.1,130,0
PAT-15316,49,Female,Emergency,Acute Myocardial Infarction,4,3,10,0,6.8,2.23,126,0
PAT-15317,90,Female,Emergency,Heart Failure,6,4,7,0,9.0,0.65,150,0
PAT-15318,37,Male,Emergency,Heart Failure,1,2,5,0,7.1,0.81,105,0
PAT-15319,70,Male,Emergency,Heart Failure,6,1,6,2,6.0,1.96,138,0
PAT-15320,49,Male,Emergency,Type 2 Diabetes,3,4,7,1,7.0,4.04,145,1
PAT-15321,49,Male,Emergency,Type 2 Diabetes,4,1,7,3,4.5,1.9,135,0
PAT-15322,59,Female,Emergency,COPD Exacerbation,6,3,10,0,6.8,0.64,151,0
PAT-15323,91,Male,Emergency,Ischemic Stroke,10,1,6,1,6.0,3.39,118,1
PAT-15324,26,Female,Emergency,Type 2 Diabetes,1,3,7,1,4.1,0.61,166,1
PAT-15325,70,Male,Elective,Heart Failure,3,4,10,1,4.9,1.61,118,1
PAT-15326,30,Male,Emergency,Heart Failure,3,1,9,0,7.5,0.91,147,1
PAT-15327,38,Female,Emergency,Total Hip Arthroplasty,1,3,7,1,6.7,1.51,135,0
PAT-15328,61,Male,Emergency,Acute Myocardial Infarction,3,0,6,2,10.1,1.31,149,0
PAT-15329,66,Female,Emergency,Sepsis,12,0,5,0,8.1,1.58,135,0
PAT-15330,47,Female,Emergency,Heart Failure,5,2,8,1,6.8,0.7,103,1
PAT-15331,52,Male,Elective,Heart Failure,9,1,6,2,5.4,1.79,126,1
PAT-15332,30,Male,Emergency,Heart Failure,4,2,11,1,6.7,0.79,118,1
PAT-15333,51,Male,Urgent,Sepsis,6,1,11,1,9.7,2.6,155,1
PAT-15334,90,Male,Emergency,Type 2 Diabetes,3,1,9,0,7.2,1.53,115,1
PAT-15335,89,Male,Emergency,COPD Exacerbation,8,1,9,2,6.3,0.87,144,1
PAT-15336,54,Female,Elective,Pneumonia,3,3,5,0,7.1,0.69,127,0
PAT-15337,69,Female,Elective,COPD Exacerbation,6,1,6,1,6.0,0.61,116,0
PAT-15338,87,Female,Elective,Heart Failure,5,0,3,1,7.9,0.85,151,1
PAT-15339,19,Female,Urgent,COPD Exacerbation,1,2,13,2,6.7,1.21,138,0
PAT-15340,82,Male,Emergency,Heart Failure,9,3,7,1,9.2,1.19,128,1
PAT-15341,89,Female,Elective,Ischemic Stroke,7,2,7,0,6.5,1.44,110,0
PAT-15342,31,Female,Emergency,Heart Failure,2,4,7,1,5.9,0.52,114,0
PAT-15343,39,Female,Elective,Heart Failure,4,5,6,0,4.9,1.42,167,0
PAT-15344,90,Male,Emergency,Type 2 Diabetes,4,1,7,1,10.5,1.49,154,0
PAT-15345,67,Male,Emergency,Sepsis,13,2,9,1,5.8,0.69,103,0
PAT-15346,20,Female,Elective,Type 2 Diabetes,4,3,7,0,6.9,2.07,143,0
PAT-15347,47,Male,Emergency,Pneumonia,4,1,6,1,5.1,5.4,117,0
PAT-15348,62,Female,Emergency,Heart Failure,4,2,12,0,6.3,1.46,138,1
PAT-15349,76,Male,Emergency,Heart Failure,2,4,11,2,4.5,0.86,149,1
PAT-15350,78,Female,Elective,COPD Exacerbation,6,1,5,0,5.1,0.75,114,0
PAT-15351,91,Female,Urgent,Heart Failure,5,3,5,0,9.8,0.95,126,1
PAT-15352,50,Male,Elective,Acute Myocardial Infarction,4,2,9,0,6.8,0.53,133,0
PAT-15353,67,Male,Elective,Sepsis,5,0,10,2,6.2,0.63,144,1
PAT-15354,67,Female,Emergency,Sepsis,9,4,7,1,8.6,1.24,106,1
PAT-15355,59,Male,Emergency,Heart Failure,8,5,7,0,5.4,0.55,115,0
PAT-15356,39,Male,Emergency,Pneumonia,5,3,5,2,8.6,0.96,151,1
PAT-15357,90,Male,Emergency,Ischemic Stroke,6,5,11,2,8.0,1.37,108,1
PAT-15358,85,Female,Emergency,Acute Myocardial Infarction,5,0,3,1,8.5,1.66,129,0
PAT-15359,65,Female,Emergency,Heart Failure,5,4,4,1,7.3,5.31,90,1
PAT-15360,71,Male,Emergency,Pneumonia,11,2,11,0,4.9,0.78,147,0
PAT-15361,45,Female,Elective,Total Hip Arthroplasty,2,5,9,2,6.2,1.25,122,1
PAT-15362,68,Female,Emergency,Pneumonia,4,3,16,1,6.3,1.29,136,0
PAT-15363,76,Female,Elective,Sepsis,9,1,9,1,8.5,1.23,130,0
PAT-15364,66,Male,Elective,Pneumonia,7,4,16,1,6.9,4.3,96,1
PAT-15365,91,Female,Elective,Heart Failure,7,3,7,0,7.4,1.19,132,1
PAT-15366,72,Male,Urgent,Heart Failure,7,0,9,0,7.2,0.96,128,0
PAT-15367,56,Female,Emergency,Heart Failure,9,2,11,1,7.9,0.62,112,1
PAT-15368,80,Female,Elective,Heart Failure,5,1,6,0,6.1,2.27,115,0
PAT-15369,40,Female,Elective,Total Hip Arthroplasty,1,3,11,1,6.1,1.06,137,0
PAT-15370,57,Female,Emergency,COPD Exacerbation,1,4,5,2,5.3,2.56,127,1
PAT-15371,54,Male,Elective,Acute Myocardial Infarction,5,2,7,0,4.5,1.25,130,0
PAT-15372,60,Male,Emergency,COPD Exacerbation,3,2,7,0,7.1,1.41,120,0
PAT-15373,81,Female,Elective,Pneumonia,9,0,9,2,5.6,0.76,114,0
PAT-15374,64,Female,Emergency,Type 2 Diabetes,3,2,9,0,8.7,4.32,127,0
PAT-15375,82,Male,Urgent,Total Hip Arthroplasty,7,1,15,1,6.1,1.16,151,1
PAT-15376,70,Male,Elective,Pneumonia,4,2,6,1,7.2,0.91,133,0
PAT-15377,54,Male,Urgent,Pneumonia,8,3,9,0,8.1,0.76,127,1
PAT-15378,82,Male,Elective,Ischemic Stroke,9,3,10,1,8.8,1.57,139,1
PAT-15379,46,Female,Emergency,Pneumonia,6,3,8,1,9.0,5.38,137,0
PAT-15380,45,Male,Emergency,Sepsis,6,1,4,0,9.4,3.45,120,0
PAT-15381,65,Female,Urgent,Sepsis,10,3,14,0,8.1,0.86,119,1
PAT-15382,48,Female,Emergency,Type 2 Diabetes,3,1,10,1,8.0,4.48,119,0
PAT-15383,19,Male,Emergency,Heart Failure,1,0,10,1,7.6,1.62,107,0
PAT-15384,74,Male,Emergency,Ischemic Stroke,10,5,11,1,7.2,1.15,145,1
PAT-15385,66,Male,Emergency,Pneumonia,6,2,9,0,9.6,1.0,126,0
PAT-15386,61,Female,Elective,Heart Failure,8,5,12,2,7.4,5.08,167,1
PAT-15387,90,Female,Emergency,Pneumonia,7,3,4,0,4.4,1.62,122,0
PAT-15388,69,Female,Elective,COPD Exacerbation,7,4,5,0,7.4,1.17,148,1
PAT-15389,85,Male,Elective,Acute Myocardial Infarction,4,1,12,1,7.3,0.68,126,0
PAT-15390,36,Female,Emergency,Ischemic Stroke,6,1,10,3,7.7,1.56,131,0
PAT-15391,69,Male,Emergency,Total Hip Arthroplasty,4,4,5,0,7.4,1.52,126,1
PAT-15392,85,Female,Emergency,Ischemic Stroke,7,4,11,0,9.0,0.83,125,1
PAT-15393,70,Male,Urgent,Heart Failure,4,6,11,0,8.0,0.69,153,1
PAT-15394,78,Male,Emergency,Acute Myocardial Infarction,1,3,8,0,6.8,1.42,135,1
PAT-15395,56,Female,Emergency,Type 2 Diabetes,2,2,15,0,8.1,1.05,122,0
PAT-15396,31,Female,Elective,Heart Failure,5,2,5,0,5.7,2.34,100,0
PAT-15397,62,Male,Emergency,Sepsis,6,2,10,1,5.7,0.72,122,1
PAT-15398,58,Male,Urgent,Pneumonia,4,3,6,1,9.0,0.89,145,0
PAT-15399,85,Male,Urgent,Total Hip Arthroplasty,1,5,7,1,6.6,2.97,125,1
PAT-15400,46,Male,Emergency,Heart Failure,5,1,7,0,5.6,2.27,119,0
PAT-15401,90,Female,Elective,Sepsis,8,0,8,1,6.4,0.51,139,1
PAT-15402,90,Male,Emergency,Heart Failure,9,5,5,3,8.7,0.54,105,1
PAT-15403,47,Female,Elective,Heart Failure,6,0,12,0,9.9,0.51,181,0
PAT-15404,55,Male,Elective,Pneumonia,6,5,3,2,6.9,1.71,163,1
PAT-15405,87,Female,Emergency,Pneumonia,8,2,11,1,7.6,0.62,147,0
PAT-15406,90,Male,Emergency,Pneumonia,6,2,8,0,5.0,3.4,141,0
PAT-15407,61,Female,Urgent,Ischemic Stroke,5,0,11,2,7.7,1.61,107,1
PAT-15408,52,Female,Emergency,COPD Exacerbation,6,3,8,0,7.3,1.74,99,1
PAT-15409,66,Female,Elective,Type 2 Diabetes,6,2,10,1,8.9,0.83,135,0
PAT-15410,76,Male,Emergency,Heart Failure,7,4,9,2,7.2,0.57,156,1
PAT-15411,49,Male,Emergency,Pneumonia,5,3,10,1,6.8,1.0,130,0
PAT-15412,79,Male,Elective,Pneumonia,6,1,7,1,6.2,0.94,119,0
PAT-15413,26,Female,Emergency,COPD Exacerbation,2,4,6,2,8.0,0.83,126,0
PAT-15414,25,Male,Elective,Type 2 Diabetes,4,3,7,1,10.1,1.43,121,0
PAT-15415,57,Male,Emergency,Acute Myocardial Infarction,1,2,8,0,6.1,1.0,147,0
PAT-15416,55,Female,Emergency,Heart Failure,1,3,12,2,6.5,2.82,114,0
PAT-15417,52,Female,Urgent,COPD Exacerbation,1,2,11,1,4.1,1.67,139,0
PAT-15418,64,Female,Emergency,COPD Exacerbation,1,2,7,3,7.2,1.54,130,0
PAT-15419,52,Female,Urgent,Type 2 Diabetes,6,1,8,2,7.5,4.14,180,0
PAT-15420,42,Female,Urgent,Sepsis,9,2,7,1,9.9,2.32,117,1
PAT-15421,52,Male,Urgent,COPD Exacerbation,2,2,16,1,8.0,1.69,131,0
PAT-15422,90,Female,Urgent,COPD Exacerbation,6,2,6,2,6.3,1.25,157,1
PAT-15423,59,Male,Emergency,Pneumonia,9,5,5,2,9.9,1.41,104,1
PAT-15424,61,Male,Urgent,Total Hip Arthroplasty,4,1,5,2,6.5,0.67,158,1
PAT-15425,70,Male,Emergency,Acute Myocardial Infarction,9,1,7,2,7.7,0.83,113,0
PAT-15426,91,Male,Emergency,Pneumonia,7,2,7,0,4.3,2.61,114,0
PAT-15427,46,Female,Emergency,Type 2 Diabetes,2,3,7,1,7.4,1.61,151,0
PAT-15428,76,Male,Emergency,Heart Failure,4,3,12,2,7.5,1.03,124,1
PAT-15429,77,Female,Elective,Heart Failure,6,2,5,1,5.8,1.38,140,1
PAT-15430,71,Male,Emergency,Ischemic Stroke,9,2,6,0,4.9,0.75,134,0
PAT-15431,31,Male,Emergency,Pneumonia,5,2,5,0,8.1,0.69,159,0
PAT-15432,75,Male,Emergency,Total Hip Arthroplasty,3,1,9,0,8.9,1.01,103,1
PAT-15433,28,Male,Emergency,Heart Failure,6,1,8,2,4.6,2.64,128,0
PAT-15434,71,Female,Elective,Pneumonia,7,3,9,2,4.8,0.55,126,0
PAT-15435,79,Female,Emergency,Ischemic Stroke,7,1,7,1,4.4,2.55,144,0
PAT-15436,43,Male,Emergency,Heart Failure,3,2,13,1,7.7,1.64,143,0
PAT-15437,84,Female,Emergency,COPD Exacerbation,5,3,6,1,5.5,1.43,126,0
PAT-15438,23,Male,Emergency,Total Hip Arthroplasty,2,1,8,2,7.0,2.23,142,0
PAT-15439,84,Female,Elective,Ischemic Stroke,6,3,10,1,8.0,3.54,158,1
PAT-15440,62,Male,Emergency,Sepsis,6,1,7,0,6.3,0.63,128,0
PAT-15441,44,Female,Emergency,Sepsis,7,1,4,3,6.8,1.38,136,1
PAT-15442,36,Female,Emergency,COPD Exacerbation,4,1,9,0,7.2,1.45,141,0
PAT-15443,89,Male,Emergency,Type 2 Diabetes,8,3,2,3,7.8,0.99,149,1
PAT-15444,29,Female,Urgent,Acute Myocardial Infarction,1,3,8,1,7.2,3.33,163,0
PAT-15445,42,Female,Emergency,Ischemic Stroke,6,3,8,0,6.2,0.56,130,1
PAT-15446,54,Female,Elective,Pneumonia,5,4,7,1,7.8,0.57,140,0
PAT-15447,72,Female,Elective,Type 2 Diabetes,4,2,13,1,7.7,1.47,133,0
PAT-15448,68,Female,Emergency,COPD Exacerbation,8,1,9,0,9.5,1.4,107,0
PAT-15449,35,Female,Urgent,Acute Myocardial Infarction,4,2,9,0,7.8,1.5,142,0
PAT-15450,50,Male,Elective,Type 2 Diabetes,1,1,9,1,5.6,0.79,111,0
PAT-15451,46,Female,Elective,Acute Myocardial Infarction,6,4,5,1,5.6,1.74,123,1
PAT-15452,44,Male,Emergency,COPD Exacerbation,6,4,9,2,6.3,0.71,111,1
PAT-15453,59,Female,Emergency,COPD Exacerbation,3,8,10,2,3.8,0.64,125,1
PAT-15454,77,Female,Emergency,Type 2 Diabetes,2,5,13,1,4.7,1.05,86,0
PAT-15455,44,Female,Emergency,Heart Failure,5,0,4,0,7.2,1.22,134,0
PAT-15456,56,Male,Elective,COPD Exacerbation,5,1,7,1,5.5,2.54,110,0
PAT-15457,58,Female,Urgent,COPD Exacerbation,4,3,7,0,9.8,1.9,120,0
PAT-15458,90,Male,Emergency,Type 2 Diabetes,7,4,7,2,7.1,2.39,120,1
PAT-15459,89,Male,Elective,Type 2 Diabetes,4,3,7,0,9.2,1.51,130,0
PAT-15460,82,Female,Elective,Type 2 Diabetes,5,2,9,1,4.8,0.98,153,0
PAT-15461,46,Male,Emergency,Pneumonia,8,1,6,0,6.1,3.98,140,0
PAT-15462,28,Female,Emergency,Ischemic Stroke,5,3,6,1,7.5,1.23,130,0
PAT-15463,52,Female,Emergency,Acute Myocardial Infarction,1,1,12,1,8.1,2.55,132,0
PAT-15464,48,Male,Elective,Sepsis,7,5,11,1,6.6,2.8,124,0
PAT-15465,65,Male,Elective,Pneumonia,7,6,7,0,6.4,2.25,115,1
PAT-15466,81,Male,Emergency,Pneumonia,9,4,15,1,6.7,1.75,146,1
PAT-15467,85,Male,Emergency,Type 2 Diabetes,4,3,6,1,5.0,2.43,148,1
PAT-15468,84,Male,Elective,Acute Myocardial Infarction,9,3,2,1,6.4,1.06,164,1
PAT-15469,55,Male,Elective,Pneumonia,3,2,7,1,5.7,1.32,121,0
PAT-15470,76,Female,Emergency,Acute Myocardial Infarction,5,5,6,1,6.1,0.85,128,0
PAT-15471,52,Male,Emergency,Pneumonia,5,1,11,0,5.3,1.05,110,0
PAT-15472,27,Male,Elective,Heart Failure,6,0,8,2,4.1,1.03,111,1
PAT-15473,77,Female,Emergency,Heart Failure,3,2,5,0,7.1,1.68,151,0
PAT-15474,19,Female,Emergency,Sepsis,8,2,8,1,8.6,1.61,145,1
PAT-15475,59,Female,Elective,Type 2 Diabetes,3,3,7,1,5.3,1.19,141,1
PAT-15476,53,Male,Emergency,Type 2 Diabetes,6,1,6,0,5.3,0.9,155,0
PAT-15477,76,Male,Elective,Total Hip Arthroplasty,2,1,12,2,5.8,4.22,155,0
PAT-15478,80,Male,Emergency,COPD Exacerbation,6,0,9,2,7.1,1.74,125,1
PAT-15479,51,Female,Emergency,Heart Failure,3,2,5,1,7.9,1.32,120,0
PAT-15480,82,Male,Emergency,Heart Failure,6,2,6,0,6.3,1.02,138,1
PAT-15481,50,Female,Emergency,Type 2 Diabetes,3,3,10,1,5.0,1.19,121,0
PAT-15482,61,Male,Emergency,COPD Exacerbation,4,2,6,1,8.0,1.51,115,1
PAT-15483,78,Male,Elective,Acute Myocardial Infarction,1,5,11,1,6.5,2.36,108,0
PAT-15484,76,Male,Emergency,Type 2 Diabetes,5,2,8,2,8.1,0.67,144,0
PAT-15485,91,Male,Urgent,Total Hip Arthroplasty,2,1,12,0,8.1,0.98,118,0
PAT-15486,45,Male,Emergency,Heart Failure,2,3,7,0,6.4,1.01,140,0
PAT-15487,74,Female,Emergency,Type 2 Diabetes,1,0,10,1,6.7,2.95,130,0
PAT-15488,71,Female,Emergency,Ischemic Stroke,5,4,7,1,5.8,0.94,167,1
PAT-15489,88,Male,Elective,Heart Failure,7,1,9,0,6.0,3.59,138,1
PAT-15490,38,Female,Emergency,Total Hip Arthroplasty,3,0,10,1,7.3,0.59,109,0
PAT-15491,79,Female,Emergency,Acute Myocardial Infarction,6,2,11,1,7.8,0.56,128,1
PAT-15492,69,Male,Urgent,Heart Failure,3,3,10,0,8.5,2.74,139,0
PAT-15493,49,Female,Emergency,Pneumonia,6,1,10,0,6.9,0.8,122,0
PAT-15494,63,Female,Emergency,Pneumonia,5,6,7,1,7.7,0.55,141,1
PAT-15495,53,Male,Emergency,Total Hip Arthroplasty,5,1,13,1,7.1,3.34,125,1
PAT-15496,70,Female,Elective,Pneumonia,7,5,12,2,6.8,1.65,134,1
PAT-15497,86,Female,Emergency,Pneumonia,6,1,14,0,9.3,1.81,142,0
PAT-15498,69,Female,Elective,Heart Failure,8,5,9,3,6.5,0.6,136,1
PAT-15499,73,Male,Elective,COPD Exacerbation,6,3,10,0,7.8,0.52,114,0
PAT-15500,66,Male,Elective,Type 2 Diabetes,1,0,3,0,8.5,0.89,105,0
PAT-15501,26,Male,Emergency,Heart Failure,1,3,8,0,4.7,1.06,173,0
PAT-15502,45,Female,Urgent,Ischemic Stroke,3,2,6,3,9.6,0.89,102,1
PAT-15503,64,Male,Emergency,Type 2 Diabetes,7,3,6,0,6.7,1.31,146,0
PAT-15504,52,Male,Emergency,Heart Failure,3,4,7,0,3.2,0.67,133,0
PAT-15505,41,Male,Emergency,Acute Myocardial Infarction,7,2,10,1,7.5,2.57,118,0
PAT-15506,65,Male,Elective,Sepsis,7,2,6,2,7.6,1.85,130,1
PAT-15507,53,Female,Emergency,Heart Failure,2,1,5,1,7.7,2.59,169,0
PAT-15508,47,Female,Emergency,Heart Failure,6,1,3,0,5.3,2.15,158,0
PAT-15509,63,Female,Elective,Heart Failure,7,3,2,1,9.2,2.76,111,1
PAT-15510,36,Female,Emergency,Heart Failure,5,1,9,1,9.2,1.7,141,0
PAT-15511,88,Male,Emergency,COPD Exacerbation,7,0,9,2,6.1,0.54,132,0
PAT-15512,85,Male,Elective,COPD Exacerbation,4,2,6,1,7.1,1.61,128,1
PAT-15513,77,Male,Elective,COPD Exacerbation,7,5,8,1,5.7,3.66,109,0
PAT-15514,33,Female,Emergency,Pneumonia,5,2,10,1,8.9,2.74,168,0
PAT-15515,81,Female,Emergency,Sepsis,9,3,6,0,8.2,0.9,164,1
PAT-15516,82,Female,Urgent,COPD Exacerbation,6,4,7,2,6.6,5.64,116,1
PAT-15517,80,Female,Elective,Total Hip Arthroplasty,6,2,14,0,8.2,2.58,156,0
PAT-15518,34,Female,Emergency,Pneumonia,6,4,8,1,5.4,0.83,150,0
PAT-15519,73,Male,Elective,Sepsis,5,4,13,2,8.8,3.12,129,0
PAT-15520,84,Female,Emergency,Pneumonia,9,1,7,0,6.9,0.76,154,0
PAT-15521,70,Male,Emergency,Pneumonia,8,2,9,0,5.9,0.71,128,0
PAT-15522,74,Female,Emergency,Sepsis,8,3,11,0,6.0,1.02,137,0
PAT-15523,62,Male,Emergency,Heart Failure,5,0,9,2,6.5,0.64,106,1
PAT-15524,67,Male,Elective,COPD Exacerbation,5,6,10,0,8.1,3.98,111,1
PAT-15525,23,Female,Emergency,Acute Myocardial Infarction,1,4,6,2,7.6,3.77,144,1
PAT-15526,73,Male,Emergency,Acute Myocardial Infarction,4,3,11,1,6.3,0.93,147,1
PAT-15527,30,Male,Urgent,COPD Exacerbation,3,2,7,0,6.6,1.4,123,0
PAT-15528,61,Male,Emergency,Pneumonia,6,2,10,2,10.0,4.06,153,0
PAT-15529,50,Female,Elective,Type 2 Diabetes,2,2,9,2,5.1,0.89,101,0
PAT-15530,68,Female,Emergency,Total Hip Arthroplasty,5,2,9,1,9.3,0.52,114,0
PAT-15531,36,Male,Elective,Type 2 Diabetes,1,4,7,0,6.4,0.86,156,0
PAT-15532,76,Male,Emergency,Sepsis,11,4,10,0,9.2,0.94,141,1
PAT-15533,82,Female,Emergency,Heart Failure,7,2,8,1,6.3,1.17,124,1
PAT-15534,39,Female,Elective,Type 2 Diabetes,6,2,9,1,6.3,1.22,138,1
PAT-15535,32,Male,Elective,Type 2 Diabetes,6,4,10,1,7.8,0.61,145,0
PAT-15536,37,Female,Elective,Acute Myocardial Infarction,7,1,7,1,7.1,0.81,159,0
PAT-15537,86,Male,Elective,Type 2 Diabetes,2,1,10,2,7.7,0.52,110,1
PAT-15538,67,Male,Emergency,Heart Failure,6,2,8,1,8.5,1.8,147,1
PAT-15539,63,Male,Emergency,Heart Failure,4,2,12,1,6.5,2.41,138,1
PAT-15540,33,Female,Elective,Type 2 Diabetes,9,1,8,1,6.8,3.07,152,0
PAT-15541,74,Female,Elective,Heart Failure,7,4,8,4,7.5,2.68,117,1
PAT-15542,85,Female,Elective,Type 2 Diabetes,8,4,15,2,6.0,1.33,131,1
PAT-15543,83,Male,Elective,Acute Myocardial Infarction,6,1,6,0,8.6,1.07,137,0
PAT-15544,72,Male,Emergency,Pneumonia,1,5,7,1,7.7,1.22,107,0
PAT-15545,29,Male,Emergency,Pneumonia,3,2,7,1,6.8,1.1,124,0
PAT-15546,33,Male,Emergency,Ischemic Stroke,4,0,15,0,6.6,0.85,153,0
PAT-15547,25,Female,Urgent,Pneumonia,4,3,11,0,6.7,0.83,123,0
PAT-15548,47,Female,Elective,Total Hip Arthroplasty,3,4,13,2,9.0,3.23,136,0
PAT-15549,36,Male,Emergency,Type 2 Diabetes,4,1,6,1,5.6,1.73,100,0
PAT-15550,48,Female,Emergency,Pneumonia,1,5,9,0,6.4,1.58,147,1
PAT-15551,57,Female,Emergency,Pneumonia,5,4,6,1,6.9,1.39,94,1
PAT-15552,89,Female,Urgent,COPD Exacerbation,5,1,10,2,8.4,0.92,122,1
PAT-15553,72,Female,Urgent,COPD Exacerbation,8,2,9,0,9.5,1.21,144,0
PAT-15554,84,Female,Emergency,Type 2 Diabetes,6,4,6,1,8.9,4.42,156,1
PAT-15555,77,Male,Elective,Sepsis,9,2,8,0,9.6,2.2,110,1
PAT-15556,33,Male,Emergency,Pneumonia,5,2,8,2,2.9,0.59,121,1
PAT-15557,78,Male,Emergency,Heart Failure,2,1,5,3,6.3,0.56,142,1
PAT-15558,49,Male,Elective,COPD Exacerbation,6,4,11,1,7.5,0.59,95,0
PAT-15559,73,Male,Elective,Sepsis,8,3,5,1,6.3,2.4,140,1
PAT-15560,54,Male,Elective,Type 2 Diabetes,2,1,11,0,6.8,0.52,114,0
PAT-15561,91,Female,Emergency,Heart Failure,9,2,9,1,6.6,0.61,140,1
PAT-15562,48,Male,Emergency,Sepsis,9,1,4,0,7.4,1.35,149,1
PAT-15563,49,Female,Emergency,Ischemic Stroke,5,4,10,0,7.8,0.8,152,0
PAT-15564,88,Female,Emergency,Heart Failure,5,3,14,0,4.9,2.21,139,1
PAT-15565,22,Female,Emergency,Total Hip Arthroplasty,2,2,10,2,6.4,2.2,132,0
PAT-15566,76,Female,Emergency,Type 2 Diabetes,5,2,6,0,6.3,1.1,146,0
PAT-15567,78,Female,Emergency,Ischemic Stroke,7,5,10,1,7.5,0.92,116,1
PAT-15568,84,Female,Emergency,COPD Exacerbation,3,5,8,1,7.7,1.59,120,1
PAT-15569,90,Female,Elective,Total Hip Arthroplasty,2,0,5,0,6.1,1.37,142,0
PAT-15570,90,Male,Elective,Sepsis,8,2,12,0,6.7,0.74,133,0
PAT-15571,28,Male,Elective,Heart Failure,3,1,7,1,6.2,1.75,169,0
PAT-15572,83,Male,Emergency,Heart Failure,6,1,3,2,7.6,1.22,148,0
PAT-15573,74,Female,Emergency,Pneumonia,6,1,5,1,5.6,0.8,112,0
PAT-15574,74,Female,Emergency,Heart Failure,5,2,4,3,8.8,0.75,116,1
PAT-15575,35,Male,Emergency,Pneumonia,9,4,8,0,8.6,6.19,128,0
PAT-15576,74,Female,Emergency,Ischemic Stroke,9,2,6,2,5.9,1.78,161,0
PAT-15577,91,Male,Emergency,Type 2 Diabetes,7,1,11,0,5.7,1.09,135,0
PAT-15578,87,Male,Elective,Pneumonia,8,3,8,1,7.4,1.49,115,0
PAT-15579,61,Male,Urgent,Pneumonia,6,2,4,0,6.6,2.05,142,0
PAT-15580,24,Male,Emergency,COPD Exacerbation,4,4,9,1,5.9,1.41,135,0
PAT-15581,56,Female,Elective,Heart Failure,5,1,11,0,6.1,0.62,166,0
PAT-15582,83,Female,Emergency,Type 2 Diabetes,6,2,13,1,5.5,0.67,121,1
PAT-15583,77,Male,Elective,Sepsis,7,1,8,1,6.1,0.78,125,0
PAT-15584,62,Female,Elective,Sepsis,10,1,12,1,5.2,1.15,94,0
PAT-15585,26,Female,Urgent,Sepsis,8,3,3,1,6.1,1.7,106,1
PAT-15586,60,Female,Emergency,Acute Myocardial Infarction,1,2,10,0,4.4,1.22,113,0
PAT-15587,63,Female,Emergency,Pneumonia,6,2,8,2,7.7,1.22,107,1
PAT-15588,88,Female,Emergency,Acute Myocardial Infarction,3,5,9,1,8.6,0.57,144,1
PAT-15589,73,Female,Emergency,Pneumonia,5,4,10,0,6.2,0.67,128,0
PAT-15590,52,Male,Urgent,Heart Failure,4,0,12,1,6.0,0.91,146,1
PAT-15591,66,Male,Elective,Pneumonia,3,3,8,1,9.6,2.6,119,0
PAT-15592,28,Male,Elective,Heart Failure,4,1,6,1,9.5,4.9,130,0
PAT-15593,90,Male,Emergency,Pneumonia,7,5,3,3,6.4,3.33,98,1
PAT-15594,55,Female,Urgent,Type 2 Diabetes,5,2,12,0,9.0,0.73,117,1
PAT-15595,63,Female,Emergency,COPD Exacerbation,4,2,10,0,7.0,1.49,141,0
PAT-15596,55,Female,Emergency,Type 2 Diabetes,4,2,10,2,7.9,1.01,85,0
PAT-15597,76,Male,Elective,Acute Myocardial Infarction,5,2,16,1,7.0,1.33,121,0
PAT-15598,74,Male,Emergency,Pneumonia,6,2,7,1,3.3,1.43,133,0
PAT-15599,77,Female,Emergency,Total Hip Arthroplasty,1,1,11,0,8.9,0.59,135,1
PAT-15600,48,Female,Emergency,Heart Failure,4,3,8,1,8.1,0.86,136,1
PAT-15601,52,Male,Elective,Acute Myocardial Infarction,6,3,11,1,7.6,1.38,136,1
PAT-15602,35,Male,Elective,Acute Myocardial Infarction,2,4,9,1,4.7,3.38,147,1
PAT-15603,74,Male,Emergency,Ischemic Stroke,7,1,11,1,6.9,0.54,137,0
PAT-15604,24,Female,Elective,Type 2 Diabetes,2,2,10,1,7.6,1.35,160,0
PAT-15605,71,Female,Elective,Type 2 Diabetes,6,4,12,1,7.2,1.97,124,1
PAT-15606,85,Male,Urgent,Heart Failure,6,1,6,2,7.8,1.06,154,0
PAT-15607,86,Male,Elective,Type 2 Diabetes,5,5,7,2,5.7,0.51,130,1
PAT-15608,62,Male,Elective,Pneumonia,6,5,6,0,7.4,0.86,148,1
PAT-15609,62,Male,Elective,Sepsis,8,0,6,2,7.5,0.55,142,1
PAT-15610,29,Male,Emergency,Type 2 Diabetes,1,0,10,1,7.1,0.56,125,0
PAT-15611,75,Male,Emergency,Heart Failure,5,2,13,0,5.1,1.18,122,1
PAT-15612,83,Female,Emergency,Type 2 Diabetes,5,2,5,1,6.8,1.29,137,0
PAT-15613,46,Female,Emergency,Heart Failure,5,5,6,5,9.5,0.73,162,1
PAT-15614,60,Male,Emergency,Total Hip Arthroplasty,6,7,8,0,9.5,0.62,137,1
PAT-15615,84,Female,Emergency,Total Hip Arthroplasty,6,1,7,2,6.0,0.61,147,1
PAT-15616,86,Male,Emergency,Type 2 Diabetes,7,2,7,0,7.0,1.04,160,0
PAT-15617,46,Male,Emergency,Type 2 Diabetes,1,1,9,2,8.6,1.35,142,0
PAT-15618,68,Male,Emergency,Total Hip Arthroplasty,6,1,12,0,7.4,2.47,136,1
PAT-15619,42,Female,Elective,Heart Failure,5,5,6,1,6.7,8.0,137,0
PAT-15620,32,Female,Elective,COPD Exacerbation,4,3,6,1,7.7,0.96,107,0
PAT-15621,87,Male,Emergency,Total Hip Arthroplasty,6,1,17,2,6.4,0.58,113,0
PAT-15622,83,Male,Emergency,Pneumonia,7,4,8,2,6.6,1.5,147,1
PAT-15623,80,Male,Emergency,Heart Failure,4,2,7,1,9.3,2.39,124,1
PAT-15624,25,Female,Emergency,Type 2 Diabetes,5,0,9,1,6.8,1.31,128,0
PAT-15625,84,Female,Emergency,Total Hip Arthroplasty,2,4,10,0,9.1,3.28,127,1
PAT-15626,61,Male,Elective,Heart Failure,3,3,9,2,8.6,0.56,135,1
PAT-15627,54,Male,Emergency,Pneumonia,5,3,8,1,7.9,2.29,120,0
PAT-15628,68,Male,Elective,Sepsis,8,2,11,2,4.2,0.52,128,0
PAT-15629,31,Female,Elective,Sepsis,7,2,10,0,6.6,1.57,164,1
PAT-15630,80,Female,Emergency,Pneumonia,7,3,7,1,6.6,0.86,118,1
PAT-15631,70,Female,Emergency,Type 2 Diabetes,7,1,5,2,8.5,1.18,140,1
PAT-15632,41,Male,Emergency,COPD Exacerbation,5,2,9,0,7.5,3.3,138,0
PAT-15633,41,Male,Emergency,Type 2 Diabetes,1,5,10,1,6.5,1.08,116,0
PAT-15634,41,Female,Emergency,Type 2 Diabetes,1,3,10,2,8.2,0.74,145,0
PAT-15635,27,Female,Urgent,Sepsis,7,3,9,2,5.6,0.81,123,0
PAT-15636,70,Male,Elective,Heart Failure,5,4,12,0,3.8,1.67,124,1
PAT-15637,84,Female,Urgent,Heart Failure,5,0,10,1,6.1,1.94,133,0
PAT-15638,21,Male,Emergency,Type 2 Diabetes,1,0,8,3,6.9,0.83,147,0
PAT-15639,25,Male,Emergency,Pneumonia,5,4,4,1,10.0,1.47,172,0
PAT-15640,69,Female,Emergency,Acute Myocardial Infarction,4,3,10,0,6.3,0.81,133,1
PAT-15641,83,Female,Emergency,Sepsis,8,3,11,0,8.1,1.76,154,0
PAT-15642,53,Male,Emergency,COPD Exacerbation,5,1,5,0,6.4,1.46,156,1
PAT-15643,55,Female,Elective,COPD Exacerbation,6,1,12,2,5.5,0.69,155,0
PAT-15644,71,Female,Emergency,COPD Exacerbation,5,2,8,0,8.6,1.9,141,0
PAT-15645,49,Male,Urgent,Type 2 Diabetes,7,1,5,1,6.5,0.56,128,0
PAT-15646,22,Male,Urgent,Pneumonia,9,6,12,0,7.3,3.14,136,1
PAT-15647,78,Male,Emergency,COPD Exacerbation,7,1,6,0,7.7,0.96,133,1
PAT-15648,72,Female,Elective,Heart Failure,5,5,8,1,11.0,0.74,145,1
PAT-15649,70,Female,Emergency,Type 2 Diabetes,5,4,9,1,7.6,0.95,142,0
PAT-15650,79,Female,Emergency,Pneumonia,4,1,6,1,8.7,0.65,130,0
PAT-15651,75,Female,Elective,COPD Exacerbation,4,2,10,2,6.0,3.12,150,1
PAT-15652,43,Male,Emergency,Pneumonia,2,2,7,0,6.7,1.91,119,0
PAT-15653,55,Female,Urgent,Acute Myocardial Infarction,3,2,8,1,7.5,0.95,108,1
PAT-15654,35,Male,Elective,Pneumonia,3,2,13,1,5.3,2.46,148,0
PAT-15655,35,Female,Urgent,Total Hip Arthroplasty,3,3,6,0,5.8,0.54,139,0
PAT-15656,75,Female,Urgent,Pneumonia,5,3,4,1,7.3,0.53,142,1
PAT-15657,85,Male,Emergency,Pneumonia,8,3,8,0,7.3,3.12,119,1
PAT-15658,90,Female,Emergency,Heart Failure,8,4,9,1,6.8,2.79,125,1
PAT-15659,73,Female,Emergency,Type 2 Diabetes,7,2,7,0,8.8,1.0,144,1
PAT-15660,41,Female,Emergency,Sepsis,7,4,13,0,6.1,2.37,133,0
PAT-15661,33,Female,Emergency,Type 2 Diabetes,3,5,7,1,7.5,0.6,157,0
PAT-15662,82,Female,Elective,Type 2 Diabetes,5,5,8,3,9.5,0.67,143,1
PAT-15663,70,Female,Emergency,COPD Exacerbation,8,2,13,1,7.2,0.9,152,0
PAT-15664,72,Male,Urgent,Heart Failure,7,3,12,2,5.9,2.47,158,1
PAT-15665,81,Male,Elective,COPD Exacerbation,8,1,7,1,5.3,1.92,160,1
PAT-15666,77,Male,Emergency,Type 2 Diabetes,1,3,8,1,6.0,2.23,145,0
PAT-15667,84,Female,Emergency,Pneumonia,6,3,10,0,8.0,0.91,152,0
PAT-15668,26,Male,Emergency,Sepsis,9,2,10,0,6.3,0.62,156,0
PAT-15669,79,Female,Emergency,COPD Exacerbation,7,0,12,3,6.1,1.98,128,1
PAT-15670,84,Male,Emergency,Pneumonia,7,2,6,2,8.2,0.59,139,1
PAT-15671,50,Male,Emergency,COPD Exacerbation,3,4,10,2,6.7,1.4,111,0
PAT-15672,73,Female,Elective,Acute Myocardial Infarction,6,0,5,3,8.3,1.83,126,1
PAT-15673,52,Male,Emergency,Acute Myocardial Infarction,1,2,10,2,7.9,1.05,130,1
PAT-15674,90,Male,Elective,Heart Failure,8,4,11,2,6.7,1.5,151,1
PAT-15675,23,Male,Elective,Type 2 Diabetes,2,2,4,1,8.4,1.87,118,0
PAT-15676,70,Female,Emergency,Type 2 Diabetes,3,0,8,1,6.3,0.54,124,1
PAT-15677,39,Male,Emergency,Heart Failure,5,1,10,2,8.3,1.74,125,0
PAT-15678,77,Male,Elective,Heart Failure,5,3,8,1,7.2,1.02,169,1
PAT-15679,40,Female,Urgent,Heart Failure,4,3,13,1,7.8,3.85,137,1
PAT-15680,46,Male,Emergency,Sepsis,8,1,6,1,7.6,0.73,132,1
PAT-15681,65,Female,Emergency,COPD Exacerbation,6,4,10,2,7.6,1.09,101,0
PAT-15682,87,Female,Emergency,Type 2 Diabetes,5,2,12,5,7.3,3.45,113,1
PAT-15683,43,Male,Emergency,COPD Exacerbation,1,1,9,0,8.0,1.8,129,0
PAT-15684,37,Male,Emergency,Acute Myocardial Infarction,1,3,8,2,6.4,2.53,116,0
PAT-15685,80,Male,Emergency,Type 2 Diabetes,2,2,7,0,6.8,3.93,145,1
PAT-15686,65,Male,Elective,Pneumonia,7,2,8,2,6.4,0.68,131,1
PAT-15687,87,Female,Emergency,Heart Failure,7,2,11,1,5.7,0.53,112,1
PAT-15688,37,Female,Emergency,COPD Exacerbation,7,4,5,1,6.2,2.96,111,1
PAT-15689,74,Male,Emergency,Type 2 Diabetes,2,2,11,0,6.7,2.94,127,1
PAT-15690,45,Female,Elective,Pneumonia,8,4,9,2,7.4,0.52,106,1
PAT-15691,38,Male,Emergency,Pneumonia,1,4,15,1,8.4,4.1,139,1
PAT-15692,76,Male,Urgent,COPD Exacerbation,5,3,4,0,5.4,1.66,116,0
PAT-15693,71,Female,Emergency,COPD Exacerbation,6,3,11,1,4.7,0.67,132,0
PAT-15694,79,Female,Emergency,Pneumonia,7,2,6,2,8.3,1.26,139,0
PAT-15695,52,Male,Emergency,Heart Failure,4,0,9,1,6.7,1.72,157,0
PAT-15696,61,Male,Elective,COPD Exacerbation,5,0,10,0,3.1,1.43,116,0
PAT-15697,59,Male,Emergency,Total Hip Arthroplasty,1,3,12,1,5.5,0.65,141,1
PAT-15698,91,Male,Elective,Acute Myocardial Infarction,7,6,10,1,5.8,0.61,133,1
PAT-15699,50,Female,Elective,Ischemic Stroke,7,3,4,0,5.8,2.66,118,0
PAT-15700,50,Female,Elective,Heart Failure,5,1,7,0,7.2,2.97,109,0
PAT-15701,55,Female,Emergency,Type 2 Diabetes,3,3,8,2,6.1,1.97,140,1
PAT-15702,69,Female,Elective,COPD Exacerbation,5,3,3,2,8.9,0.9,145,1
PAT-15703,47,Female,Emergency,Type 2 Diabetes,4,4,6,4,9.0,0.56,108,1
PAT-15704,88,Female,Emergency,Heart Failure,9,0,10,1,7.7,1.61,108,1
PAT-15705,48,Female,Emergency,Pneumonia,3,4,7,0,4.6,0.7,120,0
PAT-15706,87,Female,Elective,Type 2 Diabetes,2,2,5,1,7.7,1.75,107,1
PAT-15707,32,Female,Emergency,Type 2 Diabetes,3,2,12,2,4.0,0.99,146,0
PAT-15708,74,Male,Emergency,Ischemic Stroke,7,2,12,2,5.8,3.27,170,1
PAT-15709,87,Male,Emergency,Type 2 Diabetes,5,2,5,1,8.3,0.6,116,1
PAT-15710,39,Female,Emergency,Heart Failure,4,1,9,0,7.8,2.42,71,0
PAT-15711,90,Male,Emergency,Heart Failure,8,0,6,1,8.7,1.25,131,0
PAT-15712,62,Female,Emergency,Sepsis,8,1,8,1,7.5,1.53,130,0
PAT-15713,89,Male,Emergency,Acute Myocardial Infarction,3,3,6,0,6.1,1.3,169,1
PAT-15714,75,Female,Emergency,Heart Failure,4,1,14,1,8.7,0.59,122,0
PAT-15715,51,Male,Urgent,Type 2 Diabetes,3,1,10,0,8.7,2.48,143,1
PAT-15716,41,Female,Emergency,Acute Myocardial Infarction,1,3,13,1,9.1,0.51,123,0
PAT-15717,51,Male,Emergency,Type 2 Diabetes,3,4,7,0,7.9,1.08,126,0
PAT-15718,31,Female,Emergency,Ischemic Stroke,6,0,5,2,5.2,1.22,122,0
PAT-15719,37,Male,Elective,COPD Exacerbation,3,1,9,2,6.5,1.21,136,0
PAT-15720,33,Female,Emergency,Heart Failure,4,5,8,0,7.2,0.53,127,1
PAT-15721,60,Female,Emergency,Sepsis,5,3,8,3,8.5,3.84,153,1
PAT-15722,82,Male,Emergency,Type 2 Diabetes,3,1,4,2,6.8,0.95,149,0
PAT-15723,37,Female,Urgent,Type 2 Diabetes,1,3,9,3,5.0,1.87,100,0
PAT-15724,35,Male,Emergency,Type 2 Diabetes,4,2,10,2,6.8,1.95,149,1
PAT-15725,73,Female,Emergency,Acute Myocardial Infarction,10,2,8,0,7.4,2.91,106,0
PAT-15726,42,Female,Emergency,Heart Failure,3,6,9,1,6.8,0.89,137,0
PAT-15727,32,Male,Emergency,Pneumonia,4,3,11,0,7.4,2.62,133,0
PAT-15728,39,Female,Emergency,Heart Failure,3,3,9,0,7.7,2.75,120,0
PAT-15729,88,Female,Elective,Sepsis,10,2,7,2,7.5,0.72,149,1
PAT-15730,83,Male,Emergency,Type 2 Diabetes,3,0,8,1,6.4,0.74,152,0
PAT-15731,55,Male,Elective,Type 2 Diabetes,4,2,13,0,7.2,6.37,98,0
PAT-15732,74,Male,Emergency,COPD Exacerbation,7,2,10,1,6.1,1.22,110,1
PAT-15733,67,Female,Emergency,Acute Myocardial Infarction,2,4,9,1,6.6,4.52,103,1
PAT-15734,75,Female,Emergency,Sepsis,10,3,6,0,8.1,1.25,112,1
PAT-15735,76,Female,Emergency,Type 2 Diabetes,1,2,12,0,8.2,0.73,114,0
PAT-15736,73,Female,Elective,Sepsis,9,1,7,1,6.6,1.65,126,0
PAT-15737,48,Male,Emergency,Pneumonia,5,1,9,0,5.9,1.29,141,0
PAT-15738,24,Female,Elective,Heart Failure,3,1,6,1,7.0,0.53,147,0
PAT-15739,62,Female,Elective,Sepsis,8,1,5,0,5.4,2.16,113,0
PAT-15740,86,Female,Emergency,COPD Exacerbation,5,1,5,0,9.4,3.15,144,0
PAT-15741,69,Male,Urgent,COPD Exacerbation,5,1,11,0,7.2,5.34,165,0
PAT-15742,83,Male,Emergency,Total Hip Arthroplasty,4,7,8,2,6.1,1.72,151,1
PAT-15743,91,Male,Emergency,COPD Exacerbation,7,1,13,0,7.0,1.09,143,1
PAT-15744,39,Female,Elective,Heart Failure,4,3,7,0,7.6,1.4,143,0
PAT-15745,76,Male,Emergency,Total Hip Arthroplasty,2,3,4,0,5.7,2.87,134,0
PAT-15746,75,Male,Emergency,Type 2 Diabetes,6,3,7,0,6.6,0.58,135,0
PAT-15747,91,Female,Elective,Pneumonia,10,3,9,1,7.4,2.5,145,1
PAT-15748,91,Female,Urgent,Type 2 Diabetes,2,5,14,0,7.6,1.26,104,1
PAT-15749,76,Female,Emergency,Type 2 Diabetes,5,9,9,0,6.8,1.96,113,1
PAT-15750,46,Female,Urgent,Acute Myocardial Infarction,3,4,8,0,5.5,1.26,120,0
PAT-15751,82,Male,Emergency,Pneumonia,9,1,9,0,5.3,1.16,127,1
PAT-15752,33,Female,Urgent,COPD Exacerbation,4,5,7,1,5.5,3.86,112,0
PAT-15753,81,Female,Emergency,Sepsis,10,2,9,1,9.0,2.06,158,1
PAT-15754,87,Male,Elective,Type 2 Diabetes,6,4,6,0,7.4,1.74,149,0
PAT-15755,57,Male,Emergency,COPD Exacerbation,4,1,5,0,7.4,2.78,181,0
PAT-15756,73,Male,Urgent,Acute Myocardial Infarction,8,5,12,0,6.1,0.77,124,1
PAT-15757,60,Female,Elective,Acute Myocardial Infarction,5,6,5,2,7.3,0.97,122,0
PAT-15758,61,Female,Emergency,COPD Exacerbation,7,2,4,2,8.8,1.03,122,1
PAT-15759,52,Female,Emergency,Pneumonia,5,5,7,2,7.7,1.47,147,1
PAT-15760,80,Female,Elective,Pneumonia,7,2,7,0,8.1,4.3,161,1
PAT-15761,89,Female,Elective,Pneumonia,9,0,7,1,8.4,1.08,110,0
PAT-15762,89,Male,Emergency,Type 2 Diabetes,6,1,9,1,5.0,1.9,122,1
PAT-15763,40,Female,Emergency,Acute Myocardial Infarction,1,2,5,1,6.4,0.73,103,0
PAT-15764,86,Female,Elective,Heart Failure,6,3,6,0,8.4,0.96,139,1
PAT-15765,79,Female,Emergency,Ischemic Stroke,8,0,9,0,6.6,2.84,119,0
PAT-15766,47,Male,Emergency,Acute Myocardial Infarction,4,3,11,2,7.1,1.75,110,0
PAT-15767,28,Male,Urgent,Type 2 Diabetes,3,1,8,0,4.7,2.12,106,0
PAT-15768,48,Male,Emergency,Heart Failure,4,2,6,0,5.8,1.77,116,0
PAT-15769,87,Female,Emergency,Acute Myocardial Infarction,1,3,7,0,7.1,1.5,132,1
PAT-15770,73,Female,Emergency,Acute Myocardial Infarction,2,2,11,0,9.8,1.05,151,1
PAT-15771,78,Female,Urgent,Ischemic Stroke,9,4,5,3,6.8,1.14,118,1
PAT-15772,47,Female,Emergency,Type 2 Diabetes,3,3,6,0,7.4,1.19,137,0
PAT-15773,78,Male,Elective,Heart Failure,6,4,4,1,7.2,2.22,119,0
PAT-15774,22,Male,Urgent,Total Hip Arthroplasty,1,4,11,0,8.3,1.68,106,0
PAT-15775,56,Male,Emergency,Type 2 Diabetes,2,2,11,1,6.0,0.54,160,0
PAT-15776,72,Male,Elective,Acute Myocardial Infarction,4,2,10,2,7.0,2.48,165,0
PAT-15777,37,Male,Emergency,Heart Failure,5,2,13,1,6.0,0.57,172,0
PAT-15778,83,Female,Elective,Acute Myocardial Infarction,6,4,11,1,6.1,1.08,114,1
PAT-15779,45,Male,Emergency,Heart Failure,9,0,8,1,9.3,0.86,131,0
PAT-15780,74,Female,Elective,Acute Myocardial Infarction,4,4,9,2,5.3,10.79,114,1
PAT-15781,59,Male,Emergency,COPD Exacerbation,8,1,12,0,8.6,2.33,110,0
PAT-15782,71,Female,Emergency,Ischemic Stroke,5,2,5,1,4.9,4.86,147,0
PAT-15783,33,Female,Urgent,Heart Failure,5,1,5,1,5.0,3.87,124,0
PAT-15784,21,Male,Emergency,Type 2 Diabetes,2,1,3,0,5.4,0.82,126,0
PAT-15785,87,Female,Elective,Heart Failure,6,1,12,0,3.3,0.78,145,1
PAT-15786,48,Female,Emergency,Total Hip Arthroplasty,3,0,7,0,6.4,1.26,123,0
PAT-15787,83,Female,Emergency,COPD Exacerbation,4,5,11,2,9.3,0.66,105,0
PAT-15788,91,Female,Elective,COPD Exacerbation,8,3,12,0,7.4,1.65,160,1
PAT-15789,43,Male,Emergency,Heart Failure,3,2,10,0,6.0,1.19,139,0
PAT-15790,48,Male,Urgent,Pneumonia,6,2,9,0,7.0,3.88,152,0
PAT-15791,75,Female,Emergency,Pneumonia,8,1,17,3,4.7,1.65,111,1
PAT-15792,90,Female,Emergency,Type 2 Diabetes,8,3,9,2,7.3,2.26,147,1
PAT-15793,88,Male,Elective,Acute Myocardial Infarction,7,2,10,1,6.2,0.64,137,1
PAT-15794,65,Female,Emergency,Heart Failure,6,2,12,0,5.7,1.54,125,0
PAT-15795,82,Female,Emergency,COPD Exacerbation,4,4,6,0,6.5,2.26,159,1
PAT-15796,36,Female,Elective,Sepsis,6,1,8,0,8.3,0.54,130,0
PAT-15797,90,Male,Emergency,Total Hip Arthroplasty,2,7,3,0,7.1,0.66,129,0
PAT-15798,90,Female,Emergency,Acute Myocardial Infarction,3,3,15,0,7.0,2.18,135,0
PAT-15799,39,Female,Elective,Type 2 Diabetes,3,1,5,1,3.9,0.57,123,0
PAT-15800,51,Female,Elective,COPD Exacerbation,3,1,11,1,7.6,0.72,124,0
PAT-15801,32,Female,Emergency,Heart Failure,6,3,13,0,8.2,1.2,121,0
PAT-15802,49,Male,Emergency,Heart Failure,4,3,5,1,7.0,0.74,125,0
PAT-15803,83,Female,Elective,COPD Exacerbation,6,4,9,2,7.9,1.7,126,1
PAT-15804,57,Female,Emergency,Sepsis,8,1,9,0,8.6,0.75,141,0
PAT-15805,31,Female,Emergency,Heart Failure,1,3,8,1,7.0,4.25,118,0
PAT-15806,54,Female,Urgent,Heart Failure,7,4,10,0,5.9,0.51,130,0
PAT-15807,91,Male,Emergency,COPD Exacerbation,7,3,5,1,8.6,0.89,116,1
PAT-15808,73,Male,Elective,Type 2 Diabetes,6,2,8,0,9.6,0.96,167,0
PAT-15809,59,Female,Urgent,COPD Exacerbation,6,2,4,1,6.1,1.06,159,0
PAT-15810,39,Female,Elective,Type 2 Diabetes,1,2,9,0,7.5,1.31,154,0
PAT-15811,91,Female,Urgent,Heart Failure,5,5,8,1,5.7,1.26,126,1
PAT-15812,83,Male,Emergency,COPD Exacerbation,7,6,6,0,8.0,0.79,111,0
PAT-15813,49,Male,Emergency,Sepsis,11,2,12,1,5.6,1.67,131,1
PAT-15814,28,Female,Elective,Acute Myocardial Infarction,4,1,7,1,5.8,0.92,108,0
PAT-15815,26,Male,Emergency,Sepsis,9,0,10,1,6.7,2.26,119,0
PAT-15816,34,Male,Elective,Type 2 Diabetes,2,2,5,2,5.2,1.05,132,0
PAT-15817,70,Male,Emergency,Total Hip Arthroplasty,6,5,6,2,5.7,0.67,128,1
PAT-15818,88,Female,Elective,Type 2 Diabetes,4,2,5,1,4.9,2.93,95,0
PAT-15819,65,Female,Emergency,Sepsis,9,2,6,0,6.0,0.75,142,0
PAT-15820,84,Female,Emergency,Pneumonia,6,4,7,1,6.4,0.76,87,1
PAT-15821,61,Male,Emergency,Type 2 Diabetes,6,0,11,3,8.0,1.92,109,1
PAT-15822,77,Male,Elective,Type 2 Diabetes,6,1,15,1,5.1,0.55,98,1
PAT-15823,78,Male,Emergency,COPD Exacerbation,3,0,5,0,8.2,1.35,149,0
PAT-15824,40,Female,Elective,Heart Failure,7,3,10,0,6.5,1.19,111,1
PAT-15825,55,Female,Emergency,Total Hip Arthroplasty,8,6,7,0,6.3,0.76,95,1
PAT-15826,73,Female,Emergency,Type 2 Diabetes,4,2,11,0,6.1,1.54,154,0
PAT-15827,28,Male,Elective,Type 2 Diabetes,2,2,5,1,8.0,0.83,167,0
PAT-15828,55,Female,Emergency,Type 2 Diabetes,6,2,7,1,6.0,0.94,151,0
PAT-15829,67,Female,Emergency,Heart Failure,6,4,7,1,8.3,0.53,143,0
PAT-15830,91,Male,Emergency,Acute Myocardial Infarction,6,2,9,0,4.8,1.04,108,0
PAT-15831,63,Female,Elective,COPD Exacerbation,9,1,6,1,7.5,0.87,98,0
PAT-15832,83,Female,Urgent,Sepsis,7,2,4,5,9.4,2.09,108,1
PAT-15833,60,Female,Emergency,Heart Failure,4,2,8,3,6.6,0.68,124,1
PAT-15834,82,Male,Emergency,Total Hip Arthroplasty,5,2,8,1,8.8,1.96,148,1
PAT-15835,71,Male,Emergency,Type 2 Diabetes,1,1,9,0,6.4,2.72,95,0
PAT-15836,86,Male,Elective,Total Hip Arthroplasty,3,0,6,0,6.4,0.94,112,0
PAT-15837,59,Female,Emergency,Heart Failure,4,3,9,2,10.1,0.76,123,0
PAT-15838,71,Male,Elective,Acute Myocardial Infarction,7,1,4,1,6.7,1.23,102,1
PAT-15839,73,Male,Emergency,COPD Exacerbation,7,2,7,0,7.8,0.69,135,1
PAT-15840,59,Male,Elective,Type 2 Diabetes,1,4,12,1,8.2,1.15,118,0
PAT-15841,37,Male,Emergency,Heart Failure,3,1,9,1,8.5,1.91,118,1
PAT-15842,31,Female,Urgent,COPD Exacerbation,2,1,7,0,6.6,1.43,104,0
PAT-15843,20,Female,Emergency,Heart Failure,3,7,7,3,7.5,0.65,141,1
PAT-15844,85,Female,Emergency,Pneumonia,5,4,5,2,5.7,3.65,126,1
PAT-15845,46,Male,Elective,COPD Exacerbation,5,1,8,1,6.1,1.23,148,0
PAT-15846,43,Male,Elective,Acute Myocardial Infarction,2,2,8,0,6.3,2.79,134,0
PAT-15847,78,Male,Emergency,Ischemic Stroke,9,3,8,0,7.0,0.72,138,0
PAT-15848,52,Female,Urgent,Type 2 Diabetes,3,1,8,1,7.2,1.15,138,0
PAT-15849,65,Female,Emergency,Type 2 Diabetes,2,3,8,0,8.1,3.87,132,1
PAT-15850,39,Female,Emergency,Type 2 Diabetes,6,2,10,1,8.9,1.2,151,0
PAT-15851,90,Male,Emergency,Acute Myocardial Infarction,8,0,10,1,7.6,2.48,178,0
PAT-15852,84,Female,Emergency,Total Hip Arthroplasty,5,2,11,0,10.3,2.28,155,0
PAT-15853,85,Male,Elective,Ischemic Stroke,7,2,5,0,7.2,2.05,102,1
PAT-15854,59,Female,Emergency,Ischemic Stroke,5,2,6,0,7.2,1.88,126,0
PAT-15855,80,Female,Emergency,Total Hip Arthroplasty,6,4,13,0,8.8,0.69,123,1
PAT-15856,37,Male,Emergency,Ischemic Stroke,7,1,11,2,7.4,3.34,140,0
PAT-15857,19,Female,Emergency,Type 2 Diabetes,1,3,7,0,7.7,3.55,151,0
PAT-15858,21,Female,Urgent,Ischemic Stroke,4,3,6,1,7.5,2.58,100,1
PAT-15859,70,Female,Elective,Acute Myocardial Infarction,6,4,6,1,6.7,0.6,134,1
PAT-15860,62,Female,Emergency,Heart Failure,3,1,6,0,5.4,0.84,157,0
PAT-15861,66,Male,Emergency,Heart Failure,4,3,16,1,8.5,0.87,118,1
PAT-15862,19,Male,Urgent,Type 2 Diabetes,1,1,10,2,8.8,0.54,174,0
PAT-15863,60,Female,Emergency,Acute Myocardial Infarction,2,1,8,1,8.9,0.65,109,0
PAT-15864,78,Male,Emergency,COPD Exacerbation,4,1,8,1,7.1,2.76,137,0
PAT-15865,61,Female,Emergency,Type 2 Diabetes,6,2,6,0,7.0,0.57,142,0
PAT-15866,78,Male,Emergency,Acute Myocardial Infarction,2,6,14,1,5.2,0.51,130,1
PAT-15867,45,Male,Elective,Heart Failure,5,4,6,0,5.0,2.6,112,1
PAT-15868,82,Male,Emergency,Sepsis,10,2,7,1,6.8,1.48,149,1
PAT-15869,70,Female,Urgent,Sepsis,11,2,12,3,9.1,1.57,120,1
PAT-15870,43,Female,Emergency,Ischemic Stroke,7,5,8,0,5.7,2.42,132,1
PAT-15871,46,Female,Emergency,Heart Failure,4,0,2,1,5.5,1.16,156,0
PAT-15872,73,Male,Urgent,Total Hip Arthroplasty,2,5,9,1,6.9,4.98,94,0
PAT-15873,83,Male,Elective,Type 2 Diabetes,7,4,8,0,6.5,4.33,153,0
PAT-15874,59,Female,Elective,Pneumonia,7,1,12,1,7.1,1.13,154,1
PAT-15875,47,Male,Emergency,Pneumonia,4,2,15,1,6.3,1.35,139,0
PAT-15876,85,Female,Elective,COPD Exacerbation,8,3,8,0,8.2,0.84,116,1
PAT-15877,75,Female,Emergency,Ischemic Stroke,6,2,8,2,6.0,1.96,119,0
PAT-15878,62,Female,Emergency,COPD Exacerbation,5,1,10,1,8.5,0.72,153,0
PAT-15879,64,Female,Elective,Total Hip Arthroplasty,2,1,10,1,5.7,0.58,146,0
PAT-15880,43,Female,Elective,Type 2 Diabetes,4,2,9,1,6.3,0.53,106,0
PAT-15881,72,Female,Elective,Pneumonia,4,7,6,1,6.9,4.54,142,1
PAT-15882,55,Female,Elective,Pneumonia,5,3,8,1,5.2,1.99,148,1
PAT-15883,91,Female,Emergency,Type 2 Diabetes,4,3,5,0,6.1,2.03,141,0
PAT-15884,64,Male,Emergency,Ischemic Stroke,7,4,13,0,9.1,2.23,131,1
PAT-15885,64,Female,Elective,Acute Myocardial Infarction,5,1,8,1,6.2,1.1,154,0
PAT-15886,69,Male,Emergency,Pneumonia,4,3,8,0,6.9,1.44,138,0
PAT-15887,88,Female,Emergency,Acute Myocardial Infarction,6,5,7,2,6.5,1.8,156,1
PAT-15888,82,Female,Emergency,Pneumonia,4,2,13,2,8.7,3.83,92,0
PAT-15889,62,Male,Emergency,Heart Failure,10,1,10,1,7.0,1.7,119,1
PAT-15890,78,Female,Urgent,COPD Exacerbation,4,2,6,0,7.3,1.43,110,1
PAT-15891,70,Female,Emergency,COPD Exacerbation,7,1,14,0,6.2,0.67,137,1
PAT-15892,64,Male,Emergency,Ischemic Stroke,7,4,7,2,9.0,2.63,122,0
PAT-15893,42,Male,Elective,Heart Failure,5,3,7,0,7.7,2.26,136,0
PAT-15894,63,Female,Emergency,Pneumonia,4,4,13,0,8.0,0.57,156,1
PAT-15895,46,Female,Urgent,Heart Failure,6,3,4,2,7.3,1.62,135,0
PAT-15896,87,Male,Emergency,Heart Failure,6,4,6,1,6.3,0.68,121,1
PAT-15897,54,Male,Urgent,COPD Exacerbation,6,1,7,1,6.2,0.89,129,0
PAT-15898,89,Female,Emergency,Type 2 Diabetes,5,1,7,0,8.7,1.05,104,0
PAT-15899,67,Female,Emergency,Acute Myocardial Infarction,5,1,9,0,9.0,0.92,104,1
PAT-15900,73,Female,Emergency,Pneumonia,5,1,6,0,6.6,1.3,149,0
PAT-15901,68,Female,Emergency,Type 2 Diabetes,4,1,8,0,7.8,0.88,135,0
PAT-15902,35,Female,Elective,Pneumonia,4,4,7,1,6.1,3.8,124,1
PAT-15903,57,Female,Emergency,Heart Failure,4,2,7,0,7.1,2.66,131,0
PAT-15904,32,Female,Elective,Sepsis,8,1,7,1,5.1,0.5,116,1
PAT-15905,72,Female,Emergency,Heart Failure,6,2,8,1,6.3,1.55,134,1
PAT-15906,61,Male,Elective,Heart Failure,6,3,7,2,6.6,0.88,136,1
PAT-15907,81,Female,Elective,COPD Exacerbation,5,2,7,1,8.5,1.04,153,0
PAT-15908,44,Female,Emergency,Ischemic Stroke,7,2,10,0,8.0,2.02,136,1
PAT-15909,39,Female,Emergency,Sepsis,8,2,7,2,5.8,1.15,102,0
PAT-15910,59,Male,Elective,Type 2 Diabetes,4,4,8,0,7.3,0.83,123,0
PAT-15911,88,Male,Emergency,Heart Failure,7,3,11,1,6.6,0.68,147,1
PAT-15912,77,Male,Emergency,COPD Exacerbation,8,5,10,3,5.3,0.7,133,1
PAT-15913,60,Female,Elective,Sepsis,6,3,13,0,5.8,3.58,136,1
PAT-15914,66,Male,Urgent,Type 2 Diabetes,3,3,8,1,5.4,1.57,121,0
PAT-15915,30,Female,Urgent,Pneumonia,5,3,9,2,6.3,1.9,151,1
PAT-15916,91,Female,Elective,Heart Failure,3,2,13,1,8.6,1.21,126,1
PAT-15917,75,Male,Emergency,Heart Failure,8,4,5,0,7.2,3.07,105,1
PAT-15918,50,Male,Urgent,COPD Exacerbation,5,4,10,1,7.2,3.52,114,1
PAT-15919,70,Male,Emergency,Heart Failure,7,2,1,1,7.9,3.83,168,0
PAT-15920,33,Male,Emergency,Type 2 Diabetes,5,3,7,1,7.6,0.92,135,0
PAT-15921,90,Male,Urgent,Type 2 Diabetes,6,1,8,1,4.7,0.57,91,0
PAT-15922,40,Female,Emergency,Pneumonia,1,3,9,2,7.1,2.99,162,1
PAT-15923,74,Female,Emergency,Heart Failure,6,4,4,2,7.0,2.23,107,1
PAT-15924,46,Female,Elective,Pneumonia,6,3,5,0,6.5,1.05,131,0
PAT-15925,78,Male,Emergency,Total Hip Arthroplasty,2,2,10,1,7.4,0.79,122,0
PAT-15926,81,Female,Emergency,Heart Failure,2,4,11,0,5.2,0.53,134,1
PAT-15927,75,Male,Emergency,COPD Exacerbation,6,2,12,1,8.3,1.23,132,1
PAT-15928,72,Female,Emergency,Sepsis,7,1,7,0,5.8,1.85,125,0
PAT-15929,86,Female,Urgent,Type 2 Diabetes,9,1,11,0,5.5,1.11,123,1
PAT-15930,29,Female,Emergency,Heart Failure,4,2,9,3,6.2,1.35,141,0
PAT-15931,53,Female,Emergency,Heart Failure,8,5,12,1,7.5,1.36,124,1
PAT-15932,47,Male,Emergency,COPD Exacerbation,4,4,5,1,5.5,0.62,106,0
PAT-15933,91,Female,Elective,COPD Exacerbation,8,5,9,1,5.1,0.79,142,1
PAT-15934,57,Female,Elective,Type 2 Diabetes,4,3,9,0,6.8,1.64,148,0
PAT-15935,78,Female,Emergency,Sepsis,11,4,6,1,4.9,0.65,132,1
PAT-15936,76,Female,Emergency,Acute Myocardial Infarction,1,6,14,2,8.3,2.71,107,1
PAT-15937,43,Female,Elective,Type 2 Diabetes,5,4,5,0,7.2,0.98,139,0
PAT-15938,46,Female,Emergency,Acute Myocardial Infarction,5,3,4,0,7.9,1.14,126,1
PAT-15939,49,Male,Emergency,Type 2 Diabetes,3,4,12,0,4.7,0.57,150,0
PAT-15940,59,Female,Emergency,Acute Myocardial Infarction,4,1,6,1,7.0,0.96,147,0
PAT-15941,45,Female,Emergency,Heart Failure,4,3,4,0,4.2,1.95,147,0
PAT-15942,21,Male,Urgent,Acute Myocardial Infarction,3,2,12,2,7.1,0.77,134,1
PAT-15943,86,Female,Elective,Type 2 Diabetes,7,1,9,1,6.0,1.02,128,1
PAT-15944,90,Female,Elective,COPD Exacerbation,5,2,12,1,10.6,2.02,131,0
PAT-15945,54,Male,Urgent,Heart Failure,1,3,7,0,6.0,0.8,119,0
PAT-15946,54,Female,Elective,Acute Myocardial Infarction,9,3,6,0,7.1,2.71,136,0
PAT-15947,19,Male,Urgent,Heart Failure,5,6,8,2,4.5,0.97,90,1
PAT-15948,75,Female,Emergency,Heart Failure,5,3,4,2,5.6,2.19,101,1
PAT-15949,83,Male,Emergency,Heart Failure,8,2,8,2,4.8,1.03,135,1
PAT-15950,37,Male,Elective,Heart Failure,6,1,11,0,6.9,1.45,134,0
PAT-15951,38,Female,Elective,Acute Myocardial Infarction,5,2,4,1,10.1,0.86,164,0
PAT-15952,81,Female,Emergency,Ischemic Stroke,7,5,6,0,5.1,0.61,139,1
PAT-15953,72,Female,Emergency,Acute Myocardial Infarction,6,6,5,1,3.9,2.09,113,0
PAT-15954,25,Female,Emergency,Sepsis,9,2,10,1,8.5,3.65,134,1
PAT-15955,72,Male,Emergency,Heart Failure,2,3,8,0,8.1,2.36,144,0
PAT-15956,52,Male,Emergency,Heart Failure,5,2,6,0,6.7,1.12,148,0
PAT-15957,56,Female,Emergency,COPD Exacerbation,5,3,12,1,6.2,0.84,125,1
PAT-15958,80,Male,Elective,Ischemic Stroke,8,5,11,1,7.4,0.91,116,1
PAT-15959,82,Female,Elective,COPD Exacerbation,6,1,11,1,9.3,5.73,158,1
PAT-15960,58,Male,Elective,Type 2 Diabetes,6,4,12,1,5.7,3.96,121,0
PAT-15961,89,Male,Urgent,Heart Failure,6,3,8,3,7.9,1.07,103,1
PAT-15962,59,Male,Emergency,Heart Failure,5,1,10,1,7.4,0.67,130,1
PAT-15963,80,Female,Emergency,Type 2 Diabetes,5,4,4,1,8.1,1.84,136,1
PAT-15964,64,Male,Emergency,Acute Myocardial Infarction,4,3,7,0,6.4,0.54,140,1
PAT-15965,87,Female,Urgent,Heart Failure,3,2,9,0,8.0,1.38,113,0
PAT-15966,87,Male,Emergency,Sepsis,10,2,8,0,8.7,0.67,147,1
PAT-15967,30,Female,Elective,Ischemic Stroke,6,1,4,2,9.4,0.84,113,0
PAT-15968,89,Female,Emergency,Total Hip Arthroplasty,3,0,14,0,6.3,2.14,117,0
PAT-15969,83,Male,Urgent,Total Hip Arthroplasty,4,9,8,2,9.9,2.5,115,1
PAT-15970,81,Male,Emergency,Heart Failure,1,1,7,0,6.3,0.81,110,1
PAT-15971,42,Female,Elective,Ischemic Stroke,8,1,10,2,7.5,1.17,184,1
PAT-15972,82,Male,Emergency,Type 2 Diabetes,6,2,14,2,8.7,1.58,141,1
PAT-15973,84,Female,Emergency,Sepsis,7,2,10,1,8.0,1.91,136,0
PAT-15974,50,Male,Elective,Heart Failure,3,3,8,0,5.8,2.58,155,0
PAT-15975,89,Male,Urgent,Pneumonia,10,3,3,0,5.4,1.41,120,1
PAT-15976,26,Female,Emergency,Heart Failure,1,4,15,1,6.2,0.75,114,1
PAT-15977,37,Male,Urgent,Heart Failure,5,0,6,3,8.0,1.03,135,1
PAT-15978,67,Female,Elective,Ischemic Stroke,6,2,5,1,6.6,1.34,126,0
PAT-15979,70,Female,Elective,Sepsis,10,2,9,1,6.5,2.46,142,1
PAT-15980,74,Male,Emergency,Pneumonia,7,4,14,1,7.8,2.3,155,1
PAT-15981,21,Male,Emergency,Pneumonia,4,6,7,1,6.6,1.62,144,0
PAT-15982,90,Male,Emergency,Acute Myocardial Infarction,6,4,7,0,6.2,0.94,125,1
PAT-15983,25,Male,Urgent,Type 2 Diabetes,1,3,12,1,8.9,1.45,166,0
PAT-15984,37,Male,Urgent,Acute Myocardial Infarction,1,0,9,1,6.4,1.16,141,0
PAT-15985,20,Female,Elective,Pneumonia,3,3,12,2,5.3,1.1,140,0
PAT-15986,69,Male,Emergency,COPD Exacerbation,3,2,7,3,7.4,1.08,135,0
PAT-15987,88,Female,Emergency,Ischemic Stroke,5,1,16,1,8.4,1.42,139,0
PAT-15988,75,Male,Urgent,Pneumonia,7,3,12,2,5.6,2.42,125,0
PAT-15989,83,Male,Emergency,Pneumonia,7,2,17,2,6.9,2.79,111,1
PAT-15990,20,Male,Elective,Total Hip Arthroplasty,2,5,5,1,6.4,1.44,148,0
PAT-15991,67,Female,Emergency,Total Hip Arthroplasty,4,1,14,0,8.0,1.28,120,0
PAT-15992,62,Male,Emergency,Ischemic Stroke,8,2,6,1,6.6,1.87,157,1
PAT-15993,65,Male,Elective,COPD Exacerbation,6,4,9,0,5.0,0.72,122,0
PAT-15994,29,Male,Emergency,Type 2 Diabetes,1,6,8,0,6.6,1.42,152,0
PAT-15995,76,Female,Emergency,Type 2 Diabetes,5,3,6,2,8.1,1.03,139,1
PAT-15996,65,Male,Urgent,Heart Failure,6,4,12,1,7.1,1.31,121,1
PAT-15997,80,Male,Elective,Acute Myocardial Infarction,10,1,7,1,6.4,2.24,132,0
PAT-15998,64,Male,Elective,Type 2 Diabetes,4,4,5,2,5.4,1.4,142,1
PAT-15999,37,Male,Elective,COPD Exacerbation,5,3,12,1,6.8,3.14,135,0
PAT-16000,74,Female,Emergency,Total Hip Arthroplasty,3,5,9,2,6.8,1.19,127,1
PAT-16001,40,Female,Emergency,Ischemic Stroke,6,3,8,1,6.0,4.44,156,0
PAT-16002,85,Female,Emergency,Heart Failure,6,3,7,5,8.7,2.18,136,1
PAT-16003,72,Female,Emergency,Type 2 Diabetes,3,2,14,0,7.3,1.19,116,0
PAT-16004,38,Male,Emergency,Sepsis,8,2,12,0,4.1,3.97,180,1
PAT-16005,90,Female,Elective,COPD Exacerbation,7,0,9,2,4.6,1.85,149,1
PAT-16006,66,Female,Emergency,Sepsis,8,3,5,2,9.4,0.89,159,1
PAT-16007,29,Female,Elective,Sepsis,9,4,7,1,6.9,0.98,147,1
PAT-16008,72,Male,Emergency,Pneumonia,8,4,16,1,7.0,0.52,132,1
PAT-16009,47,Female,Emergency,Type 2 Diabetes,1,2,11,0,8.9,0.92,120,0
PAT-16010,82,Female,Emergency,Pneumonia,5,1,9,2,8.2,1.23,141,1
PAT-16011,83,Female,Elective,COPD Exacerbation,7,1,8,1,6.4,0.78,116,0
PAT-16012,91,Female,Emergency,Type 2 Diabetes,4,3,14,0,8.1,1.65,138,1
PAT-16013,65,Male,Emergency,Acute Myocardial Infarction,3,5,10,0,9.4,1.0,155,0
PAT-16014,62,Female,Elective,Total Hip Arthroplasty,7,3,9,2,8.3,1.44,156,1
PAT-16015,79,Male,Emergency,Type 2 Diabetes,3,1,12,2,7.1,0.54,151,0
PAT-16016,36,Male,Emergency,Ischemic Stroke,3,1,8,1,6.3,0.68,108,0
PAT-16017,68,Male,Urgent,COPD Exacerbation,4,2,1,1,7.0,1.31,111,1
PAT-16018,68,Male,Emergency,Total Hip Arthroplasty,4,1,10,1,8.9,1.73,137,1
PAT-16019,31,Male,Emergency,Heart Failure,4,5,7,2,7.4,1.31,140,1
PAT-16020,59,Female,Elective,Type 2 Diabetes,7,4,10,1,8.8,2.0,162,1
PAT-16021,84,Male,Elective,Type 2 Diabetes,3,3,4,0,5.8,0.96,129,0
PAT-16022,85,Female,Emergency,Type 2 Diabetes,5,3,11,0,6.4,1.59,113,0
PAT-16023,32,Female,Emergency,Heart Failure,6,1,9,0,5.4,0.89,135,1
PAT-16024,31,Male,Emergency,Sepsis,6,2,8,2,9.9,3.57,142,1
PAT-16025,48,Female,Emergency,Pneumonia,7,5,5,0,8.5,0.58,122,0
PAT-16026,86,Male,Emergency,Ischemic Stroke,4,1,8,0,5.3,0.98,113,0
PAT-16027,35,Male,Emergency,COPD Exacerbation,7,1,6,0,6.7,1.67,138,0
PAT-16028,78,Female,Emergency,Heart Failure,8,2,6,0,6.0,0.81,101,1
PAT-16029,32,Male,Urgent,COPD Exacerbation,2,2,5,1,7.2,1.4,122,0
PAT-16030,72,Female,Elective,Ischemic Stroke,9,0,9,1,7.2,0.68,150,1
PAT-16031,55,Female,Urgent,COPD Exacerbation,7,2,5,1,9.4,1.15,134,1
PAT-16032,81,Male,Emergency,Heart Failure,3,2,14,0,7.8,1.77,137,0
PAT-16033,45,Female,Emergency,Total Hip Arthroplasty,1,3,8,0,7.6,3.06,122,0
PAT-16034,73,Male,Emergency,Type 2 Diabetes,7,3,9,0,8.9,0.58,114,0
PAT-16035,46,Male,Elective,Acute Myocardial Infarction,4,4,6,0,9.3,1.18,96,1
PAT-16036,77,Female,Emergency,Pneumonia,8,6,5,1,7.4,5.58,116,1
PAT-16037,86,Male,Emergency,Type 2 Diabetes,5,1,11,2,4.7,2.13,144,0
PAT-16038,35,Male,Emergency,Type 2 Diabetes,4,2,6,1,8.2,0.93,134,0
PAT-16039,85,Female,Emergency,Total Hip Arthroplasty,5,1,6,3,4.4,1.02,113,0
PAT-16040,71,Female,Emergency,Total Hip Arthroplasty,4,4,11,2,6.4,2.66,162,0
PAT-16041,35,Male,Emergency,Pneumonia,1,2,8,0,8.8,2.47,139,0
PAT-16042,60,Female,Emergency,Type 2 Diabetes,5,3,6,3,7.7,4.6,129,0
PAT-16043,39,Male,Elective,Heart Failure,6,1,7,1,4.4,1.22,121,0
PAT-16044,77,Female,Emergency,Heart Failure,3,1,8,2,8.0,2.44,141,1
PAT-16045,80,Male,Elective,Pneumonia,4,4,8,0,7.2,3.2,137,1
PAT-16046,33,Male,Emergency,Type 2 Diabetes,4,3,12,2,6.8,4.21,133,0
PAT-16047,65,Female,Emergency,Heart Failure,6,1,8,1,8.2,0.55,110,0
PAT-16048,83,Male,Emergency,Pneumonia,3,2,10,2,7.0,0.88,157,1
PAT-16049,89,Male,Emergency,Acute Myocardial Infarction,4,3,3,0,5.8,1.83,129,0
PAT-16050,66,Male,Emergency,Total Hip Arthroplasty,4,1,5,2,7.4,2.58,171,0
PAT-16051,89,Male,Emergency,COPD Exacerbation,7,5,13,1,5.3,1.59,116,1
PAT-16052,67,Male,Emergency,Acute Myocardial Infarction,4,2,6,2,4.9,0.6,113,1
PAT-16053,58,Male,Emergency,Type 2 Diabetes,3,3,10,1,7.4,3.3,119,1
PAT-16054,84,Male,Emergency,Pneumonia,5,5,11,0,7.6,0.96,113,0
PAT-16055,64,Male,Emergency,Acute Myocardial Infarction,7,2,8,3,9.1,1.52,120,1
PAT-16056,63,Female,Emergency,Acute Myocardial Infarction,5,1,5,2,6.7,2.04,122,0
PAT-16057,64,Male,Emergency,Pneumonia,5,4,11,0,6.6,2.04,117,1
PAT-16058,84,Female,Urgent,COPD Exacerbation,3,3,7,0,5.5,0.55,130,1
PAT-16059,83,Female,Emergency,Total Hip Arthroplasty,1,3,6,2,5.0,1.53,139,0
PAT-16060,58,Female,Emergency,COPD Exacerbation,8,3,10,1,4.2,1.15,146,1
PAT-16061,53,Female,Elective,COPD Exacerbation,4,1,9,0,7.6,0.63,155,0
PAT-16062,64,Female,Elective,Sepsis,8,1,7,1,8.2,1.73,145,0
PAT-16063,69,Female,Urgent,Heart Failure,5,5,4,0,8.3,1.77,130,0
PAT-16064,46,Female,Elective,Pneumonia,4,2,7,0,7.5,2.18,149,0
PAT-16065,82,Male,Elective,Ischemic Stroke,7,2,6,1,6.5,2.43,118,0
PAT-16066,64,Female,Urgent,Type 2 Diabetes,4,3,9,1,6.6,0.65,150,0
PAT-16067,53,Female,Emergency,Type 2 Diabetes,3,6,7,0,6.0,0.54,168,1
PAT-16068,33,Female,Elective,COPD Exacerbation,1,0,8,1,8.8,0.88,156,0
PAT-16069,46,Female,Urgent,Type 2 Diabetes,5,5,8,2,6.2,1.41,135,0
PAT-16070,89,Female,Elective,COPD Exacerbation,5,2,14,0,3.6,0.54,127,1
PAT-16071,51,Male,Urgent,Heart Failure,3,2,10,2,6.5,1.88,186,1
PAT-16072,39,Male,Emergency,COPD Exacerbation,3,2,8,2,7.9,1.79,140,0
PAT-16073,62,Male,Emergency,COPD Exacerbation,3,1,9,1,7.3,0.71,112,0
PAT-16074,51,Male,Urgent,Pneumonia,6,0,3,1,6.0,0.65,136,1
PAT-16075,23,Female,Emergency,Pneumonia,6,2,7,0,6.4,0.65,132,0
PAT-16076,53,Female,Elective,Type 2 Diabetes,2,2,4,1,5.0,3.15,137,0
PAT-16077,68,Female,Emergency,Type 2 Diabetes,1,0,7,1,8.0,1.92,157,0
PAT-16078,68,Male,Elective,Pneumonia,4,4,4,0,4.3,0.8,132,0
PAT-16079,55,Female,Urgent,Type 2 Diabetes,3,4,9,1,9.9,0.73,123,0
PAT-16080,61,Male,Emergency,Sepsis,6,5,9,1,7.0,1.0,163,1
PAT-16081,90,Female,Emergency,Acute Myocardial Infarction,4,2,9,3,5.3,4.43,158,1
PAT-16082,57,Female,Emergency,Type 2 Diabetes,2,1,6,2,3.8,0.56,159,0
PAT-16083,47,Male,Urgent,Heart Failure,5,1,9,1,5.4,0.95,117,0
PAT-16084,46,Male,Elective,Heart Failure,2,2,8,1,6.2,2.54,127,0
PAT-16085,62,Male,Emergency,COPD Exacerbation,6,2,8,0,5.8,2.57,160,0
PAT-16086,80,Male,Emergency,Type 2 Diabetes,8,3,8,0,5.2,1.44,107,0
PAT-16087,43,Male,Elective,Heart Failure,7,1,13,0,7.8,1.55,128,0
PAT-16088,77,Male,Elective,Type 2 Diabetes,3,1,14,1,6.2,2.0,111,0
PAT-16089,21,Male,Emergency,Ischemic Stroke,6,1,9,1,5.5,2.76,117,1
PAT-16090,60,Female,Emergency,Acute Myocardial Infarction,6,2,9,1,11.4,0.55,161,1
PAT-16091,81,Male,Elective,Sepsis,9,1,14,2,5.4,2.36,100,0
PAT-16092,54,Male,Emergency,Heart Failure,5,4,6,0,6.8,0.96,154,1
PAT-16093,69,Female,Urgent,Heart Failure,7,3,4,2,5.8,1.02,145,1
PAT-16094,43,Male,Emergency,Heart Failure,6,2,4,0,11.0,2.19,128,0
PAT-16095,79,Male,Elective,Ischemic Stroke,6,2,10,1,8.9,0.88,120,0
PAT-16096,26,Female,Emergency,Type 2 Diabetes,4,4,13,1,8.3,1.94,124,0
PAT-16097,84,Female,Urgent,Pneumonia,10,2,8,2,5.7,1.91,183,1
PAT-16098,42,Female,Emergency,Pneumonia,7,1,10,0,9.1,3.58,128,0
PAT-16099,86,Male,Emergency,Acute Myocardial Infarction,9,4,7,0,3.2,1.73,163,1
PAT-16100,55,Male,Emergency,Type 2 Diabetes,1,2,4,4,10.3,1.08,135,1
PAT-16101,78,Female,Elective,COPD Exacerbation,7,1,8,1,6.4,0.53,143,0
PAT-16102,52,Male,Emergency,Ischemic Stroke,7,1,10,0,6.7,1.41,145,0
PAT-16103,87,Female,Emergency,Pneumonia,9,2,7,0,6.4,0.75,130,0
PAT-16104,35,Male,Emergency,COPD Exacerbation,2,0,4,1,8.3,0.56,158,0
PAT-16105,40,Female,Emergency,Pneumonia,4,2,13,0,5.9,0.86,134,0
PAT-16106,64,Female,Emergency,Sepsis,11,4,7,2,6.1,0.52,134,1
PAT-16107,30,Male,Emergency,Type 2 Diabetes,1,1,10,1,6.8,0.83,132,1
PAT-16108,42,Female,Elective,Heart Failure,5,0,8,0,8.7,3.11,118,0
PAT-16109,89,Female,Elective,Acute Myocardial Infarction,6,2,7,0,10.0,0.66,122,1
PAT-16110,90,Female,Elective,Pneumonia,7,3,7,3,6.8,1.97,134,1
PAT-16111,57,Female,Urgent,Total Hip Arthroplasty,4,2,4,1,5.8,1.03,148,0
PAT-16112,88,Female,Emergency,COPD Exacerbation,4,1,10,2,8.1,0.66,165,0
PAT-16113,68,Male,Elective,COPD Exacerbation,4,3,10,1,9.5,1.02,149,1
PAT-16114,48,Male,Emergency,Heart Failure,4,1,7,1,5.2,0.92,139,0
PAT-16115,77,Male,Emergency,Acute Myocardial Infarction,3,3,7,1,7.8,0.61,135,1
PAT-16116,74,Male,Emergency,Acute Myocardial Infarction,7,0,6,1,10.1,1.86,126,0
PAT-16117,91,Female,Emergency,COPD Exacerbation,4,4,7,0,7.1,0.96,128,1
PAT-16118,48,Female,Emergency,Type 2 Diabetes,5,4,7,2,7.8,0.92,128,1
PAT-16119,75,Female,Emergency,Ischemic Stroke,6,2,11,2,7.6,0.86,131,1
PAT-16120,26,Male,Elective,Type 2 Diabetes,4,1,7,1,6.9,0.68,132,0
PAT-16121,34,Male,Emergency,Heart Failure,1,3,5,2,11.0,1.73,139,0
PAT-16122,18,Female,Emergency,Ischemic Stroke,8,1,9,0,7.8,0.81,146,0
PAT-16123,91,Female,Emergency,Acute Myocardial Infarction,8,4,10,2,8.2,0.56,136,1
PAT-16124,82,Female,Emergency,Pneumonia,6,5,10,2,4.7,0.78,163,0
PAT-16125,81,Male,Emergency,Total Hip Arthroplasty,2,5,4,0,6.8,1.63,105,1
PAT-16126,65,Male,Emergency,Heart Failure,6,3,15,0,8.3,1.92,112,1
PAT-16127,51,Female,Emergency,Heart Failure,2,0,7,0,6.5,1.52,107,0
PAT-16128,38,Male,Elective,Acute Myocardial Infarction,4,1,5,0,8.8,0.69,144,0
PAT-16129,50,Female,Elective,Heart Failure,3,3,12,1,6.3,2.38,177,1
PAT-16130,57,Male,Emergency,Total Hip Arthroplasty,2,0,7,0,7.3,2.26,106,0
PAT-16131,80,Male,Emergency,Sepsis,8,1,6,0,9.3,1.09,138,0
PAT-16132,67,Male,Elective,Type 2 Diabetes,2,3,13,0,7.0,1.45,134,0
PAT-16133,29,Female,Emergency,Total Hip Arthroplasty,5,5,3,2,8.7,2.9,151,0
PAT-16134,21,Female,Emergency,Heart Failure,5,3,14,2,8.1,1.16,123,1
PAT-16135,32,Female,Emergency,COPD Exacerbation,1,2,14,2,6.0,1.17,150,0
PAT-16136,59,Female,Elective,Total Hip Arthroplasty,1,1,7,0,5.7,1.27,129,0
PAT-16137,88,Male,Elective,Sepsis,11,3,8,1,9.3,1.79,120,1
PAT-16138,73,Male,Elective,Type 2 Diabetes,6,2,10,1,8.1,0.8,132,1
PAT-16139,82,Female,Emergency,Heart Failure,3,3,9,1,6.2,0.74,132,1
PAT-16140,63,Female,Emergency,Type 2 Diabetes,5,1,8,1,6.7,0.76,114,0
PAT-16141,56,Female,Emergency,Pneumonia,6,5,9,0,5.7,2.17,121,1
PAT-16142,33,Male,Elective,COPD Exacerbation,1,3,12,1,4.6,1.35,122,0
PAT-16143,86,Male,Urgent,Heart Failure,5,2,10,0,7.7,1.86,127,1
PAT-16144,81,Female,Emergency,Pneumonia,7,0,4,1,6.9,0.8,125,0
PAT-16145,39,Female,Emergency,Sepsis,8,2,5,2,5.8,1.94,125,1
PAT-16146,66,Male,Emergency,Pneumonia,4,3,4,1,4.2,0.71,125,0
PAT-16147,64,Male,Emergency,Heart Failure,4,4,5,1,7.8,1.37,110,1
PAT-16148,72,Female,Emergency,Ischemic Stroke,6,5,7,0,8.5,2.92,139,1
PAT-16149,89,Male,Emergency,Type 2 Diabetes,4,1,9,4,6.7,4.21,120,1
PAT-16150,70,Male,Urgent,Sepsis,8,3,9,0,8.0,0.64,157,1
PAT-16151,67,Male,Emergency,Heart Failure,5,6,10,2,7.5,1.93,145,1
PAT-16152,26,Male,Emergency,Pneumonia,5,1,12,1,7.5,0.96,134,0
PAT-16153,27,Female,Emergency,Pneumonia,8,1,6,0,7.6,2.37,112,0
PAT-16154,41,Male,Emergency,Pneumonia,7,3,10,0,7.7,0.85,172,0
PAT-16155,23,Female,Emergency,Pneumonia,7,2,12,3,7.6,0.66,120,1
PAT-16156,79,Female,Elective,Type 2 Diabetes,3,0,11,1,7.7,1.39,131,0
PAT-16157,78,Female,Emergency,Pneumonia,5,2,10,1,7.5,1.12,114,0
PAT-16158,36,Female,Urgent,Pneumonia,7,1,11,1,9.2,0.89,160,0
PAT-16159,84,Female,Emergency,Type 2 Diabetes,5,3,3,0,6.4,0.66,105,0
PAT-16160,38,Male,Emergency,Ischemic Stroke,7,5,10,2,5.7,1.91,150,1
PAT-16161,51,Male,Emergency,Sepsis,6,2,1,1,6.5,1.3,115,0
PAT-16162,47,Male,Elective,Total Hip Arthroplasty,4,3,4,0,5.6,1.65,146,0
PAT-16163,56,Female,Emergency,Acute Myocardial Infarction,4,1,7,0,6.2,0.92,137,0
PAT-16164,47,Female,Emergency,Heart Failure,4,2,12,0,5.1,6.97,136,1
PAT-16165,64,Male,Emergency,COPD Exacerbation,4,2,8,0,7.4,1.61,121,0
PAT-16166,59,Female,Urgent,Sepsis,10,2,12,0,7.2,1.74,126,1
PAT-16167,91,Male,Emergency,Heart Failure,8,5,9,0,7.9,1.21,112,1
PAT-16168,26,Female,Emergency,Pneumonia,4,3,10,1,6.1,4.99,142,0
PAT-16169,37,Male,Emergency,Pneumonia,6,3,11,1,9.5,0.63,156,0
PAT-16170,26,Female,Emergency,Type 2 Diabetes,3,0,6,1,8.0,2.5,150,0
PAT-16171,72,Male,Emergency,Type 2 Diabetes,6,2,10,0,5.4,3.0,140,0
PAT-16172,26,Male,Emergency,Ischemic Stroke,7,1,3,1,5.3,1.58,152,0
PAT-16173,84,Male,Elective,Acute Myocardial Infarction,9,0,8,2,6.4,2.32,151,1
PAT-16174,66,Male,Emergency,Type 2 Diabetes,3,3,5,3,5.3,1.47,131,0
PAT-16175,67,Female,Elective,COPD Exacerbation,8,2,11,2,7.3,0.67,109,1
PAT-16176,69,Male,Elective,Type 2 Diabetes,4,3,9,0,7.3,1.82,171,1
PAT-16177,40,Female,Emergency,COPD Exacerbation,2,2,5,1,6.0,0.82,133,0
PAT-16178,42,Male,Emergency,Total Hip Arthroplasty,1,2,5,1,6.2,2.23,157,0
PAT-16179,52,Female,Elective,COPD Exacerbation,5,3,3,0,6.2,1.16,143,0
PAT-16180,71,Male,Elective,Acute Myocardial Infarction,6,1,8,1,7.4,2.25,137,0
PAT-16181,43,Male,Elective,Pneumonia,3,4,9,3,7.2,0.73,146,1
PAT-16182,34,Female,Elective,Pneumonia,3,2,10,1,6.2,2.57,153,0
PAT-16183,90,Female,Emergency,Acute Myocardial Infarction,5,2,13,1,6.6,1.46,137,0
PAT-16184,21,Female,Elective,Sepsis,5,0,8,0,4.9,1.49,151,0
PAT-16185,82,Male,Emergency,COPD Exacerbation,2,1,7,1,6.1,1.4,149,1
PAT-16186,81,Female,Emergency,Ischemic Stroke,3,4,9,0,7.9,0.82,105,1
PAT-16187,51,Male,Emergency,Sepsis,7,6,6,0,6.8,2.33,110,0
PAT-16188,36,Male,Elective,Acute Myocardial Infarction,4,2,7,1,4.8,0.68,108,0
PAT-16189,37,Male,Emergency,Sepsis,9,3,10,2,6.9,0.55,160,1
PAT-16190,76,Male,Elective,Type 2 Diabetes,2,1,8,0,8.0,1.49,132,0
PAT-16191,73,Female,Elective,Pneumonia,4,4,10,0,8.7,0.65,133,0
PAT-16192,81,Male,Urgent,COPD Exacerbation,5,0,9,2,4.9,3.53,121,1
PAT-16193,89,Male,Elective,Pneumonia,7,4,7,1,7.7,1.7,103,1
PAT-16194,76,Male,Emergency,Sepsis,11,2,12,1,8.0,1.11,127,1
PAT-16195,38,Male,Elective,Heart Failure,6,3,6,1,7.1,2.28,152,0
PAT-16196,46,Male,Elective,Type 2 Diabetes,2,1,11,1,7.8,0.63,143,0
PAT-16197,84,Female,Elective,Total Hip Arthroplasty,5,3,11,1,4.9,0.66,116,0
PAT-16198,43,Male,Urgent,Heart Failure,3,1,5,0,7.4,1.07,144,0
PAT-16199,29,Male,Emergency,Type 2 Diabetes,3,2,4,2,6.2,1.12,120,1
PAT-16200,77,Male,Emergency,Type 2 Diabetes,4,0,5,2,5.7,0.65,127,0
PAT-16201,58,Male,Emergency,Acute Myocardial Infarction,7,4,12,1,9.3,0.91,121,1
PAT-16202,88,Female,Elective,COPD Exacerbation,7,2,12,0,8.4,2.51,103,1
PAT-16203,74,Male,Emergency,Ischemic Stroke,6,3,9,0,4.8,1.41,138,0
PAT-16204,31,Male,Elective,Type 2 Diabetes,1,2,9,1,11.0,1.62,144,0
PAT-16205,89,Female,Emergency,Total Hip Arthroplasty,3,4,14,0,7.8,0.73,138,1
PAT-16206,47,Male,Elective,Type 2 Diabetes,1,3,8,0,5.4,1.97,87,0
PAT-16207,54,Female,Elective,Type 2 Diabetes,3,2,8,1,6.8,1.08,154,0
PAT-16208,58,Male,Emergency,Pneumonia,6,2,9,1,8.6,0.81,115,0
PAT-16209,26,Female,Elective,Heart Failure,5,3,10,0,8.5,0.76,108,0
PAT-16210,65,Male,Elective,Pneumonia,7,2,4,2,5.9,1.26,112,0
PAT-16211,35,Female,Emergency,Type 2 Diabetes,3,1,9,1,6.9,1.47,108,0
PAT-16212,58,Female,Emergency,Heart Failure,2,0,12,0,9.0,0.85,135,0
PAT-16213,55,Female,Emergency,Sepsis,6,3,9,1,8.1,2.67,154,0
PAT-16214,80,Female,Elective,Pneumonia,6,2,8,0,8.0,1.38,140,0
PAT-16215,82,Male,Emergency,Ischemic Stroke,9,3,6,1,7.3,1.39,149,1
PAT-16216,38,Female,Emergency,Total Hip Arthroplasty,3,5,3,1,3.0,0.87,152,0
PAT-16217,56,Male,Emergency,Heart Failure,4,2,3,2,7.5,1.09,136,1
PAT-16218,56,Male,Emergency,Pneumonia,11,0,2,1,5.7,0.73,142,0
PAT-16219,38,Male,Elective,COPD Exacerbation,7,3,5,2,7.5,0.86,154,0
PAT-16220,82,Male,Elective,Sepsis,12,5,4,0,2.1,4.31,137,1
PAT-16221,77,Female,Emergency,Total Hip Arthroplasty,5,3,12,2,5.8,1.36,175,1
PAT-16222,41,Female,Elective,COPD Exacerbation,5,1,11,0,8.9,3.04,159,0
PAT-16223,56,Female,Elective,Heart Failure,6,4,5,1,6.7,1.36,118,1
PAT-16224,33,Female,Emergency,Pneumonia,1,1,10,0,6.8,0.58,134,0
PAT-16225,73,Male,Emergency,Total Hip Arthroplasty,1,7,11,0,7.9,0.88,103,1
PAT-16226,34,Female,Urgent,Acute Myocardial Infarction,3,6,8,2,6.6,1.97,142,0
PAT-16227,91,Male,Elective,Total Hip Arthroplasty,4,6,10,3,7.7,4.22,121,1
PAT-16228,81,Female,Elective,Acute Myocardial Infarction,5,0,2,1,5.4,2.87,132,0
PAT-16229,58,Male,Emergency,Heart Failure,6,3,5,2,5.8,1.78,150,1
PAT-16230,70,Female,Elective,Ischemic Stroke,3,1,7,0,9.4,0.56,122,0
PAT-16231,87,Female,Emergency,Total Hip Arthroplasty,5,4,9,1,6.9,3.41,129,1
PAT-16232,68,Male,Elective,Heart Failure,6,2,4,1,10.0,1.12,111,1
PAT-16233,40,Female,Urgent,Heart Failure,4,2,7,3,7.2,2.25,110,0
PAT-16234,57,Male,Urgent,COPD Exacerbation,7,3,8,1,6.1,1.07,116,1
PAT-16235,84,Male,Elective,Acute Myocardial Infarction,3,2,7,1,5.3,1.79,100,0
PAT-16236,73,Female,Emergency,Pneumonia,6,1,6,1,8.9,0.6,113,1
PAT-16237,74,Male,Urgent,Heart Failure,6,3,6,1,7.4,1.49,122,0
PAT-16238,85,Female,Emergency,Pneumonia,5,5,10,1,6.2,0.94,136,1
PAT-16239,86,Male,Elective,Type 2 Diabetes,1,6,7,1,8.3,0.62,146,1
PAT-16240,88,Female,Emergency,Type 2 Diabetes,3,2,7,1,8.7,0.78,146,1
PAT-16241,31,Male,Elective,COPD Exacerbation,4,1,14,3,6.3,1.22,123,1
PAT-16242,68,Female,Emergency,Total Hip Arthroplasty,3,4,14,1,10.5,1.24,122,0
PAT-16243,79,Female,Elective,COPD Exacerbation,6,3,7,1,7.2,1.58,125,1
PAT-16244,80,Male,Emergency,Acute Myocardial Infarction,4,1,6,0,6.9,0.69,134,0
PAT-16245,71,Female,Emergency,COPD Exacerbation,3,4,9,0,10.0,1.42,115,1
PAT-16246,39,Female,Elective,COPD Exacerbation,4,0,7,0,8.3,1.63,134,0
PAT-16247,82,Male,Elective,Type 2 Diabetes,4,1,7,0,7.8,5.44,124,0
PAT-16248,78,Male,Emergency,Type 2 Diabetes,6,1,10,1,9.8,1.34,162,1
PAT-16249,30,Female,Emergency,Type 2 Diabetes,1,1,10,1,6.6,1.65,88,0
PAT-16250,63,Female,Emergency,Total Hip Arthroplasty,1,0,15,0,7.1,2.1,137,0
PAT-16251,40,Female,Elective,Sepsis,3,3,11,2,7.3,0.55,88,0
PAT-16252,54,Female,Urgent,COPD Exacerbation,4,0,5,0,8.2,4.39,129,0
PAT-16253,21,Female,Elective,Total Hip Arthroplasty,2,5,11,0,4.3,1.89,124,1
PAT-16254,58,Female,Emergency,Total Hip Arthroplasty,2,4,8,2,6.1,1.06,121,0
PAT-16255,68,Male,Emergency,Total Hip Arthroplasty,2,5,9,0,5.0,1.52,139,1
PAT-16256,72,Male,Urgent,Type 2 Diabetes,1,3,3,0,5.9,0.94,132,0
PAT-16257,75,Female,Emergency,Acute Myocardial Infarction,1,2,9,0,8.4,4.05,128,0
PAT-16258,84,Female,Emergency,COPD Exacerbation,6,2,5,1,8.0,1.02,128,1
PAT-16259,44,Male,Emergency,Acute Myocardial Infarction,3,4,8,2,7.2,1.01,122,1
PAT-16260,34,Female,Elective,Type 2 Diabetes,2,3,18,0,8.7,0.54,136,0
PAT-16261,84,Male,Urgent,Acute Myocardial Infarction,2,1,12,1,7.7,2.41,108,0
PAT-16262,38,Male,Emergency,Pneumonia,3,2,6,2,8.1,1.39,142,0
PAT-16263,90,Male,Elective,Sepsis,10,4,8,1,6.6,1.24,166,1
PAT-16264,84,Female,Emergency,Sepsis,10,3,8,0,4.8,1.57,125,1
PAT-16265,65,Male,Emergency,Type 2 Diabetes,4,0,10,0,10.0,5.6,135,0
PAT-16266,91,Male,Emergency,Heart Failure,9,2,9,0,6.1,3.39,114,1
PAT-16267,32,Male,Emergency,Acute Myocardial Infarction,2,1,13,1,5.4,1.44,129,0
PAT-16268,51,Male,Emergency,COPD Exacerbation,7,1,6,1,6.9,2.58,150,0
PAT-16269,73,Female,Elective,COPD Exacerbation,6,5,8,2,6.3,3.25,126,1
PAT-16270,55,Female,Emergency,Acute Myocardial Infarction,4,1,14,0,7.6,0.51,145,0
PAT-16271,88,Male,Emergency,Sepsis,12,1,7,0,6.1,1.55,132,0
PAT-16272,28,Male,Emergency,Type 2 Diabetes,1,0,6,1,6.6,0.65,144,0
PAT-16273,68,Male,Emergency,COPD Exacerbation,4,1,4,1,5.6,2.12,116,0
PAT-16274,70,Male,Emergency,Sepsis,7,0,4,1,6.8,0.89,114,0
PAT-16275,74,Female,Emergency,Total Hip Arthroplasty,5,1,11,0,5.6,0.79,118,1
PAT-16276,47,Female,Elective,Type 2 Diabetes,4,3,12,1,6.7,1.59,132,0
PAT-16277,56,Male,Urgent,Heart Failure,7,3,7,0,6.4,5.27,131,1
PAT-16278,84,Female,Elective,Type 2 Diabetes,5,3,4,1,7.1,0.66,115,0
PAT-16279,42,Male,Emergency,Ischemic Stroke,8,3,13,1,5.8,2.31,145,0
PAT-16280,83,Female,Urgent,Pneumonia,5,2,6,1,5.4,1.42,150,1
PAT-16281,69,Male,Emergency,Pneumonia,8,2,5,0,6.0,0.54,125,0
PAT-16282,80,Male,Emergency,Heart Failure,5,2,6,1,4.5,0.78,162,0
PAT-16283,77,Female,Emergency,Heart Failure,6,0,7,2,6.3,1.58,144,0
PAT-16284,43,Female,Emergency,COPD Exacerbation,6,3,12,3,3.9,1.08,155,1
PAT-16285,69,Male,Urgent,COPD Exacerbation,10,3,8,2,6.2,0.86,130,1
PAT-16286,85,Male,Emergency,COPD Exacerbation,7,3,5,0,7.9,0.86,105,0
PAT-16287,60,Male,Emergency,Heart Failure,7,3,5,2,7.7,0.84,147,1
PAT-16288,90,Female,Emergency,Type 2 Diabetes,4,3,9,0,7.2,1.52,140,0
PAT-16289,62,Female,Elective,Sepsis,9,1,7,0,6.0,1.97,106,0
PAT-16290,37,Female,Elective,Heart Failure,4,3,7,0,8.2,1.15,134,1
PAT-16291,57,Female,Emergency,Total Hip Arthroplasty,6,3,12,0,4.9,1.45,146,0
PAT-16292,89,Male,Elective,Heart Failure,6,1,9,0,6.3,2.56,160,0
PAT-16293,52,Male,Elective,Heart Failure,7,3,14,1,6.1,4.0,137,0
PAT-16294,85,Female,Emergency,Pneumonia,4,3,12,0,7.2,0.62,117,1
PAT-16295,86,Female,Elective,Ischemic Stroke,11,3,11,0,6.3,0.57,133,1
PAT-16296,55,Female,Emergency,Type 2 Diabetes,2,5,9,3,6.8,0.56,112,1
PAT-16297,30,Male,Emergency,COPD Exacerbation,5,5,10,0,6.2,1.47,119,1
PAT-16298,78,Female,Elective,COPD Exacerbation,4,4,4,1,9.2,0.54,136,0
PAT-16299,52,Male,Emergency,Heart Failure,6,2,6,1,6.8,0.96,154,0
PAT-16300,81,Female,Emergency,Type 2 Diabetes,3,3,7,0,4.3,2.58,154,0
PAT-16301,61,Male,Elective,Total Hip Arthroplasty,5,2,10,0,9.0,0.63,141,0
PAT-16302,64,Female,Emergency,Heart Failure,7,2,3,0,7.0,3.2,146,1
PAT-16303,81,Female,Emergency,Acute Myocardial Infarction,4,1,12,0,9.6,1.17,125,1
PAT-16304,57,Male,Emergency,Ischemic Stroke,8,4,6,0,8.3,1.55,128,1
PAT-16305,61,Male,Emergency,Heart Failure,7,0,2,0,5.0,3.42,116,0
PAT-16306,57,Female,Emergency,Pneumonia,4,1,9,0,4.8,0.86,139,0
PAT-16307,56,Female,Urgent,Type 2 Diabetes,1,5,8,0,8.6,3.86,163,1
PAT-16308,66,Female,Emergency,Type 2 Diabetes,2,1,15,1,7.2,2.94,104,0
PAT-16309,82,Female,Elective,Heart Failure,4,5,12,0,4.4,2.31,128,1
PAT-16310,56,Male,Emergency,COPD Exacerbation,2,7,10,0,5.5,0.51,130,0
PAT-16311,66,Male,Elective,Acute Myocardial Infarction,6,2,3,0,5.3,1.75,123,0
PAT-16312,75,Female,Urgent,Acute Myocardial Infarction,6,2,9,1,6.0,2.31,130,1
PAT-16313,48,Female,Emergency,Total Hip Arthroplasty,1,2,9,0,5.9,1.05,143,0
PAT-16314,49,Female,Elective,Heart Failure,4,3,6,2,9.2,6.22,124,0
PAT-16315,88,Female,Urgent,Type 2 Diabetes,3,1,10,1,5.1,0.74,147,1
PAT-16316,78,Female,Elective,Type 2 Diabetes,6,1,7,0,5.3,2.38,91,0
PAT-16317,70,Male,Emergency,Type 2 Diabetes,3,4,9,0,6.0,1.42,101,0
PAT-16318,74,Female,Elective,Heart Failure,3,1,6,1,7.6,1.17,173,0
PAT-16319,23,Male,Elective,Pneumonia,5,2,9,0,7.3,2.14,130,0
PAT-16320,72,Male,Emergency,Sepsis,10,3,11,1,6.2,0.75,144,0
PAT-16321,65,Male,Emergency,Ischemic Stroke,5,1,8,1,6.9,0.74,136,1
PAT-16322,68,Male,Emergency,Heart Failure,5,1,7,0,8.1,1.13,121,0
PAT-16323,55,Male,Emergency,Sepsis,7,2,10,2,5.5,1.75,128,0
PAT-16324,30,Male,Urgent,Sepsis,10,2,7,0,8.0,1.78,153,1
PAT-16325,42,Female,Emergency,Pneumonia,4,1,4,0,7.9,0.6,128,0
PAT-16326,89,Female,Emergency,Heart Failure,5,2,4,0,4.9,1.02,150,0
PAT-16327,59,Female,Elective,Ischemic Stroke,7,1,5,1,8.4,0.52,147,1
PAT-16328,63,Male,Emergency,COPD Exacerbation,5,6,13,0,7.9,1.58,151,1
PAT-16329,26,Male,Emergency,Ischemic Stroke,7,2,5,0,8.1,1.04,142,0
PAT-16330,24,Female,Emergency,Pneumonia,7,6,14,3,4.6,1.57,143,1
PAT-16331,77,Male,Emergency,Pneumonia,9,2,8,1,9.1,0.66,106,0
PAT-16332,67,Male,Emergency,Type 2 Diabetes,3,5,11,2,7.3,1.72,147,1
PAT-16333,65,Male,Emergency,Ischemic Stroke,8,1,5,1,8.0,1.24,110,0
PAT-16334,46,Male,Emergency,Type 2 Diabetes,6,1,10,0,8.7,2.51,159,0
PAT-16335,79,Male,Elective,Heart Failure,9,4,4,2,7.4,2.13,154,1
PAT-16336,39,Female,Elective,Pneumonia,3,2,8,0,8.8,4.1,142,0
PAT-16337,41,Female,Emergency,Type 2 Diabetes,4,1,16,1,6.8,0.91,152,0
PAT-16338,62,Male,Elective,Type 2 Diabetes,5,1,10,1,5.7,2.66,102,0
PAT-16339,50,Female,Elective,COPD Exacerbation,6,2,8,0,6.7,2.34,122,1
PAT-16340,47,Female,Emergency,Type 2 Diabetes,6,2,10,2,7.6,0.59,128,1
PAT-16341,74,Male,Urgent,Pneumonia,4,1,7,3,7.0,1.65,152,1
PAT-16342,74,Male,Urgent,Heart Failure,4,1,6,1,9.4,0.68,108,0
PAT-16343,83,Male,Emergency,COPD Exacerbation,8,2,10,0,7.9,1.75,121,1
PAT-16344,59,Female,Emergency,Heart Failure,5,2,13,1,4.4,3.38,101,1
PAT-16345,29,Male,Emergency,Type 2 Diabetes,1,1,11,0,7.9,0.7,93,0
PAT-16346,49,Female,Emergency,Acute Myocardial Infarction,1,2,7,0,9.8,0.74,129,0
PAT-16347,91,Female,Urgent,Type 2 Diabetes,6,2,7,1,8.3,1.29,130,1
PAT-16348,71,Male,Urgent,Heart Failure,7,4,7,0,9.4,0.74,153,1
PAT-16349,77,Female,Emergency,COPD Exacerbation,3,2,5,0,10.1,1.59,139,0
PAT-16350,19,Female,Elective,Type 2 Diabetes,4,1,7,0,4.1,0.86,129,1
PAT-16351,66,Male,Emergency,Type 2 Diabetes,4,3,7,0,9.4,2.1,123,1
PAT-16352,24,Female,Emergency,COPD Exacerbation,1,4,12,2,8.0,1.94,121,1
PAT-16353,69,Male,Elective,Acute Myocardial Infarction,4,4,14,2,6.7,1.5,135,0
PAT-16354,88,Female,Urgent,Acute Myocardial Infarction,3,1,9,1,8.5,1.23,127,1
PAT-16355,90,Male,Emergency,Pneumonia,6,7,8,0,10.0,2.22,124,1
PAT-16356,67,Female,Emergency,Pneumonia,3,1,6,0,8.1,0.54,137,1
PAT-16357,62,Male,Emergency,Sepsis,9,3,6,0,7.3,1.36,150,0
PAT-16358,89,Female,Emergency,Heart Failure,7,3,9,5,10.5,5.35,143,1
PAT-16359,75,Male,Emergency,Heart Failure,3,3,6,0,9.0,1.71,125,0
PAT-16360,28,Female,Emergency,COPD Exacerbation,4,1,8,0,8.0,0.58,161,0
PAT-16361,63,Female,Emergency,Pneumonia,5,4,10,1,7.4,1.34,120,1
PAT-16362,46,Male,Elective,Acute Myocardial Infarction,5,1,6,1,7.0,0.8,122,0
PAT-16363,63,Female,Emergency,Type 2 Diabetes,1,2,6,1,4.0,2.29,148,1
PAT-16364,62,Female,Emergency,Type 2 Diabetes,5,1,8,0,5.4,1.08,151,0
PAT-16365,70,Female,Elective,Total Hip Arthroplasty,1,3,7,0,8.7,2.45,111,0
PAT-16366,55,Male,Elective,Pneumonia,5,2,16,0,8.1,0.64,129,0
PAT-16367,39,Female,Emergency,COPD Exacerbation,3,1,15,2,7.9,0.82,128,1
PAT-16368,65,Female,Emergency,Heart Failure,5,2,8,0,6.5,2.19,124,0
PAT-16369,83,Female,Elective,Heart Failure,3,2,6,1,8.8,0.77,130,0
PAT-16370,75,Male,Emergency,Heart Failure,9,3,9,0,7.0,1.26,139,1
PAT-16371,54,Male,Emergency,Pneumonia,3,3,8,2,5.7,2.08,94,0
PAT-16372,88,Female,Emergency,Ischemic Stroke,5,2,8,0,8.4,0.66,134,0
PAT-16373,87,Female,Emergency,Total Hip Arthroplasty,8,2,11,1,7.5,0.69,125,1
PAT-16374,43,Female,Emergency,COPD Exacerbation,5,3,7,0,7.6,1.19,106,0
PAT-16375,24,Female,Emergency,Sepsis,5,2,7,0,7.4,1.4,113,0
PAT-16376,79,Female,Elective,COPD Exacerbation,5,3,7,0,6.7,0.74,118,0
PAT-16377,83,Female,Elective,Type 2 Diabetes,4,5,5,2,8.5,2.15,132,1
PAT-16378,90,Male,Urgent,Heart Failure,3,1,6,0,11.2,1.59,127,0
PAT-16379,86,Male,Emergency,COPD Exacerbation,4,3,4,1,7.4,1.67,120,1
PAT-16380,71,Female,Emergency,Heart Failure,5,2,12,1,6.1,1.25,114,1
PAT-16381,67,Male,Elective,Pneumonia,9,1,14,1,6.6,2.52,117,1
PAT-16382,22,Male,Emergency,Sepsis,7,4,9,0,7.0,0.64,143,1
PAT-16383,46,Female,Emergency,Heart Failure,4,3,7,2,6.3,1.15,118,1
PAT-16384,62,Male,Emergency,Heart Failure,4,4,13,1,8.5,0.75,119,1
PAT-16385,73,Female,Emergency,Type 2 Diabetes,6,3,4,1,8.1,2.44,136,0
PAT-16386,68,Female,Emergency,COPD Exacerbation,7,1,10,1,8.1,2.67,111,1
PAT-16387,79,Male,Emergency,Type 2 Diabetes,6,3,6,2,7.6,0.67,133,0
PAT-16388,49,Female,Urgent,Pneumonia,6,2,9,0,7.7,0.98,132,0
PAT-16389,69,Female,Emergency,Type 2 Diabetes,1,0,3,1,5.5,0.97,129,0
PAT-16390,31,Female,Urgent,Pneumonia,7,2,9,2,6.1,0.92,111,0
PAT-16391,59,Female,Elective,Type 2 Diabetes,4,4,9,3,8.1,1.34,105,1
PAT-16392,79,Male,Emergency,Ischemic Stroke,7,3,5,1,6.1,1.27,131,1
PAT-16393,76,Female,Elective,Pneumonia,8,1,10,2,5.2,3.41,118,0
PAT-16394,91,Female,Elective,Acute Myocardial Infarction,6,4,10,1,7.8,0.86,92,0
PAT-16395,49,Female,Emergency,Acute Myocardial Infarction,2,3,13,1,7.6,3.6,150,0
PAT-16396,65,Female,Emergency,Pneumonia,6,4,9,3,7.1,0.94,150,1
PAT-16397,53,Male,Emergency,Type 2 Diabetes,1,3,11,2,7.0,1.09,121,0
PAT-16398,61,Female,Elective,Pneumonia,6,4,6,1,6.8,1.03,139,0
PAT-16399,85,Male,Emergency,Acute Myocardial Infarction,8,3,10,2,6.3,1.76,118,1
PAT-16400,76,Male,Emergency,Pneumonia,3,0,5,0,8.7,0.95,107,0
PAT-16401,86,Male,Emergency,Heart Failure,6,2,11,1,7.2,1.31,154,0
PAT-16402,43,Female,Emergency,Heart Failure,6,5,6,1,4.5,0.59,138,0
PAT-16403,85,Female,Emergency,Type 2 Diabetes,6,4,6,0,7.1,2.02,148,1
PAT-16404,27,Male,Emergency,Heart Failure,2,4,9,0,4.0,1.06,147,1
PAT-16405,86,Male,Urgent,Total Hip Arthroplasty,2,0,5,1,8.1,1.8,116,0
PAT-16406,53,Female,Elective,Heart Failure,4,1,10,0,6.2,2.07,77,0
PAT-16407,52,Female,Elective,Pneumonia,8,1,4,2,6.5,1.68,156,0
PAT-16408,66,Female,Elective,Acute Myocardial Infarction,1,5,7,0,8.4,2.3,93,0
PAT-16409,89,Male,Elective,Sepsis,7,2,8,0,8.6,3.14,123,1
PAT-16410,25,Female,Emergency,Pneumonia,4,4,13,0,6.2,0.94,106,1
PAT-16411,55,Male,Emergency,Heart Failure,3,0,7,0,8.0,1.0,116,0
PAT-16412,85,Male,Urgent,Type 2 Diabetes,5,0,5,1,6.9,1.27,157,0
PAT-16413,58,Male,Emergency,Pneumonia,9,3,11,0,8.3,2.01,149,1
PAT-16414,42,Male,Emergency,Type 2 Diabetes,1,1,13,2,10.0,2.51,115,0
PAT-16415,60,Female,Emergency,Type 2 Diabetes,3,2,3,4,7.6,1.2,164,1
PAT-16416,57,Male,Emergency,Heart Failure,5,1,6,2,5.1,2.37,133,1
PAT-16417,88,Male,Elective,Total Hip Arthroplasty,3,3,11,1,7.8,1.9,138,0
PAT-16418,80,Male,Emergency,Heart Failure,3,2,11,2,6.3,0.77,142,1
PAT-16419,65,Female,Elective,Pneumonia,5,4,13,1,7.5,2.41,110,0
PAT-16420,91,Male,Emergency,Ischemic Stroke,7,2,8,0,6.2,1.69,139,0
PAT-16421,63,Female,Emergency,COPD Exacerbation,6,2,8,1,8.4,2.39,172,0
PAT-16422,27,Female,Emergency,Type 2 Diabetes,3,2,8,1,7.3,0.59,118,1
PAT-16423,48,Male,Elective,Heart Failure,2,2,13,0,7.7,0.88,136,0
PAT-16424,61,Male,Elective,Ischemic Stroke,6,2,11,2,7.6,2.77,163,0
PAT-16425,38,Male,Emergency,Heart Failure,3,3,12,1,8.2,1.09,150,1
PAT-16426,89,Female,Emergency,Acute Myocardial Infarction,9,1,10,0,5.8,4.63,128,0
PAT-16427,80,Male,Urgent,Total Hip Arthroplasty,4,4,11,1,8.6,1.6,113,1
PAT-16428,48,Female,Emergency,Heart Failure,2,2,10,0,5.1,0.83,132,0
PAT-16429,70,Male,Emergency,Acute Myocardial Infarction,3,3,13,0,6.1,0.6,125,1
PAT-16430,78,Female,Emergency,Ischemic Stroke,7,3,7,0,9.0,2.22,120,1
PAT-16431,89,Male,Emergency,COPD Exacerbation,7,3,5,0,5.9,1.53,112,0
PAT-16432,86,Male,Emergency,Pneumonia,8,1,11,1,7.6,0.54,125,1
PAT-16433,66,Female,Emergency,Total Hip Arthroplasty,4,3,12,0,5.3,0.73,138,0
PAT-16434,81,Female,Urgent,COPD Exacerbation,5,1,8,1,6.6,0.71,97,0
PAT-16435,69,Male,Elective,Acute Myocardial Infarction,4,1,6,1,6.0,3.95,120,1
PAT-16436,68,Male,Elective,COPD Exacerbation,5,2,4,0,8.1,3.29,127,0
PAT-16437,34,Male,Emergency,Heart Failure,1,3,5,1,5.5,0.58,139,0
PAT-16438,35,Male,Elective,Type 2 Diabetes,3,2,8,0,4.8,2.02,146,0
PAT-16439,67,Female,Elective,Heart Failure,4,2,6,1,8.1,1.63,140,0
PAT-16440,48,Female,Urgent,Heart Failure,1,4,4,1,6.2,1.18,132,0
PAT-16441,21,Female,Emergency,Heart Failure,8,3,11,0,7.2,2.21,133,0
PAT-16442,78,Female,Emergency,Pneumonia,7,1,8,3,5.9,1.14,116,1
PAT-16443,23,Male,Elective,Heart Failure,4,3,9,1,5.2,3.1,127,0
PAT-16444,71,Female,Urgent,Sepsis,8,3,6,0,5.4,0.54,130,1
PAT-16445,67,Male,Urgent,Acute Myocardial Infarction,6,2,5,1,5.0,2.31,130,1
PAT-16446,90,Male,Elective,COPD Exacerbation,4,2,6,0,5.9,0.63,149,0
PAT-16447,64,Male,Emergency,Pneumonia,6,1,11,2,7.7,3.09,122,1
PAT-16448,27,Male,Emergency,Type 2 Diabetes,1,4,8,0,8.7,1.06,141,0
PAT-16449,68,Female,Urgent,Pneumonia,8,3,14,1,5.4,1.34,94,1
PAT-16450,84,Male,Emergency,COPD Exacerbation,4,1,11,2,7.3,0.66,183,1
PAT-16451,91,Female,Emergency,Sepsis,12,1,10,1,6.3,1.36,137,1
PAT-16452,60,Female,Urgent,Heart Failure,5,2,9,0,5.4,2.68,135,1
PAT-16453,52,Male,Emergency,Acute Myocardial Infarction,6,8,7,0,7.6,1.36,116,1
PAT-16454,87,Female,Elective,Acute Myocardial Infarction,6,2,14,1,7.5,1.06,133,1
PAT-16455,42,Male,Elective,COPD Exacerbation,6,3,9,1,8.2,1.02,137,0
PAT-16456,72,Male,Emergency,Type 2 Diabetes,2,4,10,0,6.8,0.81,91,0
PAT-16457,59,Male,Emergency,COPD Exacerbation,7,1,10,1,5.8,2.25,138,0
PAT-16458,24,Female,Emergency,Pneumonia,1,4,7,3,8.1,1.03,118,1
PAT-16459,54,Male,Elective,Pneumonia,6,3,5,0,6.4,1.09,90,1
PAT-16460,48,Female,Emergency,Pneumonia,4,2,13,0,8.8,1.52,100,1
PAT-16461,76,Male,Emergency,Heart Failure,3,0,3,2,7.2,2.38,113,0
PAT-16462,89,Female,Urgent,Heart Failure,4,3,1,2,7.8,2.22,136,1
PAT-16463,48,Male,Emergency,Heart Failure,3,2,7,0,7.8,1.01,169,0
PAT-16464,82,Female,Emergency,Type 2 Diabetes,4,2,12,1,5.8,1.92,136,0
PAT-16465,26,Female,Emergency,Type 2 Diabetes,1,2,6,0,7.3,3.02,171,0
PAT-16466,67,Female,Emergency,Type 2 Diabetes,4,4,9,0,8.0,5.58,146,1
PAT-16467,28,Female,Urgent,Type 2 Diabetes,1,3,8,1,6.6,1.46,134,0
PAT-16468,88,Male,Emergency,Acute Myocardial Infarction,5,4,4,1,9.9,1.21,143,1
PAT-16469,80,Female,Emergency,Sepsis,9,5,16,1,6.5,0.69,97,0
PAT-16470,74,Female,Urgent,Type 2 Diabetes,5,3,15,1,10.4,4.57,123,1
PAT-16471,83,Male,Elective,Type 2 Diabetes,6,3,8,1,8.6,0.75,105,0
PAT-16472,74,Female,Emergency,Sepsis,11,1,10,4,8.5,0.56,137,1
PAT-16473,90,Female,Urgent,COPD Exacerbation,6,0,7,1,10.4,1.99,156,0
PAT-16474,77,Male,Elective,Type 2 Diabetes,5,7,11,1,8.6,2.15,130,1
PAT-16475,88,Female,Emergency,Acute Myocardial Infarction,6,0,13,0,8.1,3.7,143,1
PAT-16476,66,Female,Elective,Type 2 Diabetes,3,5,11,0,6.2,3.84,121,0
PAT-16477,34,Female,Urgent,COPD Exacerbation,6,3,11,0,6.8,2.18,174,0
PAT-16478,67,Female,Emergency,Ischemic Stroke,5,2,10,1,6.2,1.28,143,0
PAT-16479,35,Male,Elective,Type 2 Diabetes,1,2,5,0,6.4,0.99,138,0
PAT-16480,70,Female,Urgent,Total Hip Arthroplasty,1,4,5,0,9.3,0.51,146,0
PAT-16481,64,Male,Elective,Type 2 Diabetes,7,4,8,0,6.2,1.09,133,0
PAT-16482,72,Female,Emergency,COPD Exacerbation,5,6,10,1,7.8,1.74,94,0
PAT-16483,19,Female,Emergency,Pneumonia,5,3,7,2,8.9,2.39,145,1
PAT-16484,42,Female,Elective,Sepsis,7,1,4,1,8.1,1.13,138,0
PAT-16485,64,Male,Emergency,Heart Failure,6,4,8,0,8.2,3.02,118,0
PAT-16486,89,Male,Urgent,COPD Exacerbation,6,2,3,0,5.2,0.64,110,0
PAT-16487,57,Female,Emergency,Acute Myocardial Infarction,4,1,9,2,7.9,0.74,148,0
PAT-16488,60,Male,Emergency,Pneumonia,7,3,7,0,8.2,0.58,138,0
PAT-16489,77,Female,Elective,Heart Failure,5,2,6,3,8.0,1.97,131,1
PAT-16490,71,Female,Emergency,Type 2 Diabetes,5,2,8,0,6.6,0.63,165,0
PAT-16491,51,Female,Emergency,Acute Myocardial Infarction,4,3,8,0,5.9,1.88,118,0
PAT-16492,59,Female,Emergency,Total Hip Arthroplasty,3,3,10,4,5.4,2.3,116,0
PAT-16493,44,Female,Elective,Pneumonia,4,2,9,3,5.5,5.98,157,1
PAT-16494,90,Female,Urgent,COPD Exacerbation,6,1,7,1,8.3,3.41,142,1
PAT-16495,35,Female,Elective,Type 2 Diabetes,2,2,3,1,3.6,1.71,143,0
PAT-16496,56,Female,Emergency,Pneumonia,8,2,4,3,7.2,0.56,122,1
PAT-16497,22,Female,Emergency,Type 2 Diabetes,1,2,11,0,6.2,0.6,122,0
PAT-16498,44,Female,Elective,COPD Exacerbation,6,2,12,0,8.1,1.41,111,1
PAT-16499,81,Male,Urgent,Ischemic Stroke,4,2,9,0,8.9,1.43,138,1
PAT-16500,42,Female,Emergency,Sepsis,9,1,5,2,7.3,0.83,158,0
PAT-16501,30,Male,Elective,Heart Failure,2,2,10,1,6.6,0.63,110,0
PAT-16502,63,Male,Emergency,COPD Exacerbation,6,4,13,0,6.1,0.61,145,0
PAT-16503,19,Female,Emergency,Heart Failure,3,4,7,1,6.2,1.04,139,0
PAT-16504,30,Female,Elective,Type 2 Diabetes,1,1,6,0,7.4,1.52,134,0
PAT-16505,82,Female,Emergency,Heart Failure,9,2,12,1,6.6,0.54,144,1
PAT-16506,80,Male,Emergency,Type 2 Diabetes,6,1,7,1,6.5,1.4,112,1
PAT-16507,88,Female,Emergency,Acute Myocardial Infarction,7,1,8,1,9.4,1.33,142,0
PAT-16508,85,Female,Emergency,Pneumonia,6,8,7,1,6.7,3.1,134,1
PAT-16509,76,Female,Elective,Total Hip Arthroplasty,5,4,13,1,6.1,0.54,136,1
PAT-16510,26,Male,Emergency,Type 2 Diabetes,1,0,8,5,6.4,1.14,129,0
PAT-16511,81,Female,Elective,Type 2 Diabetes,1,3,7,5,9.7,1.23,164,0
PAT-16512,84,Male,Emergency,Type 2 Diabetes,2,1,11,1,6.3,2.31,128,0
PAT-16513,82,Female,Elective,Type 2 Diabetes,3,2,8,0,6.1,0.64,117,0
PAT-16514,65,Male,Emergency,Ischemic Stroke,5,1,13,1,4.1,0.55,127,0
PAT-16515,45,Male,Elective,Pneumonia,5,2,3,0,8.0,2.96,127,0
PAT-16516,84,Female,Elective,Ischemic Stroke,7,0,7,0,8.9,1.86,119,1
PAT-16517,78,Male,Urgent,Pneumonia,5,2,8,1,7.2,0.63,148,0
PAT-16518,91,Male,Urgent,Type 2 Diabetes,1,6,8,1,7.1,1.02,141,0
PAT-16519,38,Female,Emergency,Heart Failure,5,0,8,0,6.7,0.62,121,0
PAT-16520,45,Female,Emergency,Sepsis,7,1,13,0,6.3,1.74,137,0
PAT-16521,43,Male,Elective,Heart Failure,3,5,12,0,8.0,3.84,123,0
PAT-16522,81,Male,Elective,Ischemic Stroke,10,2,5,1,6.2,3.79,127,0
PAT-16523,41,Male,Emergency,Pneumonia,5,2,10,0,5.5,0.69,108,0
PAT-16524,28,Male,Emergency,Type 2 Diabetes,3,3,10,1,7.8,1.15,137,0
PAT-16525,91,Male,Elective,COPD Exacerbation,8,1,7,1,7.3,0.69,133,0
PAT-16526,22,Female,Urgent,Heart Failure,1,0,4,2,5.1,2.23,101,0
PAT-16527,84,Male,Urgent,Heart Failure,6,6,11,1,7.6,0.9,125,1
PAT-16528,56,Female,Emergency,Sepsis,10,5,8,1,9.3,1.72,142,1
PAT-16529,84,Male,Emergency,Pneumonia,7,2,8,1,8.0,1.5,144,1
PAT-16530,68,Male,Emergency,Pneumonia,4,4,9,0,8.0,2.15,140,1
PAT-16531,87,Male,Emergency,Heart Failure,5,4,12,0,6.7,0.62,126,1
PAT-16532,88,Female,Elective,Heart Failure,7,4,9,1,9.6,2.02,111,1
PAT-16533,19,Female,Elective,Type 2 Diabetes,1,2,8,1,8.1,1.39,118,0
PAT-16534,29,Female,Emergency,Pneumonia,2,3,13,2,8.2,6.49,117,0
PAT-16535,47,Male,Emergency,Acute Myocardial Infarction,8,1,5,0,7.2,1.42,134,1
PAT-16536,75,Male,Emergency,Pneumonia,8,1,10,0,8.3,1.1,132,0
PAT-16537,86,Female,Urgent,Sepsis,13,1,16,4,6.7,1.98,155,1
PAT-16538,62,Male,Emergency,Heart Failure,7,2,12,4,8.6,1.13,120,1
PAT-16539,71,Male,Emergency,Heart Failure,6,3,11,0,7.5,1.21,151,0
PAT-16540,41,Female,Elective,Heart Failure,4,2,5,1,6.5,3.81,135,0
PAT-16541,82,Female,Elective,Acute Myocardial Infarction,6,4,11,2,9.5,1.61,136,1
PAT-16542,90,Male,Urgent,Acute Myocardial Infarction,8,2,10,0,6.8,0.73,170,1
PAT-16543,48,Male,Emergency,Heart Failure,6,1,8,1,5.9,0.86,118,1
PAT-16544,65,Male,Emergency,Heart Failure,6,4,8,1,10.5,0.75,171,1
PAT-16545,30,Female,Emergency,Acute Myocardial Infarction,3,3,10,0,7.2,3.29,115,0
PAT-16546,69,Male,Urgent,Sepsis,10,1,13,0,7.1,1.09,154,1
PAT-16547,65,Female,Elective,Acute Myocardial Infarction,4,1,10,0,7.8,2.13,139,0
PAT-16548,37,Female,Elective,Type 2 Diabetes,4,4,8,0,7.7,2.57,105,0
PAT-16549,61,Female,Emergency,COPD Exacerbation,3,1,8,0,6.3,1.3,150,0
PAT-16550,53,Female,Elective,Acute Myocardial Infarction,3,1,8,1,3.9,1.35,145,0
PAT-16551,66,Female,Emergency,Type 2 Diabetes,2,1,6,1,9.4,1.15,144,0
PAT-16552,70,Female,Emergency,Pneumonia,6,4,7,2,6.9,0.82,128,0
PAT-16553,19,Male,Emergency,Type 2 Diabetes,1,2,10,1,9.8,0.83,132,0
PAT-16554,80,Male,Elective,Type 2 Diabetes,8,3,4,1,9.0,2.55,121,1
PAT-16555,77,Female,Emergency,Ischemic Stroke,6,0,8,0,10.2,1.09,117,0
PAT-16556,56,Male,Urgent,Total Hip Arthroplasty,4,5,5,0,7.6,1.78,122,1
PAT-16557,26,Male,Elective,Pneumonia,3,5,8,0,6.6,2.66,117,0
PAT-16558,79,Male,Emergency,Heart Failure,6,2,7,1,5.4,0.66,137,1
PAT-16559,89,Male,Elective,Acute Myocardial Infarction,6,0,11,2,6.5,3.33,146,1
PAT-16560,46,Female,Emergency,Type 2 Diabetes,1,6,12,0,7.4,2.42,138,0
PAT-16561,53,Male,Emergency,Heart Failure,2,2,6,0,7.0,1.04,150,0
PAT-16562,41,Male,Elective,Pneumonia,3,1,9,0,6.1,1.63,132,1
PAT-16563,70,Female,Urgent,Pneumonia,4,2,12,1,5.8,1.14,152,1
PAT-16564,38,Male,Emergency,Heart Failure,4,1,9,1,6.5,1.61,142,0
PAT-16565,55,Male,Elective,COPD Exacerbation,5,4,12,1,6.7,2.43,89,0
PAT-16566,76,Male,Elective,Heart Failure,4,2,6,2,8.8,1.17,148,0
PAT-16567,69,Male,Emergency,Total Hip Arthroplasty,4,1,3,0,7.4,0.78,106,0
PAT-16568,57,Male,Emergency,Total Hip Arthroplasty,2,3,5,0,6.0,1.56,152,0
PAT-16569,60,Female,Elective,Acute Myocardial Infarction,4,1,8,2,8.5,2.88,130,0
PAT-16570,69,Female,Emergency,Pneumonia,5,6,11,0,7.0,1.6,134,1
PAT-16571,19,Female,Urgent,Type 2 Diabetes,3,3,6,2,8.5,6.4,125,0
PAT-16572,29,Male,Elective,Acute Myocardial Infarction,6,2,1,1,6.5,1.46,143,0
PAT-16573,86,Male,Emergency,Total Hip Arthroplasty,6,0,6,1,8.4,2.09,119,1
PAT-16574,29,Female,Urgent,Heart Failure,7,2,9,2,9.1,0.9,130,1
PAT-16575,77,Male,Emergency,Pneumonia,4,2,7,2,8.4,0.54,148,0
PAT-16576,88,Male,Urgent,Type 2 Diabetes,3,3,1,1,6.9,0.6,141,0
PAT-16577,48,Male,Emergency,Type 2 Diabetes,4,1,4,0,5.1,0.87,94,1
PAT-16578,56,Female,Elective,Pneumonia,9,3,8,0,10.8,4.19,127,0
PAT-16579,69,Female,Emergency,Ischemic Stroke,8,2,10,2,5.0,2.5,154,0
PAT-16580,86,Male,Elective,Type 2 Diabetes,3,2,8,3,6.4,0.62,126,1
PAT-16581,89,Male,Emergency,Pneumonia,6,3,11,1,9.8,0.63,129,0
PAT-16582,79,Male,Emergency,Ischemic Stroke,8,3,7,1,8.4,3.13,119,1
PAT-16583,30,Male,Emergency,Pneumonia,4,4,9,1,8.0,0.66,134,0
PAT-16584,75,Female,Urgent,Sepsis,8,1,11,1,5.8,1.87,124,1
PAT-16585,59,Male,Emergency,Heart Failure,4,0,7,1,7.2,2.13,148,0
PAT-16586,63,Female,Elective,Ischemic Stroke,7,0,6,0,6.9,1.13,142,0
PAT-16587,25,Female,Elective,Heart Failure,2,1,7,0,7.8,1.28,154,0
PAT-16588,42,Female,Urgent,Ischemic Stroke,8,1,9,0,5.2,0.71,143,0
PAT-16589,81,Female,Emergency,Heart Failure,5,2,8,0,7.6,1.88,134,0
PAT-16590,62,Female,Urgent,Pneumonia,6,2,8,0,7.3,0.72,140,0
PAT-16591,51,Male,Emergency,Type 2 Diabetes,5,1,8,2,7.9,1.08,116,0
PAT-16592,57,Male,Elective,Pneumonia,6,4,5,2,10.2,1.18,153,1
PAT-16593,85,Female,Elective,Type 2 Diabetes,7,0,8,1,5.3,2.11,145,0
PAT-16594,79,Male,Emergency,Ischemic Stroke,5,1,9,0,6.7,2.62,120,0
PAT-16595,49,Female,Emergency,Type 2 Diabetes,4,1,15,0,7.5,1.92,116,0
PAT-16596,34,Female,Emergency,COPD Exacerbation,5,3,10,0,9.9,0.67,130,0
PAT-16597,47,Male,Emergency,Heart Failure,3,6,7,0,6.8,0.93,144,0
PAT-16598,88,Male,Urgent,Sepsis,9,2,10,2,9.1,2.14,126,1
PAT-16599,70,Male,Emergency,COPD Exacerbation,5,1,11,1,7.0,0.62,131,0
PAT-16600,67,Female,Urgent,Ischemic Stroke,7,4,6,2,9.1,1.09,111,1
PAT-16601,71,Male,Emergency,Pneumonia,7,2,3,0,5.8,2.37,154,1
PAT-16602,56,Male,Urgent,Heart Failure,3,3,11,2,3.8,0.97,135,0
PAT-16603,82,Male,Elective,Type 2 Diabetes,4,2,7,1,6.8,0.59,107,0
PAT-16604,66,Female,Elective,Acute Myocardial Infarction,8,2,9,0,6.5,0.86,147,0
PAT-16605,34,Male,Emergency,COPD Exacerbation,6,2,9,1,6.1,2.62,140,0
PAT-16606,35,Male,Elective,Acute Myocardial Infarction,5,3,4,3,6.0,0.6,110,1
PAT-16607,67,Male,Emergency,Heart Failure,5,2,9,0,7.3,1.24,116,1
PAT-16608,89,Female,Emergency,COPD Exacerbation,10,3,18,1,6.7,0.57,147,0
PAT-16609,51,Male,Elective,Total Hip Arthroplasty,5,1,11,1,9.0,1.0,140,0
PAT-16610,85,Female,Elective,Heart Failure,6,1,8,2,8.3,1.62,135,0
PAT-16611,80,Male,Emergency,Heart Failure,6,2,11,1,7.7,4.75,120,0
PAT-16612,47,Female,Emergency,Acute Myocardial Infarction,3,1,10,0,8.0,1.92,179,0
PAT-16613,24,Female,Emergency,Type 2 Diabetes,3,4,7,1,5.5,4.83,111,0
PAT-16614,32,Male,Emergency,COPD Exacerbation,5,1,8,0,7.0,1.17,110,0
PAT-16615,78,Female,Emergency,COPD Exacerbation,7,0,6,1,7.0,1.62,158,1
PAT-16616,42,Female,Elective,Ischemic Stroke,6,1,9,2,6.6,1.36,148,0
PAT-16617,56,Female,Emergency,Total Hip Arthroplasty,1,2,12,0,6.8,0.88,108,0
PAT-16618,65,Female,Elective,Acute Myocardial Infarction,5,6,5,1,8.9,1.73,142,1
PAT-16619,78,Male,Emergency,Type 2 Diabetes,6,3,1,0,7.3,3.2,150,0
PAT-16620,34,Male,Elective,Type 2 Diabetes,1,3,4,1,7.8,1.93,132,0
PAT-16621,59,Male,Emergency,Total Hip Arthroplasty,3,0,12,0,6.6,1.32,147,0
PAT-16622,64,Female,Elective,COPD Exacerbation,8,2,9,2,9.7,3.02,106,0
PAT-16623,67,Male,Emergency,Sepsis,6,1,3,1,9.1,2.8,123,1
PAT-16624,83,Female,Emergency,Pneumonia,6,3,12,0,7.6,2.09,143,1
PAT-16625,40,Male,Emergency,Heart Failure,7,5,8,0,8.7,1.72,115,1
PAT-16626,82,Female,Urgent,Type 2 Diabetes,5,2,10,2,6.6,2.79,152,0
PAT-16627,76,Male,Elective,Heart Failure,5,1,7,0,7.2,1.09,136,0
PAT-16628,68,Male,Emergency,Sepsis,9,2,11,1,6.2,0.58,116,1
PAT-16629,77,Female,Emergency,Acute Myocardial Infarction,7,2,6,0,8.9,0.77,158,0
PAT-16630,59,Female,Emergency,Heart Failure,5,2,12,0,8.9,2.48,147,0
PAT-16631,36,Male,Emergency,COPD Exacerbation,5,4,8,1,9.7,0.91,155,1
PAT-16632,75,Female,Elective,Total Hip Arthroplasty,4,0,9,1,7.4,2.41,141,0
PAT-16633,66,Female,Elective,Acute Myocardial Infarction,5,4,5,1,7.7,1.28,146,1
PAT-16634,73,Female,Urgent,Pneumonia,8,3,10,3,7.2,1.18,133,1
PAT-16635,54,Female,Urgent,Type 2 Diabetes,3,6,7,0,6.3,0.57,123,1
PAT-16636,87,Male,Elective,Total Hip Arthroplasty,2,1,8,1,6.8,1.23,139,1
PAT-16637,70,Female,Emergency,Pneumonia,7,2,8,0,6.3,0.68,149,0
PAT-16638,30,Female,Emergency,Sepsis,7,2,9,0,4.3,2.74,140,0
PAT-16639,62,Male,Emergency,Sepsis,8,3,8,2,9.1,0.89,171,1
PAT-16640,80,Male,Emergency,Sepsis,10,2,9,1,6.3,0.88,140,1
PAT-16641,82,Female,Elective,Ischemic Stroke,10,2,9,0,6.6,1.04,108,0
PAT-16642,65,Male,Urgent,Acute Myocardial Infarction,4,3,12,1,7.1,0.67,138,0
PAT-16643,87,Female,Urgent,Heart Failure,6,1,10,2,6.9,0.75,144,0
PAT-16644,48,Female,Emergency,Type 2 Diabetes,1,1,11,0,6.6,1.61,151,0
PAT-16645,59,Male,Emergency,Heart Failure,5,2,7,1,7.7,4.19,124,0
PAT-16646,87,Male,Elective,Heart Failure,7,2,3,0,6.2,2.75,118,0
PAT-16647,87,Female,Elective,Heart Failure,6,1,5,0,10.3,0.88,143,0
PAT-16648,76,Female,Emergency,Pneumonia,6,5,5,1,6.3,2.34,130,0
PAT-16649,85,Female,Elective,Heart Failure,8,1,7,0,6.4,1.12,137,1
PAT-16650,31,Female,Elective,Pneumonia,5,0,7,2,8.9,2.51,145,0
PAT-16651,85,Female,Emergency,Total Hip Arthroplasty,9,2,9,0,8.7,2.17,137,0
PAT-16652,52,Female,Emergency,Acute Myocardial Infarction,4,4,13,0,7.9,5.68,146,0
PAT-16653,40,Male,Urgent,Ischemic Stroke,1,2,3,0,7.5,1.0,133,0
PAT-16654,46,Male,Elective,Type 2 Diabetes,1,2,4,0,7.8,1.24,129,0
PAT-16655,59,Female,Emergency,COPD Exacerbation,6,4,5,1,7.7,3.7,143,1
PAT-16656,47,Male,Elective,Type 2 Diabetes,2,4,9,0,6.3,2.27,175,0
PAT-16657,52,Female,Elective,Pneumonia,5,3,7,1,7.0,3.05,132,1
PAT-16658,36,Female,Urgent,COPD Exacerbation,1,4,8,0,9.8,1.57,133,0
PAT-16659,51,Female,Emergency,Heart Failure,4,3,5,0,7.9,0.71,119,0
PAT-16660,69,Male,Urgent,Type 2 Diabetes,4,1,7,0,6.4,1.09,133,0
PAT-16661,61,Female,Emergency,Acute Myocardial Infarction,5,1,11,2,8.0,0.55,160,0
PAT-16662,54,Male,Elective,Acute Myocardial Infarction,2,1,9,2,5.4,1.13,130,0
PAT-16663,79,Male,Elective,COPD Exacerbation,7,2,11,2,5.6,0.55,106,1
PAT-16664,86,Female,Emergency,Type 2 Diabetes,2,1,12,0,7.6,3.79,127,0
PAT-16665,80,Female,Emergency,Pneumonia,8,4,5,0,8.9,0.81,102,0
PAT-16666,53,Male,Urgent,Heart Failure,5,8,6,1,7.1,1.4,135,1
PAT-16667,79,Male,Elective,Ischemic Stroke,6,2,7,1,5.7,0.51,121,0
PAT-16668,38,Male,Emergency,Sepsis,6,3,6,0,7.5,1.04,152,0
PAT-16669,35,Female,Emergency,Heart Failure,5,2,8,0,8.6,4.04,137,0
PAT-16670,54,Male,Emergency,Heart Failure,4,0,8,2,8.1,2.68,139,1
PAT-16671,82,Female,Emergency,COPD Exacerbation,5,6,9,2,7.9,1.7,133,1
PAT-16672,46,Male,Urgent,Type 2 Diabetes,5,1,12,3,6.6,2.23,116,1
PAT-16673,27,Male,Elective,Total Hip Arthroplasty,3,3,6,0,4.7,1.45,150,0
PAT-16674,36,Male,Urgent,Acute Myocardial Infarction,2,3,10,0,9.3,0.56,141,1
PAT-16675,85,Female,Emergency,Type 2 Diabetes,5,4,11,0,8.4,1.58,94,1
PAT-16676,73,Male,Elective,Heart Failure,4,2,11,1,7.8,1.1,126,0
PAT-16677,47,Female,Emergency,Sepsis,10,1,5,2,7.1,2.03,135,0
PAT-16678,68,Female,Elective,Pneumonia,9,3,3,0,4.7,0.82,80,0
PAT-16679,67,Female,Emergency,COPD Exacerbation,3,0,7,2,10.7,1.03,129,0
PAT-16680,74,Male,Emergency,Type 2 Diabetes,4,3,11,1,8.5,0.52,137,0
PAT-16681,45,Male,Emergency,Heart Failure,6,4,13,0,9.2,2.75,147,1
PAT-16682,85,Female,Emergency,Acute Myocardial Infarction,5,1,9,3,7.4,1.19,155,0
PAT-16683,52,Male,Elective,Pneumonia,7,3,7,4,6.7,1.27,141,1
PAT-16684,76,Female,Elective,Type 2 Diabetes,4,2,8,2,7.1,1.89,146,0
PAT-16685,20,Female,Elective,Heart Failure,1,3,8,0,6.1,1.06,80,0
PAT-16686,56,Female,Urgent,COPD Exacerbation,5,4,9,0,4.8,1.21,127,0
PAT-16687,55,Male,Emergency,Acute Myocardial Infarction,6,1,11,0,5.1,0.51,154,0
PAT-16688,68,Male,Emergency,Type 2 Diabetes,5,5,6,0,6.3,1.43,124,1
PAT-16689,29,Female,Elective,Acute Myocardial Infarction,6,3,5,0,8.1,5.46,134,1
PAT-16690,81,Male,Emergency,Heart Failure,2,1,8,1,7.3,0.5,130,0
PAT-16691,44,Female,Emergency,Type 2 Diabetes,4,3,9,1,8.4,1.2,119,1
PAT-16692,75,Male,Elective,Acute Myocardial Infarction,4,1,12,1,6.8,5.0,107,1
PAT-16693,82,Female,Emergency,COPD Exacerbation,4,2,6,1,5.5,1.25,140,0
PAT-16694,69,Male,Emergency,Type 2 Diabetes,7,4,11,1,6.5,1.48,116,0
PAT-16695,79,Male,Emergency,Heart Failure,5,1,8,2,7.4,1.0,143,1
PAT-16696,74,Male,Emergency,Heart Failure,5,1,13,2,7.5,1.78,104,0
PAT-16697,55,Female,Emergency,Sepsis,9,2,13,2,7.0,1.6,151,1
PAT-16698,82,Male,Emergency,Heart Failure,2,0,13,1,6.2,0.74,123,1
PAT-16699,50,Female,Emergency,Heart Failure,7,3,4,0,7.4,1.89,124,0
PAT-16700,69,Male,Emergency,Type 2 Diabetes,8,1,8,1,8.1,2.47,131,0
PAT-16701,79,Female,Emergency,Pneumonia,9,4,7,1,3.6,2.85,105,1
PAT-16702,57,Female,Elective,Sepsis,9,1,12,1,6.1,0.61,138,1
PAT-16703,51,Male,Emergency,Type 2 Diabetes,3,3,6,0,5.8,2.4,149,0
PAT-16704,62,Male,Emergency,COPD Exacerbation,3,5,13,0,7.9,2.91,138,1
PAT-16705,83,Female,Emergency,Heart Failure,8,2,3,0,7.6,2.19,145,0
PAT-16706,88,Male,Emergency,Pneumonia,9,3,6,2,8.0,1.48,139,1
PAT-16707,68,Male,Emergency,Heart Failure,6,2,5,1,6.0,0.7,159,0
PAT-16708,74,Male,Emergency,Type 2 Diabetes,5,1,10,3,7.1,3.05,97,1
PAT-16709,87,Female,Elective,Type 2 Diabetes,5,3,11,1,7.0,1.1,105,1
PAT-16710,32,Male,Elective,Acute Myocardial Infarction,2,6,8,0,5.6,0.64,140,0
PAT-16711,45,Female,Urgent,Acute Myocardial Infarction,9,5,13,1,6.4,4.11,150,0
PAT-16712,77,Female,Emergency,Pneumonia,6,1,12,1,6.2,2.43,165,0
PAT-16713,83,Male,Emergency,Heart Failure,5,4,10,0,5.6,7.05,107,1
PAT-16714,85,Male,Emergency,Type 2 Diabetes,7,4,4,0,4.9,0.63,142,1
PAT-16715,59,Male,Elective,Pneumonia,6,4,6,0,7.6,1.82,150,1
PAT-16716,31,Female,Emergency,Sepsis,7,3,8,0,8.3,6.63,151,1
PAT-16717,61,Female,Emergency,Ischemic Stroke,10,3,9,3,8.0,1.34,111,0
PAT-16718,45,Female,Emergency,COPD Exacerbation,6,1,7,0,6.5,2.08,154,0
PAT-16719,50,Female,Elective,Type 2 Diabetes,5,0,8,1,10.5,2.02,134,1
PAT-16720,80,Female,Urgent,Acute Myocardial Infarction,2,1,9,1,6.2,0.54,128,1
PAT-16721,29,Female,Urgent,Type 2 Diabetes,3,3,14,0,7.4,2.87,137,0
PAT-16722,83,Male,Emergency,COPD Exacerbation,4,3,8,3,8.2,2.18,127,1
PAT-16723,60,Male,Emergency,Type 2 Diabetes,3,0,10,0,7.2,0.87,127,0
PAT-16724,71,Male,Elective,Type 2 Diabetes,4,3,9,2,9.4,1.27,123,1
PAT-16725,31,Male,Emergency,Heart Failure,4,1,9,0,9.4,1.78,133,0
PAT-16726,54,Female,Emergency,Pneumonia,7,2,10,1,8.1,1.11,144,1
PAT-16727,31,Female,Elective,COPD Exacerbation,5,2,9,3,6.8,1.0,126,1
PAT-16728,90,Male,Elective,Sepsis,11,3,10,2,6.4,0.7,110,1
PAT-16729,82,Male,Urgent,Sepsis,7,3,8,1,6.4,3.54,115,1
PAT-16730,62,Male,Elective,Ischemic Stroke,12,3,10,1,9.9,2.63,147,0
PAT-16731,44,Female,Emergency,Heart Failure,4,3,15,2,6.9,1.44,107,1
PAT-16732,88,Female,Emergency,Pneumonia,10,3,10,0,9.3,2.6,117,1
PAT-16733,54,Male,Elective,Pneumonia,1,3,4,1,8.1,2.37,127,0
PAT-16734,39,Male,Elective,Sepsis,7,2,9,1,5.8,0.66,136,0
PAT-16735,69,Male,Elective,Type 2 Diabetes,1,2,10,1,8.5,1.45,112,0
PAT-16736,89,Female,Urgent,Heart Failure,5,1,7,2,7.2,5.23,150,1
PAT-16737,18,Male,Elective,Type 2 Diabetes,2,2,15,3,6.8,2.15,165,1
PAT-16738,46,Male,Emergency,Ischemic Stroke,5,3,8,2,6.8,0.64,144,0
PAT-16739,89,Male,Elective,Total Hip Arthroplasty,7,1,5,1,6.9,1.65,150,1
PAT-16740,40,Female,Elective,Pneumonia,9,3,12,0,6.0,1.16,125,1
PAT-16741,34,Male,Emergency,Total Hip Arthroplasty,1,0,11,2,6.0,2.19,109,0
PAT-16742,69,Male,Emergency,Heart Failure,4,5,7,4,7.6,0.8,144,1
PAT-16743,85,Male,Elective,Type 2 Diabetes,3,0,5,0,7.7,2.44,140,0
PAT-16744,63,Female,Emergency,Acute Myocardial Infarction,7,4,10,0,7.0,3.26,128,1
PAT-16745,91,Male,Elective,Type 2 Diabetes,5,1,9,2,2.3,1.44,135,1
PAT-16746,75,Male,Emergency,Heart Failure,6,3,6,0,6.4,0.93,133,1
PAT-16747,29,Female,Urgent,Sepsis,8,1,6,1,7.6,2.07,132,0
PAT-16748,91,Male,Emergency,COPD Exacerbation,5,4,8,2,9.1,4.24,140,1
PAT-16749,59,Female,Emergency,Ischemic Stroke,5,1,11,1,9.5,1.44,101,0
PAT-16750,50,Male,Emergency,Heart Failure,5,2,7,0,8.3,2.2,125,1
PAT-16751,68,Male,Emergency,Type 2 Diabetes,3,0,14,0,7.1,1.03,131,0
PAT-16752,51,Female,Emergency,Type 2 Diabetes,4,2,7,1,9.4,1.37,120,1
PAT-16753,30,Female,Emergency,Total Hip Arthroplasty,1,4,6,1,9.1,0.56,154,0
PAT-16754,18,Male,Elective,Type 2 Diabetes,2,4,3,1,5.1,0.61,121,0
PAT-16755,62,Male,Emergency,Type 2 Diabetes,2,2,11,0,6.9,4.35,112,1
PAT-16756,84,Female,Elective,Heart Failure,6,2,7,1,8.3,4.42,134,1
PAT-16757,69,Male,Elective,Acute Myocardial Infarction,7,1,8,1,5.9,3.81,119,0
PAT-16758,91,Female,Elective,Type 2 Diabetes,4,3,6,1,7.4,2.74,138,1
PAT-16759,50,Female,Emergency,Heart Failure,7,3,7,3,5.3,1.19,111,1
PAT-16760,49,Female,Emergency,Pneumonia,2,1,8,0,6.2,1.01,126,0
PAT-16761,38,Male,Emergency,Pneumonia,8,1,8,0,6.6,1.67,152,0
PAT-16762,39,Female,Urgent,Heart Failure,7,3,9,0,4.9,0.51,138,0
PAT-16763,50,Male,Urgent,Heart Failure,3,2,7,2,7.8,3.2,157,0
PAT-16764,81,Male,Emergency,Total Hip Arthroplasty,2,4,9,2,7.5,0.75,156,1
PAT-16765,87,Female,Emergency,Heart Failure,3,1,10,2,5.1,4.25,124,0
PAT-16766,90,Male,Emergency,Heart Failure,8,5,13,1,8.6,0.67,124,1
PAT-16767,45,Female,Emergency,Type 2 Diabetes,2,3,11,2,7.2,2.18,135,0
PAT-16768,86,Male,Emergency,Ischemic Stroke,7,2,8,1,5.2,1.38,150,0
PAT-16769,53,Male,Elective,Heart Failure,3,0,8,0,6.6,1.73,114,0
PAT-16770,33,Male,Emergency,Sepsis,11,6,9,2,8.8,1.18,144,1
PAT-16771,85,Male,Elective,Total Hip Arthroplasty,2,3,6,3,7.9,0.51,131,0
PAT-16772,73,Male,Urgent,Type 2 Diabetes,4,1,6,1,6.6,1.62,115,1
PAT-16773,39,Male,Elective,Type 2 Diabetes,3,4,16,1,6.6,2.04,138,0
PAT-16774,60,Male,Emergency,Acute Myocardial Infarction,4,3,9,0,7.2,1.38,129,0
PAT-16775,50,Female,Emergency,Acute Myocardial Infarction,3,5,10,0,8.5,0.69,142,1
PAT-16776,79,Male,Emergency,Acute Myocardial Infarction,4,4,12,0,7.7,0.68,139,0
PAT-16777,62,Male,Urgent,Sepsis,10,1,10,0,7.7,0.5,107,1
PAT-16778,91,Female,Emergency,Type 2 Diabetes,4,4,10,1,6.6,0.89,103,1
PAT-16779,26,Female,Emergency,Acute Myocardial Infarction,6,4,7,1,9.4,0.52,76,0
PAT-16780,55,Female,Elective,Heart Failure,3,2,2,2,9.0,0.53,166,1
PAT-16781,64,Female,Emergency,Pneumonia,8,1,12,2,6.9,0.78,142,0
PAT-16782,65,Female,Elective,COPD Exacerbation,1,4,12,0,8.1,4.35,139,1
PAT-16783,52,Female,Emergency,Heart Failure,3,4,12,0,9.4,2.75,107,0
PAT-16784,78,Female,Emergency,Heart Failure,4,5,13,0,8.2,1.46,125,0
PAT-16785,86,Male,Emergency,Heart Failure,4,2,7,0,7.0,6.0,108,0
PAT-16786,89,Female,Emergency,Pneumonia,8,0,9,0,8.6,1.4,132,0
PAT-16787,82,Male,Elective,Total Hip Arthroplasty,4,0,10,0,8.0,0.69,129,0
PAT-16788,84,Male,Emergency,COPD Exacerbation,1,2,11,1,8.4,1.72,122,1
PAT-16789,68,Male,Emergency,Acute Myocardial Infarction,9,2,18,1,7.2,0.55,140,1
PAT-16790,83,Male,Elective,Heart Failure,6,2,7,0,7.3,1.0,133,1
PAT-16791,51,Female,Elective,Heart Failure,5,3,8,1,9.3,2.5,129,0
PAT-16792,58,Male,Emergency,Type 2 Diabetes,6,3,8,0,7.8,0.99,132,0
PAT-16793,52,Male,Emergency,Type 2 Diabetes,5,3,5,1,5.7,2.53,129,0
PAT-16794,63,Female,Emergency,COPD Exacerbation,4,0,6,0,5.1,2.56,126,0
PAT-16795,50,Female,Emergency,Total Hip Arthroplasty,1,2,10,1,4.8,0.57,134,0
PAT-16796,90,Female,Emergency,Pneumonia,8,2,8,1,5.9,2.92,131,1
PAT-16797,52,Female,Emergency,Pneumonia,4,5,7,0,8.4,1.25,94,1
PAT-16798,32,Female,Urgent,Heart Failure,6,3,4,2,6.5,3.69,124,1
PAT-16799,67,Male,Emergency,Heart Failure,4,4,9,0,7.7,1.23,114,0
PAT-16800,27,Male,Elective,Heart Failure,3,1,11,1,9.4,1.08,121,0
PAT-16801,33,Male,Elective,Acute Myocardial Infarction,1,1,14,0,3.6,1.22,135,0
PAT-16802,44,Male,Urgent,Pneumonia,3,5,5,0,6.0,1.91,138,0
PAT-16803,63,Male,Emergency,Heart Failure,5,6,18,3,6.7,0.53,100,1
PAT-16804,61,Male,Urgent,COPD Exacerbation,4,5,7,1,6.6,1.56,114,1
PAT-16805,82,Male,Urgent,COPD Exacerbation,5,4,11,0,6.8,3.24,156,0
PAT-16806,79,Female,Emergency,Heart Failure,10,0,7,1,5.6,1.56,136,1
PAT-16807,60,Male,Emergency,COPD Exacerbation,6,0,12,0,6.3,0.94,138,0
PAT-16808,53,Male,Emergency,Acute Myocardial Infarction,4,4,11,1,7.5,0.53,127,0
PAT-16809,52,Female,Elective,Type 2 Diabetes,1,1,12,0,7.1,0.51,149,0
PAT-16810,80,Male,Elective,Acute Myocardial Infarction,7,4,8,2,6.2,1.09,139,1
PAT-16811,26,Male,Emergency,Heart Failure,10,2,6,1,7.3,0.5,165,0
PAT-16812,20,Male,Elective,Acute Myocardial Infarction,2,5,12,0,8.3,0.7,128,0
PAT-16813,82,Female,Emergency,Total Hip Arthroplasty,2,3,9,2,7.2,4.63,153,0
PAT-16814,63,Male,Elective,Pneumonia,6,3,8,0,7.1,0.58,115,0
PAT-16815,35,Female,Emergency,Type 2 Diabetes,1,3,10,0,7.1,1.99,137,0
PAT-16816,46,Female,Elective,Pneumonia,6,2,5,1,7.8,2.94,129,0
PAT-16817,88,Female,Emergency,Type 2 Diabetes,8,2,9,0,9.7,0.54,132,1
PAT-16818,85,Male,Emergency,Heart Failure,5,3,6,2,8.0,3.99,100,1
PAT-16819,77,Male,Elective,COPD Exacerbation,4,1,9,1,5.3,1.35,117,1
PAT-16820,64,Female,Emergency,Heart Failure,5,2,7,0,6.8,0.76,151,0
PAT-16821,66,Male,Emergency,Type 2 Diabetes,3,4,10,3,6.7,0.92,124,1
PAT-16822,90,Female,Urgent,Acute Myocardial Infarction,3,2,12,0,6.8,4.84,129,0
PAT-16823,90,Female,Emergency,COPD Exacerbation,5,2,8,0,7.5,0.92,106,1
PAT-16824,44,Female,Elective,Heart Failure,3,3,9,0,5.5,1.93,126,0
PAT-16825,82,Female,Emergency,COPD Exacerbation,8,4,14,0,6.4,0.84,163,1
PAT-16826,42,Male,Emergency,Total Hip Arthroplasty,5,2,10,1,5.1,1.31,146,0
PAT-16827,44,Female,Emergency,Heart Failure,7,0,7,1,5.6,0.96,130,0
PAT-16828,75,Female,Urgent,Pneumonia,8,4,6,1,5.4,1.79,151,1
PAT-16829,59,Male,Emergency,Acute Myocardial Infarction,5,3,11,0,6.8,0.83,121,0
PAT-16830,88,Male,Urgent,COPD Exacerbation,4,2,8,1,6.7,0.81,109,0
PAT-16831,31,Female,Urgent,Type 2 Diabetes,5,4,11,1,7.7,0.97,124,0
PAT-16832,66,Male,Emergency,Heart Failure,6,4,7,0,6.4,1.31,160,0
PAT-16833,88,Male,Elective,Sepsis,7,2,9,2,6.3,1.14,125,1
PAT-16834,87,Male,Elective,Ischemic Stroke,6,1,8,2,8.3,1.35,128,1
PAT-16835,38,Female,Emergency,Acute Myocardial Infarction,1,2,12,0,5.2,0.89,153,1
PAT-16836,56,Male,Emergency,Ischemic Stroke,2,0,8,0,6.0,0.78,132,0
PAT-16837,72,Male,Emergency,COPD Exacerbation,6,6,7,0,9.0,1.28,125,1
PAT-16838,38,Female,Elective,Total Hip Arthroplasty,1,3,8,1,6.7,0.88,99,1
PAT-16839,90,Male,Elective,Acute Myocardial Infarction,4,4,3,1,5.4,5.86,136,1
PAT-16840,87,Male,Emergency,Total Hip Arthroplasty,4,3,6,0,5.0,1.11,153,0
PAT-16841,39,Male,Emergency,Heart Failure,4,1,7,1,8.3,1.37,129,1
PAT-16842,34,Male,Urgent,Sepsis,6,3,8,3,5.9,1.28,145,0
PAT-16843,30,Male,Emergency,Heart Failure,7,3,8,0,5.4,2.32,132,1
PAT-16844,87,Male,Elective,Heart Failure,3,0,9,1,6.5,0.6,152,0
PAT-16845,42,Male,Emergency,Pneumonia,2,2,5,0,7.5,1.07,110,0
PAT-16846,59,Male,Elective,Type 2 Diabetes,5,1,12,2,7.6,0.98,141,0
PAT-16847,62,Male,Urgent,Heart Failure,4,2,10,1,7.5,1.09,122,0
PAT-16848,71,Female,Emergency,Ischemic Stroke,6,1,9,2,7.4,0.52,130,0
PAT-16849,29,Female,Emergency,COPD Exacerbation,1,2,8,3,8.2,1.28,121,0
PAT-16850,45,Male,Emergency,Total Hip Arthroplasty,3,1,10,0,6.0,1.96,153,0
PAT-16851,88,Female,Emergency,Ischemic Stroke,8,3,3,0,8.7,2.98,123,0
PAT-16852,87,Male,Emergency,Pneumonia,7,1,7,0,10.3,1.47,121,0
PAT-16853,81,Male,Elective,Type 2 Diabetes,3,2,10,0,6.9,2.9,166,0
PAT-16854,21,Male,Emergency,Heart Failure,2,4,6,1,7.5,1.82,113,1
PAT-16855,53,Male,Emergency,Pneumonia,5,2,9,0,7.6,2.38,130,0
PAT-16856,73,Male,Elective,COPD Exacerbation,7,3,12,0,8.6,0.86,135,1
PAT-16857,49,Female,Elective,Pneumonia,9,4,7,1,6.9,1.69,153,1
PAT-16858,87,Male,Emergency,Pneumonia,9,0,6,3,5.3,0.88,130,1
PAT-16859,73,Female,Elective,Heart Failure,7,4,7,0,6.1,1.35,112,0
PAT-16860,29,Female,Elective,Pneumonia,7,0,8,1,6.4,0.58,139,1
PAT-16861,87,Female,Elective,Heart Failure,4,2,10,1,6.3,2.0,116,0
PAT-16862,90,Female,Emergency,Sepsis,8,3,6,0,7.7,0.87,105,0
PAT-16863,29,Female,Emergency,Heart Failure,5,3,6,1,7.6,0.68,112,0
PAT-16864,67,Female,Elective,Pneumonia,6,1,3,0,7.2,1.79,151,0
PAT-16865,51,Male,Elective,Heart Failure,5,2,9,1,4.8,0.87,147,0
PAT-16866,58,Male,Elective,Acute Myocardial Infarction,6,3,3,0,7.3,0.73,162,1
PAT-16867,40,Female,Emergency,Type 2 Diabetes,5,2,13,0,7.7,6.21,101,0
PAT-16868,70,Female,Elective,Heart Failure,3,2,8,3,8.3,2.0,120,1
PAT-16869,90,Male,Elective,COPD Exacerbation,6,2,9,2,4.8,1.29,142,1
PAT-16870,65,Male,Emergency,Total Hip Arthroplasty,1,2,7,2,9.9,1.66,134,1
PAT-16871,30,Male,Emergency,Total Hip Arthroplasty,1,0,6,1,5.6,4.21,117,0
PAT-16872,72,Female,Elective,Type 2 Diabetes,1,3,10,0,8.4,0.98,113,0
PAT-16873,54,Male,Elective,Acute Myocardial Infarction,4,2,8,2,7.5,0.72,142,0
PAT-16874,85,Male,Emergency,Heart Failure,3,2,15,0,9.2,2.94,122,1
PAT-16875,61,Male,Elective,Heart Failure,6,1,9,1,4.2,2.35,147,0
PAT-16876,42,Female,Elective,Pneumonia,8,0,11,2,5.6,1.26,118,0
PAT-16877,42,Female,Elective,Type 2 Diabetes,4,5,7,0,7.9,0.82,127,0
PAT-16878,80,Female,Elective,Sepsis,10,1,9,2,7.4,1.75,130,1
PAT-16879,48,Female,Elective,Total Hip Arthroplasty,6,4,5,0,6.6,3.45,122,0
PAT-16880,80,Female,Emergency,Heart Failure,7,2,6,1,6.0,0.58,124,0
PAT-16881,43,Male,Emergency,Type 2 Diabetes,1,1,5,0,7.8,4.93,116,0
PAT-16882,53,Male,Elective,Pneumonia,6,5,6,1,4.6,0.89,114,1
PAT-16883,63,Male,Emergency,COPD Exacerbation,9,2,8,2,10.4,1.16,131,1
PAT-16884,89,Male,Elective,Total Hip Arthroplasty,2,2,9,1,8.4,1.93,135,0
PAT-16885,88,Female,Elective,Total Hip Arthroplasty,1,6,5,1,6.4,0.6,114,1
PAT-16886,43,Male,Emergency,COPD Exacerbation,5,0,6,2,7.8,1.44,130,0
PAT-16887,55,Male,Elective,Type 2 Diabetes,3,2,11,2,6.9,2.97,145,0
PAT-16888,37,Female,Emergency,Sepsis,7,0,3,4,5.6,0.78,112,1
PAT-16889,65,Female,Emergency,Type 2 Diabetes,1,2,10,0,6.7,0.86,132,1
PAT-16890,62,Male,Emergency,Ischemic Stroke,3,0,9,1,8.3,4.89,142,0
PAT-16891,87,Male,Urgent,Heart Failure,3,5,7,0,7.2,0.89,135,0
PAT-16892,88,Female,Emergency,COPD Exacerbation,9,2,8,0,6.4,0.51,122,1
PAT-16893,57,Male,Elective,Heart Failure,5,3,7,2,8.6,0.71,118,0
PAT-16894,64,Male,Emergency,Pneumonia,2,5,8,0,5.8,2.12,117,0
PAT-16895,87,Male,Emergency,COPD Exacerbation,8,4,9,0,6.3,2.35,182,0
PAT-16896,82,Female,Emergency,Acute Myocardial Infarction,8,1,9,0,7.3,2.69,129,0
PAT-16897,18,Female,Elective,Sepsis,9,2,9,1,7.7,0.83,129,1
PAT-16898,52,Male,Emergency,COPD Exacerbation,4,2,6,0,5.5,1.03,112,0
PAT-16899,60,Male,Emergency,Type 2 Diabetes,3,5,10,1,8.3,0.66,161,1
PAT-16900,45,Female,Elective,Total Hip Arthroplasty,3,1,6,1,5.6,0.8,119,0
PAT-16901,42,Female,Emergency,Sepsis,11,2,11,2,5.9,0.84,117,1
PAT-16902,24,Female,Emergency,Heart Failure,3,2,6,0,5.1,1.07,139,0
PAT-16903,73,Female,Emergency,Sepsis,8,1,6,1,6.2,3.56,105,1
PAT-16904,48,Male,Emergency,Ischemic Stroke,8,2,7,2,5.6,2.9,117,1
PAT-16905,26,Male,Elective,COPD Exacerbation,6,0,5,0,7.0,0.66,143,0
PAT-16906,45,Female,Emergency,Type 2 Diabetes,3,0,9,0,6.7,1.42,139,0
PAT-16907,82,Female,Emergency,COPD Exacerbation,7,0,10,1,6.9,2.36,126,0
PAT-16908,84,Male,Urgent,Type 2 Diabetes,5,2,7,1,7.6,0.69,121,0
PAT-16909,64,Female,Urgent,Acute Myocardial Infarction,4,2,10,0,6.9,1.64,124,0
PAT-16910,59,Male,Elective,COPD Exacerbation,3,2,6,1,5.6,2.02,120,0
PAT-16911,90,Male,Urgent,Total Hip Arthroplasty,2,5,11,1,5.6,2.44,83,0
PAT-16912,42,Male,Emergency,COPD Exacerbation,3,1,11,0,5.7,1.62,142,0
PAT-16913,44,Female,Elective,Type 2 Diabetes,1,2,8,0,4.9,1.8,128,0
PAT-16914,50,Female,Emergency,Acute Myocardial Infarction,5,0,16,0,5.8,4.12,153,0
PAT-16915,40,Female,Elective,Type 2 Diabetes,5,3,4,1,7.1,1.4,140,0
PAT-16916,57,Female,Emergency,Type 2 Diabetes,4,4,8,2,7.1,2.27,145,0
PAT-16917,87,Female,Emergency,Pneumonia,5,0,9,0,7.3,1.57,124,1
PAT-16918,72,Male,Elective,Heart Failure,7,2,2,0,8.3,0.97,154,1
PAT-16919,59,Male,Elective,Ischemic Stroke,7,3,14,1,6.4,1.51,103,0
PAT-16920,88,Male,Elective,COPD Exacerbation,7,2,9,1,5.9,5.18,151,0
PAT-16921,25,Female,Emergency,Acute Myocardial Infarction,2,5,7,0,8.4,0.94,153,0
PAT-16922,43,Male,Emergency,Type 2 Diabetes,5,2,7,1,6.5,0.94,103,0
PAT-16923,69,Male,Emergency,Acute Myocardial Infarction,7,2,8,2,9.4,1.91,132,1
PAT-16924,72,Female,Emergency,COPD Exacerbation,5,5,6,1,5.9,0.95,119,1
PAT-16925,24,Male,Emergency,Pneumonia,6,2,5,0,6.8,1.17,113,0
PAT-16926,58,Female,Emergency,Ischemic Stroke,9,2,10,1,7.2,1.39,147,1
PAT-16927,74,Female,Emergency,Pneumonia,6,6,7,0,7.5,1.85,131,1
PAT-16928,76,Female,Emergency,COPD Exacerbation,5,1,9,1,7.4,2.1,124,1
PAT-16929,73,Male,Elective,Heart Failure,6,4,7,1,9.9,0.77,134,1
PAT-16930,52,Male,Elective,Type 2 Diabetes,1,1,11,1,5.6,1.95,113,0
PAT-16931,31,Female,Emergency,Total Hip Arthroplasty,3,3,6,1,7.1,3.13,133,0
PAT-16932,60,Female,Emergency,Acute Myocardial Infarction,6,3,11,1,8.4,4.76,126,0
PAT-16933,35,Female,Emergency,COPD Exacerbation,4,2,8,1,7.5,0.6,157,0
PAT-16934,89,Female,Emergency,Total Hip Arthroplasty,5,3,5,1,6.5,1.83,141,0
PAT-16935,63,Female,Elective,Pneumonia,9,2,9,3,6.0,0.67,120,1
PAT-16936,52,Female,Elective,COPD Exacerbation,4,2,6,1,5.9,1.76,105,0
PAT-16937,80,Female,Elective,Pneumonia,8,2,9,2,6.9,0.65,130,0
PAT-16938,65,Male,Emergency,COPD Exacerbation,4,0,8,2,7.2,0.76,124,0
PAT-16939,52,Female,Elective,Type 2 Diabetes,2,2,12,1,4.9,0.73,138,0
PAT-16940,82,Male,Emergency,Pneumonia,8,5,9,2,4.9,0.98,126,1
PAT-16941,85,Female,Emergency,Ischemic Stroke,8,2,7,0,6.8,1.77,117,0
PAT-16942,75,Female,Emergency,Heart Failure,7,3,12,1,7.3,2.23,140,1
PAT-16943,25,Female,Elective,Heart Failure,4,2,10,0,7.5,0.55,124,0
PAT-16944,69,Female,Emergency,Heart Failure,6,2,6,0,9.9,2.72,149,0
PAT-16945,80,Female,Emergency,Type 2 Diabetes,8,1,6,1,8.1,1.26,131,0
PAT-16946,36,Male,Elective,Pneumonia,7,6,4,0,6.4,2.28,144,0
PAT-16947,45,Male,Emergency,Heart Failure,5,2,14,1,5.7,1.77,138,1
PAT-16948,86,Female,Emergency,COPD Exacerbation,7,1,11,1,8.1,0.83,137,1
PAT-16949,21,Female,Emergency,COPD Exacerbation,3,1,10,1,6.4,0.68,104,0
PAT-16950,79,Male,Emergency,Acute Myocardial Infarction,5,2,10,1,5.8,3.49,111,1
PAT-16951,63,Female,Elective,Ischemic Stroke,8,2,10,2,7.8,1.05,132,1
PAT-16952,61,Male,Emergency,COPD Exacerbation,5,5,10,2,8.2,1.75,138,1
PAT-16953,19,Male,Emergency,Heart Failure,5,2,11,2,5.5,1.33,123,1
PAT-16954,83,Male,Emergency,Heart Failure,9,5,9,1,8.5,3.19,118,1
PAT-16955,55,Female,Elective,Acute Myocardial Infarction,4,1,13,0,6.8,0.95,128,0
PAT-16956,67,Female,Emergency,COPD Exacerbation,1,3,6,1,5.4,0.9,159,0
PAT-16957,75,Female,Elective,Heart Failure,10,1,9,0,7.5,3.83,131,0
PAT-16958,77,Male,Emergency,Type 2 Diabetes,3,4,8,1,8.6,1.8,115,1
PAT-16959,89,Male,Emergency,Acute Myocardial Infarction,6,2,7,0,7.2,2.2,125,0
PAT-16960,67,Male,Urgent,COPD Exacerbation,7,4,8,0,6.0,3.01,161,1
PAT-16961,58,Male,Emergency,COPD Exacerbation,8,1,7,0,5.0,1.65,122,0
PAT-16962,89,Male,Emergency,Type 2 Diabetes,8,3,12,1,5.7,0.85,146,1
PAT-16963,73,Male,Emergency,COPD Exacerbation,5,2,4,2,6.9,1.44,128,0
PAT-16964,51,Male,Emergency,Acute Myocardial Infarction,6,3,7,1,9.6,3.06,145,0
PAT-16965,35,Male,Emergency,Total Hip Arthroplasty,2,3,5,3,6.9,0.85,130,1
PAT-16966,84,Male,Urgent,Acute Myocardial Infarction,11,4,7,0,8.5,0.85,103,0
PAT-16967,56,Female,Urgent,COPD Exacerbation,7,2,9,0,7.7,0.67,156,0
PAT-16968,74,Male,Emergency,Acute Myocardial Infarction,5,0,12,0,9.0,3.1,132,0
PAT-16969,63,Female,Emergency,Pneumonia,5,0,14,0,10.7,2.42,136,0
PAT-16970,42,Female,Elective,Type 2 Diabetes,1,3,6,1,8.5,0.65,144,0
PAT-16971,71,Male,Emergency,Total Hip Arthroplasty,5,4,4,2,7.5,0.85,150,1
PAT-16972,27,Male,Elective,COPD Exacerbation,5,7,12,1,8.9,0.88,163,1
PAT-16973,59,Male,Elective,COPD Exacerbation,6,2,7,0,8.6,3.29,138,0
PAT-16974,68,Female,Elective,Ischemic Stroke,2,5,5,0,7.5,0.61,133,0
PAT-16975,61,Male,Elective,Ischemic Stroke,4,3,9,3,7.1,1.0,154,1
PAT-16976,79,Female,Elective,COPD Exacerbation,7,3,7,2,7.9,1.15,162,0
PAT-16977,83,Male,Urgent,Heart Failure,10,3,7,0,8.1,1.0,116,1
PAT-16978,80,Female,Emergency,Pneumonia,7,3,7,0,5.0,1.91,121,1
PAT-16979,24,Male,Urgent,Total Hip Arthroplasty,4,1,6,1,8.4,1.47,115,0
PAT-16980,42,Male,Emergency,Type 2 Diabetes,1,1,12,1,7.3,1.55,135,0
PAT-16981,67,Female,Emergency,Ischemic Stroke,7,3,13,4,10.8,2.26,124,1
PAT-16982,88,Male,Emergency,Heart Failure,6,1,9,3,6.9,1.42,139,1
PAT-16983,84,Male,Elective,COPD Exacerbation,8,2,11,0,5.4,1.32,131,0
PAT-16984,84,Female,Emergency,Pneumonia,6,1,9,0,6.7,1.5,127,1
PAT-16985,51,Female,Elective,Type 2 Diabetes,7,3,10,0,8.5,8.93,117,1
PAT-16986,60,Female,Elective,Ischemic Stroke,6,2,8,0,6.2,3.07,130,0
PAT-16987,63,Female,Emergency,COPD Exacerbation,3,4,5,2,4.7,0.74,100,0
PAT-16988,38,Male,Elective,Type 2 Diabetes,1,2,10,1,3.6,0.96,82,0
PAT-16989,23,Male,Urgent,Pneumonia,3,2,9,1,8.4,0.52,156,0
PAT-16990,89,Female,Elective,Acute Myocardial Infarction,6,4,9,1,5.9,0.68,123,0
PAT-16991,46,Female,Emergency,Type 2 Diabetes,2,2,12,2,7.5,1.99,149,1
PAT-16992,46,Male,Elective,Total Hip Arthroplasty,1,1,9,0,7.1,1.62,158,0
PAT-16993,30,Female,Elective,Heart Failure,6,1,7,3,8.6,1.31,133,1
PAT-16994,88,Female,Emergency,Type 2 Diabetes,1,2,4,4,7.7,1.8,149,1
PAT-16995,70,Female,Emergency,Heart Failure,5,1,12,2,9.2,0.64,156,1
PAT-16996,75,Male,Emergency,Heart Failure,3,3,7,1,6.3,1.91,96,0
PAT-16997,87,Male,Urgent,Type 2 Diabetes,3,2,9,1,6.7,0.61,152,0
PAT-16998,54,Male,Emergency,Ischemic Stroke,7,1,9,1,5.7,1.54,157,0
PAT-16999,72,Female,Emergency,Heart Failure,5,2,7,0,6.1,1.85,154,0
PAT-17000,24,Male,Urgent,Type 2 Diabetes,2,2,18,2,6.5,1.91,164,0
PAT-17001,41,Male,Emergency,Type 2 Diabetes,5,2,10,0,9.3,1.46,133,0
PAT-17002,83,Male,Urgent,COPD Exacerbation,6,5,6,0,6.3,2.26,125,0
PAT-17003,80,Female,Emergency,Acute Myocardial Infarction,9,0,6,1,7.9,0.68,136,0
PAT-17004,55,Male,Emergency,Acute Myocardial Infarction,6,0,4,2,10.1,3.3,113,0
PAT-17005,57,Male,Emergency,Heart Failure,3,2,11,0,5.5,2.51,125,0
PAT-17006,67,Female,Urgent,COPD Exacerbation,9,3,11,1,5.0,0.69,141,0
PAT-17007,18,Female,Elective,COPD Exacerbation,4,0,14,2,7.9,2.12,124,0
PAT-17008,46,Male,Urgent,Pneumonia,9,0,12,3,7.2,1.39,134,1
PAT-17009,43,Male,Elective,Type 2 Diabetes,2,1,7,4,7.4,0.56,119,1
PAT-17010,47,Male,Emergency,Sepsis,9,1,8,1,7.6,2.18,136,0
PAT-17011,82,Male,Emergency,Type 2 Diabetes,5,4,7,1,6.2,2.32,141,1
PAT-17012,49,Male,Emergency,Type 2 Diabetes,3,6,9,0,8.4,4.15,132,1
PAT-17013,42,Female,Elective,Type 2 Diabetes,6,2,6,0,7.6,1.43,134,0
PAT-17014,65,Female,Urgent,Pneumonia,10,0,8,4,9.6,1.55,109,0
PAT-17015,85,Male,Emergency,Type 2 Diabetes,1,3,11,0,5.0,0.6,120,0
PAT-17016,46,Female,Elective,COPD Exacerbation,6,1,8,2,8.5,1.06,160,0
PAT-17017,29,Female,Urgent,Total Hip Arthroplasty,1,1,9,0,8.1,1.95,143,0
PAT-17018,55,Male,Emergency,COPD Exacerbation,1,2,9,1,5.6,1.25,134,0
PAT-17019,79,Male,Urgent,Pneumonia,8,2,11,0,5.7,0.63,155,1
PAT-17020,68,Female,Emergency,Sepsis,10,4,7,1,9.4,1.61,131,0
PAT-17021,83,Female,Elective,Acute Myocardial Infarction,7,2,5,0,6.7,1.54,112,0
PAT-17022,90,Female,Emergency,Type 2 Diabetes,6,3,9,3,5.0,0.51,128,1
PAT-17023,81,Female,Emergency,COPD Exacerbation,7,7,10,1,8.5,2.68,142,1
PAT-17024,71,Male,Emergency,Acute Myocardial Infarction,4,1,11,2,6.0,0.63,112,1
PAT-17025,64,Female,Urgent,Type 2 Diabetes,4,3,6,0,5.3,5.97,145,0
PAT-17026,24,Male,Elective,Type 2 Diabetes,4,2,4,0,6.4,0.51,107,1
PAT-17027,91,Male,Emergency,Heart Failure,9,0,10,1,7.7,1.44,155,1
PAT-17028,57,Male,Urgent,Ischemic Stroke,7,2,11,1,6.6,1.07,128,0
PAT-17029,38,Female,Elective,Heart Failure,4,1,6,3,5.9,0.93,114,1
PAT-17030,75,Female,Elective,Heart Failure,6,2,4,3,8.2,1.51,129,1
PAT-17031,50,Female,Emergency,Pneumonia,3,2,6,1,7.9,0.91,115,1
PAT-17032,70,Female,Emergency,Sepsis,11,4,10,1,8.1,1.14,130,1
PAT-17033,70,Male,Elective,Type 2 Diabetes,1,4,7,0,5.1,1.98,121,0
PAT-17034,61,Female,Emergency,Acute Myocardial Infarction,5,3,10,3,7.9,0.64,127,1
PAT-17035,84,Male,Emergency,Acute Myocardial Infarction,6,4,7,0,6.7,3.9,89,1
PAT-17036,48,Female,Emergency,COPD Exacerbation,1,5,8,0,9.8,2.68,127,0
PAT-17037,62,Female,Emergency,Sepsis,6,4,10,0,9.1,1.62,139,1
PAT-17038,67,Male,Emergency,Heart Failure,4,2,7,2,6.0,2.47,134,1
PAT-17039,75,Male,Urgent,Total Hip Arthroplasty,3,2,9,4,3.8,1.28,134,1
PAT-17040,81,Female,Emergency,Sepsis,12,2,9,0,6.7,0.94,98,1
PAT-17041,58,Male,Emergency,Total Hip Arthroplasty,3,1,5,1,8.5,1.66,130,1
PAT-17042,74,Female,Emergency,Sepsis,10,0,13,0,7.9,4.87,169,0
PAT-17043,38,Male,Elective,Total Hip Arthroplasty,5,2,5,0,7.2,1.64,139,0
PAT-17044,88,Female,Elective,Type 2 Diabetes,7,5,4,0,5.5,1.04,152,1
PAT-17045,57,Male,Elective,Type 2 Diabetes,4,6,7,4,6.6,2.4,146,1
PAT-17046,78,Male,Emergency,Type 2 Diabetes,3,2,10,2,8.9,0.51,127,0
PAT-17047,21,Male,Emergency,Heart Failure,5,2,13,0,8.8,0.62,141,0
PAT-17048,43,Male,Elective,Acute Myocardial Infarction,2,2,11,1,6.4,0.76,97,1
PAT-17049,64,Female,Urgent,Heart Failure,9,4,10,2,7.3,2.04,131,1
PAT-17050,86,Male,Elective,Heart Failure,8,5,11,0,4.0,3.85,108,1
PAT-17051,67,Female,Emergency,Acute Myocardial Infarction,5,4,13,1,10.1,0.64,134,0
PAT-17052,88,Female,Emergency,Total Hip Arthroplasty,5,3,7,1,7.6,3.27,115,0
PAT-17053,64,Female,Emergency,Acute Myocardial Infarction,5,3,10,1,7.6,2.89,139,1
PAT-17054,64,Female,Elective,Sepsis,8,0,6,1,8.6,1.57,129,1
PAT-17055,34,Female,Emergency,COPD Exacerbation,5,7,11,1,4.2,1.23,180,0
PAT-17056,82,Female,Emergency,Total Hip Arthroplasty,3,0,8,2,7.7,0.77,151,1
PAT-17057,47,Male,Emergency,Pneumonia,9,3,11,1,9.9,0.75,159,1
PAT-17058,87,Male,Emergency,Ischemic Stroke,6,1,13,0,5.4,4.59,100,1
PAT-17059,87,Female,Emergency,Heart Failure,7,2,5,1,8.6,0.67,137,1
PAT-17060,89,Female,Emergency,Sepsis,8,1,10,3,7.4,1.16,130,1
PAT-17061,66,Male,Elective,COPD Exacerbation,3,2,8,2,8.4,1.26,155,1
PAT-17062,75,Male,Emergency,COPD Exacerbation,2,3,5,1,7.3,0.75,120,0
PAT-17063,81,Female,Emergency,Acute Myocardial Infarction,6,2,11,1,9.4,2.21,109,1
PAT-17064,35,Male,Emergency,Sepsis,7,4,8,0,5.9,1.15,88,0
PAT-17065,71,Male,Emergency,Sepsis,11,4,7,0,7.9,1.16,143,1
PAT-17066,23,Male,Elective,Heart Failure,4,3,6,1,6.1,0.85,104,0
PAT-17067,65,Male,Emergency,Heart Failure,6,0,10,1,9.1,2.86,144,0
PAT-17068,38,Male,Elective,Heart Failure,1,1,6,0,6.9,0.6,122,0
PAT-17069,41,Male,Emergency,Heart Failure,6,0,8,4,6.6,3.66,134,1
PAT-17070,56,Female,Elective,Type 2 Diabetes,2,0,5,3,6.9,1.34,98,0
PAT-17071,60,Male,Emergency,Acute Myocardial Infarction,2,3,4,1,8.8,1.33,134,0
PAT-17072,72,Male,Emergency,Pneumonia,7,4,8,0,7.9,1.01,136,0
PAT-17073,29,Female,Elective,Acute Myocardial Infarction,1,2,3,2,9.8,1.09,105,1
PAT-17074,65,Male,Emergency,Pneumonia,2,1,7,1,5.8,0.52,149,0
PAT-17075,41,Female,Emergency,COPD Exacerbation,7,1,10,0,6.9,0.69,116,0
PAT-17076,69,Female,Elective,Heart Failure,4,0,5,2,7.8,0.83,131,1
PAT-17077,73,Female,Emergency,Acute Myocardial Infarction,1,2,7,0,6.7,2.17,129,0
PAT-17078,68,Male,Emergency,Acute Myocardial Infarction,3,2,11,1,6.9,1.21,118,0
PAT-17079,79,Male,Elective,Type 2 Diabetes,3,0,10,1,7.7,0.57,131,0
PAT-17080,54,Female,Urgent,Type 2 Diabetes,6,3,10,1,7.3,3.01,132,1
PAT-17081,80,Male,Urgent,Type 2 Diabetes,1,3,10,0,8.7,0.69,128,0
PAT-17082,60,Female,Emergency,Sepsis,6,3,5,3,8.9,0.84,108,1
PAT-17083,64,Male,Emergency,Acute Myocardial Infarction,7,3,8,1,9.5,6.39,122,1
PAT-17084,74,Male,Emergency,COPD Exacerbation,4,0,9,0,6.9,1.16,117,0
PAT-17085,21,Male,Emergency,Type 2 Diabetes,3,1,6,0,6.4,1.22,123,0
PAT-17086,74,Male,Elective,Heart Failure,5,5,10,1,8.1,3.36,135,1
PAT-17087,72,Female,Emergency,Heart Failure,10,1,7,0,7.9,0.51,116,0
PAT-17088,52,Male,Emergency,Heart Failure,2,1,10,1,6.7,0.57,129,1
PAT-17089,30,Male,Urgent,Heart Failure,4,3,10,1,5.3,1.33,131,1
PAT-17090,31,Female,Elective,Heart Failure,7,2,7,1,8.4,0.85,110,0
PAT-17091,88,Male,Elective,COPD Exacerbation,5,2,8,0,9.8,0.95,126,1
PAT-17092,76,Male,Urgent,Type 2 Diabetes,3,4,11,1,7.4,2.16,113,1
PAT-17093,35,Female,Elective,Pneumonia,7,2,5,1,8.7,0.53,147,0
PAT-17094,55,Male,Emergency,COPD Exacerbation,7,4,7,1,7.9,0.54,139,0
PAT-17095,70,Male,Emergency,COPD Exacerbation,4,2,8,2,6.4,3.09,109,0
PAT-17096,84,Male,Emergency,COPD Exacerbation,9,3,9,0,8.1,0.82,113,0
PAT-17097,25,Female,Emergency,Type 2 Diabetes,2,2,6,0,6.8,2.74,135,0
PAT-17098,46,Female,Elective,Sepsis,9,2,12,2,7.8,3.67,142,1
PAT-17099,86,Female,Emergency,Total Hip Arthroplasty,7,2,12,1,6.1,0.69,118,0
PAT-17100,19,Male,Emergency,Type 2 Diabetes,4,1,8,1,7.2,0.6,134,0
PAT-17101,42,Male,Emergency,Heart Failure,4,3,11,2,8.6,1.97,106,1
PAT-17102,90,Male,Emergency,Total Hip Arthroplasty,3,1,6,0,8.6,3.41,135,0
PAT-17103,72,Female,Urgent,Total Hip Arthroplasty,9,4,4,2,8.4,2.14,127,1
PAT-17104,48,Female,Elective,Heart Failure,3,1,7,0,3.6,1.18,92,0
PAT-17105,28,Male,Emergency,Heart Failure,4,2,11,1,5.0,0.57,141,0
PAT-17106,22,Male,Emergency,Sepsis,8,2,12,1,7.4,0.66,108,1
PAT-17107,46,Male,Elective,Type 2 Diabetes,4,2,9,0,7.4,2.71,153,0
PAT-17108,86,Male,Elective,Total Hip Arthroplasty,8,1,11,1,6.7,0.62,126,1
PAT-17109,59,Male,Emergency,Type 2 Diabetes,4,3,12,0,5.4,0.6,157,0
PAT-17110,78,Male,Urgent,Sepsis,9,1,14,2,6.3,0.53,137,1
PAT-17111,88,Male,Urgent,Heart Failure,9,2,9,1,8.4,0.95,131,1
PAT-17112,59,Female,Urgent,Type 2 Diabetes,3,1,8,1,6.5,1.22,115,0
PAT-17113,42,Male,Elective,Ischemic Stroke,8,2,4,2,5.6,0.86,124,1
PAT-17114,66,Male,Urgent,Type 2 Diabetes,4,3,8,0,7.1,1.29,142,0
PAT-17115,87,Female,Emergency,Heart Failure,8,3,5,0,5.6,2.91,158,1
PAT-17116,82,Female,Elective,Sepsis,11,4,10,0,6.5,1.12,143,0
PAT-17117,28,Female,Urgent,Heart Failure,3,2,7,1,7.7,0.86,160,0
PAT-17118,76,Male,Urgent,Heart Failure,2,4,9,0,7.0,1.56,93,0
PAT-17119,69,Female,Elective,Type 2 Diabetes,1,3,12,2,5.8,0.51,157,0
PAT-17120,87,Female,Emergency,COPD Exacerbation,2,0,9,0,4.8,1.06,87,0
PAT-17121,35,Male,Emergency,Acute Myocardial Infarction,3,4,11,1,6.7,0.98,96,1
PAT-17122,67,Female,Emergency,Total Hip Arthroplasty,1,3,10,1,9.6,0.78,131,0
PAT-17123,86,Male,Elective,COPD Exacerbation,6,2,6,1,6.5,1.27,121,1
PAT-17124,59,Female,Emergency,Pneumonia,6,1,8,1,6.6,0.62,109,1
PAT-17125,64,Male,Emergency,Type 2 Diabetes,6,4,7,1,7.3,1.31,156,1
PAT-17126,28,Female,Emergency,Sepsis,8,2,9,1,7.4,1.89,129,0
PAT-17127,49,Female,Elective,Acute Myocardial Infarction,6,3,6,3,7.3,6.68,151,1
PAT-17128,53,Female,Urgent,Total Hip Arthroplasty,4,3,4,0,7.7,0.69,165,1
PAT-17129,89,Male,Elective,Ischemic Stroke,7,1,12,1,7.7,0.62,129,1
PAT-17130,49,Male,Elective,Type 2 Diabetes,3,3,5,0,7.0,2.82,127,0
PAT-17131,62,Female,Elective,Pneumonia,4,0,10,3,6.1,1.14,152,0
PAT-17132,75,Male,Elective,COPD Exacerbation,6,4,3,1,8.9,0.91,156,1
PAT-17133,39,Female,Emergency,Heart Failure,1,2,14,3,5.7,3.31,144,1
PAT-17134,64,Male,Emergency,Heart Failure,7,1,10,0,5.1,0.78,125,0
PAT-17135,79,Male,Urgent,Sepsis,7,0,8,3,7.2,2.94,142,1
PAT-17136,85,Male,Elective,COPD Exacerbation,6,2,10,1,8.6,2.39,129,1
PAT-17137,72,Male,Elective,COPD Exacerbation,6,4,5,2,8.4,1.21,126,1
PAT-17138,75,Male,Emergency,COPD Exacerbation,8,1,6,1,7.9,0.65,118,1
PAT-17139,35,Male,Emergency,Acute Myocardial Infarction,1,2,7,1,9.8,1.29,148,0
PAT-17140,89,Male,Emergency,Heart Failure,6,4,4,1,5.1,1.35,118,1
PAT-17141,36,Male,Emergency,COPD Exacerbation,5,4,9,1,7.7,0.78,154,0
PAT-17142,81,Male,Emergency,Pneumonia,10,0,5,0,5.9,0.9,111,0
PAT-17143,48,Male,Emergency,Total Hip Arthroplasty,2,0,10,0,6.9,0.79,147,0
PAT-17144,88,Male,Emergency,Pneumonia,6,2,4,0,6.3,1.96,135,0
PAT-17145,78,Male,Elective,Ischemic Stroke,11,3,7,1,7.8,3.67,126,0
PAT-17146,79,Male,Urgent,Type 2 Diabetes,6,1,11,1,7.2,1.5,148,0
PAT-17147,44,Female,Elective,Ischemic Stroke,9,0,8,1,8.8,3.0,146,0
PAT-17148,61,Female,Urgent,Total Hip Arthroplasty,1,3,12,0,8.5,1.87,135,0
PAT-17149,72,Female,Emergency,COPD Exacerbation,6,1,12,2,10.1,0.63,130,0
PAT-17150,80,Female,Elective,Type 2 Diabetes,2,4,4,2,8.2,1.36,140,1
PAT-17151,32,Female,Emergency,Type 2 Diabetes,1,5,7,1,6.0,1.22,161,1
PAT-17152,90,Male,Emergency,Acute Myocardial Infarction,7,0,5,0,9.4,0.93,163,1
PAT-17153,86,Male,Emergency,COPD Exacerbation,7,0,8,1,5.4,0.79,131,1
PAT-17154,48,Male,Emergency,Pneumonia,5,3,10,0,9.4,2.21,118,0
PAT-17155,83,Female,Elective,COPD Exacerbation,9,4,11,0,9.8,3.42,139,1
PAT-17156,66,Male,Emergency,Acute Myocardial Infarction,4,6,7,0,9.0,3.07,145,1
PAT-17157,62,Male,Urgent,Heart Failure,5,6,7,2,8.2,0.52,143,1
PAT-17158,52,Male,Urgent,Heart Failure,5,4,5,1,6.8,2.71,166,0
PAT-17159,70,Female,Emergency,Heart Failure,5,4,7,2,9.6,1.61,149,0
PAT-17160,78,Male,Emergency,Type 2 Diabetes,7,2,11,1,6.9,1.36,144,0
PAT-17161,59,Male,Elective,Pneumonia,4,1,9,1,5.8,0.66,140,0
PAT-17162,73,Male,Emergency,Sepsis,8,3,5,2,7.8,2.79,110,1
PAT-17163,77,Male,Emergency,Type 2 Diabetes,2,6,17,0,7.5,0.51,126,0
PAT-17164,77,Male,Elective,Heart Failure,10,7,6,2,4.2,0.81,121,1
PAT-17165,26,Male,Urgent,Pneumonia,4,5,8,0,6.6,1.09,123,0
PAT-17166,85,Male,Elective,Ischemic Stroke,6,4,10,1,5.8,0.58,160,1
PAT-17167,62,Male,Emergency,Type 2 Diabetes,3,5,15,1,7.6,2.75,118,1
PAT-17168,48,Male,Emergency,Ischemic Stroke,8,3,8,1,4.9,0.92,158,1
PAT-17169,46,Female,Emergency,Heart Failure,6,2,10,1,6.7,0.72,141,0
PAT-17170,64,Female,Emergency,Heart Failure,4,2,9,0,6.6,0.55,91,0
PAT-17171,86,Female,Emergency,Acute Myocardial Infarction,5,4,7,1,5.0,1.45,119,1
PAT-17172,57,Female,Emergency,Pneumonia,3,3,11,2,8.7,0.74,136,1
PAT-17173,79,Female,Urgent,Acute Myocardial Infarction,5,1,12,0,7.2,1.11,123,0
PAT-17174,32,Female,Elective,Sepsis,10,3,4,4,8.9,0.75,117,1
PAT-17175,63,Male,Elective,Type 2 Diabetes,3,0,6,1,7.0,1.21,129,0
PAT-17176,91,Female,Urgent,Acute Myocardial Infarction,7,8,5,2,8.8,1.91,130,1
PAT-17177,80,Female,Emergency,COPD Exacerbation,4,2,9,2,8.8,2.15,125,1
PAT-17178,43,Male,Emergency,Sepsis,6,1,3,0,7.2,1.54,98,0
PAT-17179,65,Male,Elective,Pneumonia,8,2,5,3,7.3,1.22,103,1
PAT-17180,45,Male,Urgent,Heart Failure,9,4,8,0,7.8,2.76,119,0
PAT-17181,59,Male,Emergency,COPD Exacerbation,6,4,5,0,5.6,1.19,142,0
PAT-17182,81,Female,Emergency,Ischemic Stroke,7,2,5,1,6.0,1.23,146,1
PAT-17183,80,Female,Elective,Heart Failure,5,6,11,0,6.8,2.41,153,1
PAT-17184,45,Female,Emergency,Type 2 Diabetes,7,2,8,1,7.3,1.15,151,0
PAT-17185,88,Female,Emergency,Type 2 Diabetes,5,2,7,2,9.2,0.68,148,1
PAT-17186,70,Female,Emergency,Acute Myocardial Infarction,3,1,10,0,6.2,2.12,154,0
PAT-17187,57,Male,Urgent,Type 2 Diabetes,3,3,10,1,6.5,0.72,123,0
PAT-17188,65,Female,Emergency,Type 2 Diabetes,4,2,10,1,8.0,3.53,135,0
PAT-17189,71,Female,Urgent,COPD Exacerbation,6,3,7,1,8.2,0.6,123,1
PAT-17190,69,Female,Emergency,Heart Failure,8,0,5,2,7.8,0.57,144,1
PAT-17191,64,Male,Emergency,Heart Failure,8,2,15,2,4.8,1.36,149,1
PAT-17192,65,Female,Urgent,Pneumonia,7,3,10,0,6.2,1.74,120,1
PAT-17193,40,Female,Emergency,Type 2 Diabetes,3,3,4,0,7.1,1.81,139,0
PAT-17194,82,Female,Emergency,Type 2 Diabetes,5,2,8,1,6.3,0.66,142,0
PAT-17195,67,Female,Emergency,Heart Failure,4,3,10,0,7.8,0.83,137,1
PAT-17196,35,Female,Elective,Type 2 Diabetes,5,3,9,1,6.6,0.96,141,0
PAT-17197,80,Male,Emergency,Sepsis,9,1,11,0,6.1,0.77,158,1
PAT-17198,88,Female,Emergency,Pneumonia,8,3,8,0,7.4,1.11,113,1
PAT-17199,89,Male,Elective,COPD Exacerbation,9,2,11,1,6.2,0.59,115,1
PAT-17200,56,Male,Emergency,Heart Failure,6,2,9,3,5.7,1.09,112,1
PAT-17201,36,Male,Emergency,Heart Failure,5,5,9,0,5.5,0.92,125,1
PAT-17202,66,Female,Elective,Total Hip Arthroplasty,2,1,8,0,6.9,1.43,134,1
PAT-17203,33,Female,Emergency,Type 2 Diabetes,2,4,6,2,7.2,0.81,121,1
PAT-17204,88,Female,Emergency,Type 2 Diabetes,3,0,11,2,7.2,2.45,146,0
PAT-17205,41,Male,Elective,Total Hip Arthroplasty,3,3,9,1,5.9,2.03,118,0
PAT-17206,47,Female,Urgent,Acute Myocardial Infarction,1,3,9,0,5.1,0.51,129,0
PAT-17207,59,Female,Emergency,Acute Myocardial Infarction,6,3,10,1,7.8,0.6,143,1
PAT-17208,57,Male,Elective,Acute Myocardial Infarction,6,3,5,2,9.0,0.69,138,1
PAT-17209,82,Male,Elective,Heart Failure,6,2,15,1,6.6,2.05,117,1
PAT-17210,62,Male,Emergency,Ischemic Stroke,6,2,10,1,6.9,2.1,121,1
PAT-17211,40,Female,Emergency,Total Hip Arthroplasty,2,4,6,3,4.7,0.72,128,0
PAT-17212,48,Male,Emergency,Type 2 Diabetes,1,2,9,0,5.6,1.38,130,0
PAT-17213,65,Female,Elective,Sepsis,10,3,3,1,9.0,0.9,131,0
PAT-17214,37,Male,Emergency,Pneumonia,5,3,8,1,7.1,3.46,158,0
PAT-17215,72,Female,Elective,Acute Myocardial Infarction,8,1,11,2,6.9,1.7,132,1
PAT-17216,69,Female,Elective,Heart Failure,6,2,8,2,8.4,1.15,133,1
PAT-17217,77,Male,Emergency,COPD Exacerbation,6,2,11,1,10.3,0.79,110,1
PAT-17218,89,Male,Emergency,Heart Failure,7,1,6,4,9.0,1.77,88,1
PAT-17219,87,Female,Urgent,COPD Exacerbation,4,3,6,0,6.0,0.85,139,0
PAT-17220,89,Female,Emergency,Type 2 Diabetes,4,4,7,0,8.0,6.02,122,0
PAT-17221,46,Male,Emergency,Pneumonia,6,2,8,0,7.4,2.57,140,1
PAT-17222,36,Male,Elective,COPD Exacerbation,3,3,9,1,7.4,1.24,145,0
PAT-17223,51,Male,Emergency,Total Hip Arthroplasty,1,0,14,2,7.0,2.32,140,0
PAT-17224,87,Male,Emergency,Heart Failure,6,2,6,1,7.1,1.21,139,1
PAT-17225,90,Female,Emergency,Total Hip Arthroplasty,4,2,8,1,7.5,1.44,144,1
PAT-17226,85,Male,Emergency,Pneumonia,12,3,6,1,8.5,2.13,176,1
PAT-17227,33,Male,Emergency,Sepsis,7,2,4,1,6.5,2.98,128,0
PAT-17228,89,Male,Elective,Pneumonia,6,1,8,0,5.8,0.54,126,0
PAT-17229,60,Female,Urgent,Sepsis,8,3,8,2,7.1,1.12,107,1
PAT-17230,19,Male,Emergency,COPD Exacerbation,6,3,6,1,5.7,2.63,143,1
PAT-17231,61,Male,Emergency,Pneumonia,9,3,6,1,6.2,0.95,142,0
PAT-17232,25,Male,Emergency,Type 2 Diabetes,6,3,6,1,6.0,0.97,134,0
PAT-17233,68,Male,Emergency,Ischemic Stroke,7,6,5,1,4.0,1.22,150,1
PAT-17234,54,Male,Emergency,Sepsis,10,2,11,0,8.0,1.98,132,0
PAT-17235,63,Male,Emergency,Pneumonia,4,4,9,0,8.3,1.67,118,1
PAT-17236,72,Female,Urgent,Heart Failure,5,3,8,1,7.2,4.26,159,1
PAT-17237,85,Female,Emergency,Acute Myocardial Infarction,3,5,7,1,8.2,0.57,119,1
PAT-17238,74,Male,Emergency,Ischemic Stroke,8,1,12,3,6.0,1.35,119,1
PAT-17239,61,Male,Emergency,Type 2 Diabetes,4,0,7,0,4.4,0.97,118,0
PAT-17240,83,Female,Emergency,Total Hip Arthroplasty,4,2,3,2,9.3,1.06,142,0
PAT-17241,87,Male,Urgent,Heart Failure,4,1,5,0,6.8,2.69,148,0
PAT-17242,34,Female,Emergency,Ischemic Stroke,7,4,10,3,7.4,2.54,170,1
PAT-17243,67,Female,Urgent,Acute Myocardial Infarction,1,2,10,0,6.1,4.03,151,0
PAT-17244,50,Female,Emergency,Type 2 Diabetes,3,1,7,0,4.9,2.73,99,0
PAT-17245,25,Male,Elective,Type 2 Diabetes,2,0,11,3,5.1,0.55,126,0
PAT-17246,75,Female,Urgent,COPD Exacerbation,1,4,10,1,7.6,1.1,136,0
PAT-17247,85,Male,Emergency,COPD Exacerbation,7,0,9,1,8.3,0.91,139,0
PAT-17248,39,Male,Emergency,Total Hip Arthroplasty,2,1,10,2,5.9,0.65,108,0
PAT-17249,82,Male,Elective,Acute Myocardial Infarction,6,1,9,1,8.9,2.17,81,0
PAT-17250,85,Female,Emergency,COPD Exacerbation,10,1,7,0,4.7,1.02,85,0
PAT-17251,87,Male,Elective,Total Hip Arthroplasty,5,4,13,0,4.0,1.62,171,1
PAT-17252,48,Female,Emergency,COPD Exacerbation,6,0,6,3,7.6,3.12,149,1
PAT-17253,87,Female,Emergency,Sepsis,12,3,2,0,6.9,0.55,127,1
PAT-17254,52,Male,Emergency,Sepsis,9,2,10,2,8.0,0.65,115,1
PAT-17255,68,Male,Urgent,Total Hip Arthroplasty,2,4,8,0,7.6,1.23,115,0
PAT-17256,26,Female,Emergency,Heart Failure,1,0,5,0,3.6,0.6,121,0
PAT-17257,25,Male,Emergency,COPD Exacerbation,4,4,7,1,8.8,1.82,132,0
PAT-17258,78,Male,Elective,Pneumonia,6,1,8,1,7.8,1.75,138,1
PAT-17259,61,Male,Emergency,Pneumonia,9,3,14,0,7.2,1.81,137,1
PAT-17260,47,Male,Emergency,Pneumonia,5,5,12,0,9.4,1.12,133,1
PAT-17261,41,Female,Emergency,Sepsis,8,1,7,0,6.0,1.95,122,0
PAT-17262,75,Male,Elective,Type 2 Diabetes,2,3,14,0,8.4,0.72,130,0
PAT-17263,18,Female,Elective,Pneumonia,4,2,14,0,6.7,1.68,152,0
PAT-17264,82,Male,Emergency,Type 2 Diabetes,3,3,4,0,6.3,1.48,104,1
PAT-17265,29,Female,Emergency,Type 2 Diabetes,1,3,10,1,6.1,0.5,163,0
PAT-17266,42,Female,Elective,COPD Exacerbation,4,3,11,0,8.0,0.86,108,1
PAT-17267,57,Male,Elective,Heart Failure,4,3,5,1,8.4,2.19,106,1
PAT-17268,64,Female,Emergency,Heart Failure,11,1,10,1,9.2,2.57,142,1
PAT-17269,55,Female,Emergency,Pneumonia,7,1,8,1,4.6,1.09,133,0
PAT-17270,52,Female,Emergency,Heart Failure,7,4,11,2,7.0,0.63,139,1
PAT-17271,90,Male,Elective,Heart Failure,6,6,5,0,5.8,4.1,144,1
PAT-17272,73,Male,Urgent,Sepsis,9,4,5,3,6.6,0.53,127,1
PAT-17273,22,Female,Emergency,Sepsis,6,3,9,0,7.6,1.47,138,0
PAT-17274,60,Female,Emergency,Type 2 Diabetes,9,1,13,2,3.6,2.1,125,1
PAT-17275,86,Female,Emergency,Type 2 Diabetes,5,5,4,1,8.0,1.27,178,1
PAT-17276,51,Female,Emergency,Total Hip Arthroplasty,1,4,7,2,3.9,0.99,124,0
PAT-17277,31,Male,Emergency,Heart Failure,2,1,7,2,8.0,1.3,143,1
PAT-17278,80,Female,Urgent,COPD Exacerbation,6,2,9,0,5.6,0.82,111,1
PAT-17279,71,Female,Emergency,COPD Exacerbation,8,1,8,1,6.4,0.53,167,1
PAT-17280,69,Female,Elective,Sepsis,11,3,7,0,7.9,2.79,131,1
PAT-17281,26,Female,Emergency,Ischemic Stroke,4,1,12,0,6.3,1.07,119,0
PAT-17282,36,Female,Elective,Type 2 Diabetes,1,1,3,1,8.5,2.86,114,0
PAT-17283,72,Male,Emergency,Pneumonia,9,3,9,1,6.8,0.88,149,0
PAT-17284,43,Female,Emergency,Acute Myocardial Infarction,8,3,2,0,8.3,0.74,116,0
PAT-17285,65,Female,Urgent,Ischemic Stroke,7,1,7,0,6.1,6.11,99,0
PAT-17286,68,Male,Emergency,Total Hip Arthroplasty,6,3,2,1,6.5,2.22,141,1
PAT-17287,50,Female,Elective,COPD Exacerbation,1,6,13,0,6.1,2.17,130,1
PAT-17288,89,Male,Urgent,Sepsis,8,0,11,1,7.4,1.32,125,0
PAT-17289,84,Male,Emergency,Heart Failure,4,2,12,2,8.3,0.77,150,1
PAT-17290,78,Female,Emergency,Type 2 Diabetes,5,5,10,0,7.1,0.57,119,1
PAT-17291,29,Male,Elective,Heart Failure,4,3,4,2,4.1,0.76,145,1
PAT-17292,33,Female,Urgent,Heart Failure,4,0,3,0,8.6,3.07,121,0
PAT-17293,64,Male,Elective,COPD Exacerbation,7,2,9,1,6.2,3.9,132,1
PAT-17294,39,Male,Emergency,Total Hip Arthroplasty,1,4,10,0,5.7,1.27,149,0
PAT-17295,90,Male,Elective,COPD Exacerbation,6,3,4,2,8.8,1.56,139,1
PAT-17296,38,Male,Elective,COPD Exacerbation,1,2,13,1,7.0,3.21,141,0
PAT-17297,64,Male,Elective,Heart Failure,8,2,4,2,6.7,0.72,134,1
PAT-17298,56,Male,Elective,COPD Exacerbation,7,2,6,2,7.6,2.34,145,0
PAT-17299,73,Male,Emergency,Pneumonia,7,2,13,0,7.2,5.06,136,0
PAT-17300,35,Female,Emergency,COPD Exacerbation,4,2,12,0,6.8,5.3,139,1
PAT-17301,60,Male,Elective,Type 2 Diabetes,3,4,6,0,6.4,3.03,120,0
PAT-17302,49,Female,Urgent,COPD Exacerbation,2,0,7,1,6.2,1.57,125,0
PAT-17303,86,Female,Emergency,Pneumonia,8,1,5,2,5.2,1.54,136,0
PAT-17304,24,Male,Urgent,COPD Exacerbation,5,6,11,1,6.9,1.87,140,0
PAT-17305,87,Female,Urgent,Heart Failure,10,3,7,0,8.2,4.28,153,1
PAT-17306,83,Female,Urgent,Pneumonia,6,4,2,0,6.7,2.08,140,1
PAT-17307,51,Male,Urgent,Type 2 Diabetes,4,2,5,0,6.8,1.12,145,0
PAT-17308,81,Female,Urgent,Acute Myocardial Infarction,7,2,8,2,8.5,0.85,149,0
PAT-17309,23,Female,Elective,Acute Myocardial Infarction,5,1,6,0,7.1,0.54,166,0
PAT-17310,90,Male,Elective,Total Hip Arthroplasty,3,2,10,0,7.5,2.14,135,0
PAT-17311,67,Male,Emergency,COPD Exacerbation,5,2,9,0,9.4,2.39,121,0
PAT-17312,51,Male,Emergency,Type 2 Diabetes,2,2,8,0,9.0,1.19,119,1
PAT-17313,56,Female,Emergency,Sepsis,7,5,13,2,9.9,0.51,129,1
PAT-17314,28,Female,Emergency,Pneumonia,8,0,8,0,8.6,0.9,129,0
PAT-17315,91,Male,Emergency,Heart Failure,6,6,7,0,7.0,1.48,162,1
PAT-17316,24,Female,Urgent,Acute Myocardial Infarction,3,1,12,1,7.6,3.68,106,0
PAT-17317,74,Male,Elective,Heart Failure,6,3,8,0,7.1,2.66,113,1
PAT-17318,61,Male,Emergency,Heart Failure,5,2,10,1,5.8,1.11,123,0
PAT-17319,89,Female,Elective,Acute Myocardial Infarction,5,3,7,0,6.8,1.66,141,0
PAT-17320,46,Female,Emergency,Acute Myocardial Infarction,2,1,5,0,7.9,1.53,109,0
PAT-17321,67,Female,Emergency,Sepsis,12,3,4,2,5.5,1.52,121,1
PAT-17322,64,Male,Urgent,Type 2 Diabetes,3,3,9,1,7.1,1.83,136,0
PAT-17323,77,Female,Emergency,Sepsis,7,3,9,1,6.2,0.95,132,1
PAT-17324,28,Female,Elective,Acute Myocardial Infarction,3,1,5,2,7.7,0.81,118,0
PAT-17325,42,Male,Emergency,Sepsis,12,1,9,1,5.6,1.73,137,1
PAT-17326,44,Male,Emergency,Acute Myocardial Infarction,2,1,9,1,7.0,7.07,134,0
PAT-17327,79,Female,Elective,COPD Exacerbation,7,1,9,0,4.1,1.13,127,0
PAT-17328,41,Male,Emergency,Heart Failure,4,2,12,0,5.4,1.4,129,0
PAT-17329,69,Female,Urgent,Acute Myocardial Infarction,5,1,7,1,6.9,2.31,131,0
PAT-17330,44,Male,Emergency,Acute Myocardial Infarction,6,4,3,2,6.7,2.38,79,0
PAT-17331,85,Male,Emergency,Type 2 Diabetes,1,2,4,1,5.9,1.78,114,0
PAT-17332,89,Female,Urgent,Acute Myocardial Infarction,4,3,5,0,7.6,2.1,115,0
PAT-17333,66,Male,Urgent,COPD Exacerbation,7,4,6,1,5.5,0.7,142,0
PAT-17334,55,Female,Emergency,COPD Exacerbation,5,3,13,1,6.0,0.57,144,1
PAT-17335,45,Male,Emergency,Type 2 Diabetes,4,1,7,2,7.5,0.85,166,1
PAT-17336,26,Female,Elective,Heart Failure,5,2,6,0,6.0,0.87,133,0
PAT-17337,48,Female,Emergency,Type 2 Diabetes,1,5,7,4,10.8,3.44,115,1
PAT-17338,74,Female,Emergency,Acute Myocardial Infarction,7,3,9,3,6.6,0.55,126,0
PAT-17339,67,Female,Elective,Type 2 Diabetes,6,1,7,1,7.9,0.64,152,0
PAT-17340,89,Male,Emergency,Heart Failure,7,4,7,1,4.7,0.97,90,1
PAT-17341,58,Male,Emergency,Ischemic Stroke,8,3,11,1,8.2,3.01,115,0
PAT-17342,76,Male,Emergency,Type 2 Diabetes,7,2,10,0,5.7,0.6,119,0
PAT-17343,64,Female,Urgent,COPD Exacerbation,4,2,6,0,6.9,0.9,163,0
PAT-17344,66,Female,Elective,Total Hip Arthroplasty,5,2,8,1,8.3,1.67,156,0
PAT-17345,48,Male,Elective,COPD Exacerbation,8,2,7,2,6.7,1.01,150,1
PAT-17346,62,Female,Emergency,Sepsis,10,1,8,0,5.5,1.62,151,0
PAT-17347,63,Male,Emergency,Ischemic Stroke,6,1,10,0,7.0,1.32,119,0
PAT-17348,77,Male,Emergency,Sepsis,14,2,6,0,5.6,2.29,140,1
PAT-17349,89,Female,Emergency,COPD Exacerbation,6,3,13,1,6.6,0.56,152,0
PAT-17350,53,Male,Emergency,Type 2 Diabetes,6,4,14,2,7.3,2.23,132,1
PAT-17351,24,Male,Emergency,Pneumonia,4,3,7,0,7.7,5.04,142,0
PAT-17352,65,Male,Elective,Sepsis,11,0,5,2,8.0,0.74,145,1
PAT-17353,68,Female,Elective,Sepsis,8,1,15,1,6.4,1.54,91,1
PAT-17354,39,Female,Emergency,Sepsis,8,1,9,0,4.7,1.27,132,0
PAT-17355,80,Female,Elective,COPD Exacerbation,4,2,15,0,4.4,3.64,136,0
PAT-17356,91,Female,Elective,Pneumonia,11,2,11,0,7.4,0.82,130,1
PAT-17357,89,Female,Emergency,Type 2 Diabetes,4,2,7,2,6.0,2.21,148,1
PAT-17358,42,Male,Emergency,Heart Failure,2,0,10,0,6.5,1.51,135,0
PAT-17359,86,Male,Elective,Acute Myocardial Infarction,6,1,9,2,4.3,0.7,138,1
PAT-17360,77,Male,Emergency,Type 2 Diabetes,5,0,7,2,7.0,0.88,134,1
PAT-17361,62,Female,Emergency,Type 2 Diabetes,4,4,7,1,6.5,0.88,148,0
PAT-17362,67,Male,Emergency,Sepsis,7,0,2,1,6.0,0.62,147,0
PAT-17363,84,Female,Emergency,Heart Failure,8,6,4,1,7.6,2.28,129,1
PAT-17364,64,Male,Urgent,Total Hip Arthroplasty,6,1,5,0,5.1,4.14,118,0
PAT-17365,56,Male,Elective,Heart Failure,2,6,5,0,7.8,1.45,145,0
PAT-17366,64,Male,Emergency,Total Hip Arthroplasty,1,2,8,1,4.4,0.5,129,0
PAT-17367,70,Male,Urgent,Pneumonia,6,1,9,0,9.8,0.51,95,0
PAT-17368,41,Male,Elective,Heart Failure,3,0,7,0,7.1,0.66,150,0
PAT-17369,87,Female,Elective,Acute Myocardial Infarction,7,2,5,0,10.3,1.05,148,1
PAT-17370,75,Female,Emergency,Total Hip Arthroplasty,7,2,12,0,4.8,2.49,126,0
PAT-17371,73,Female,Elective,Pneumonia,6,7,14,0,6.7,0.62,146,1
PAT-17372,32,Female,Emergency,Acute Myocardial Infarction,6,2,5,2,8.7,1.11,122,1
PAT-17373,71,Male,Emergency,Ischemic Stroke,4,1,6,0,8.1,1.64,121,0
PAT-17374,34,Female,Emergency,Type 2 Diabetes,4,1,7,1,7.9,1.07,136,0
PAT-17375,29,Male,Emergency,Sepsis,6,3,8,0,6.9,1.39,108,1
PAT-17376,67,Female,Emergency,Type 2 Diabetes,5,3,6,0,6.1,0.62,111,0
PAT-17377,58,Female,Emergency,Pneumonia,2,1,12,1,7.3,1.46,120,0
PAT-17378,70,Male,Elective,Type 2 Diabetes,2,3,5,3,7.1,0.59,146,0
PAT-17379,31,Female,Emergency,Pneumonia,6,4,5,1,7.5,0.6,121,1
PAT-17380,60,Male,Elective,Heart Failure,4,1,10,1,8.7,1.24,140,1
PAT-17381,40,Male,Elective,Type 2 Diabetes,2,4,8,0,6.8,0.55,171,0
PAT-17382,91,Female,Emergency,Pneumonia,11,3,7,0,6.5,1.6,141,0
PAT-17383,69,Female,Emergency,COPD Exacerbation,5,2,5,0,5.3,2.58,141,0
PAT-17384,76,Female,Urgent,COPD Exacerbation,7,1,11,1,4.8,2.16,118,0
PAT-17385,53,Male,Emergency,COPD Exacerbation,3,4,14,2,5.4,0.9,142,1
PAT-17386,31,Male,Elective,Type 2 Diabetes,1,1,9,0,8.5,1.65,125,0
PAT-17387,90,Female,Elective,Ischemic Stroke,8,0,4,0,8.8,1.28,136,0
PAT-17388,50,Male,Emergency,Pneumonia,3,2,11,0,5.2,2.36,116,0
PAT-17389,60,Female,Emergency,Type 2 Diabetes,2,4,5,1,6.4,3.47,158,0
PAT-17390,74,Male,Emergency,COPD Exacerbation,6,2,8,1,7.7,0.75,126,1
PAT-17391,22,Male,Urgent,Acute Myocardial Infarction,3,0,4,2,7.6,0.52,130,0
PAT-17392,82,Male,Elective,Heart Failure,7,0,7,1,8.5,1.51,108,1
PAT-17393,67,Male,Urgent,Type 2 Diabetes,5,2,8,1,8.2,2.66,138,0
PAT-17394,49,Female,Emergency,Sepsis,6,2,12,0,6.6,2.75,122,1
PAT-17395,27,Male,Emergency,Pneumonia,3,4,7,0,5.3,1.52,142,0
PAT-17396,39,Female,Emergency,Pneumonia,1,3,7,2,8.7,3.0,141,1
PAT-17397,87,Male,Urgent,Total Hip Arthroplasty,3,0,6,1,9.3,0.53,116,0
PAT-17398,76,Female,Emergency,Heart Failure,7,3,5,1,7.5,2.3,151,0
PAT-17399,47,Male,Emergency,COPD Exacerbation,7,7,7,1,7.5,0.99,137,1
PAT-17400,28,Male,Urgent,Type 2 Diabetes,3,4,9,1,4.9,0.68,134,0
PAT-17401,76,Male,Emergency,Heart Failure,8,2,9,1,8.2,0.56,141,0
PAT-17402,69,Female,Emergency,Type 2 Diabetes,5,3,12,1,8.4,3.44,141,0
PAT-17403,59,Male,Emergency,COPD Exacerbation,5,1,10,0,10.9,0.61,131,0
PAT-17404,56,Male,Emergency,Heart Failure,4,0,9,2,7.5,0.62,151,0
PAT-17405,44,Male,Urgent,COPD Exacerbation,1,2,11,1,5.7,0.95,145,0
PAT-17406,75,Female,Emergency,Ischemic Stroke,10,4,5,3,5.0,0.73,146,0
PAT-17407,90,Female,Emergency,Sepsis,10,3,11,1,6.8,0.89,140,1
PAT-17408,40,Female,Emergency,Type 2 Diabetes,6,3,8,0,5.5,1.31,100,0
PAT-17409,71,Female,Emergency,Heart Failure,4,2,8,0,5.8,0.77,134,0
PAT-17410,60,Female,Emergency,Pneumonia,11,5,12,1,5.3,1.85,123,1
PAT-17411,61,Female,Emergency,Pneumonia,6,3,10,0,6.7,1.01,107,1
PAT-17412,47,Female,Elective,Ischemic Stroke,5,3,12,2,6.9,0.65,123,1
PAT-17413,83,Female,Emergency,Ischemic Stroke,7,4,5,0,10.7,2.87,128,0
PAT-17414,64,Female,Elective,Pneumonia,7,4,12,1,7.5,1.15,147,0
PAT-17415,68,Male,Emergency,Heart Failure,5,2,13,1,8.8,0.77,145,1
PAT-17416,51,Male,Elective,Total Hip Arthroplasty,2,1,10,0,7.0,1.56,118,0
PAT-17417,41,Female,Emergency,Sepsis,4,2,7,0,6.4,1.52,122,1
PAT-17418,30,Male,Emergency,Pneumonia,3,2,7,2,7.0,1.43,125,0
PAT-17419,77,Male,Urgent,Type 2 Diabetes,7,4,8,0,6.7,1.02,130,1
PAT-17420,42,Male,Emergency,Pneumonia,4,0,8,3,9.1,1.06,143,1
PAT-17421,76,Female,Emergency,Total Hip Arthroplasty,1,2,5,1,7.7,0.66,141,1
PAT-17422,58,Female,Emergency,Heart Failure,3,5,7,0,8.9,1.23,131,0
PAT-17423,59,Male,Emergency,Sepsis,8,5,5,1,9.1,2.23,123,1
PAT-17424,63,Female,Emergency,Heart Failure,4,2,11,1,6.4,0.78,145,1
PAT-17425,56,Female,Emergency,Total Hip Arthroplasty,2,1,11,3,9.1,1.68,132,1
PAT-17426,32,Female,Elective,Pneumonia,3,1,8,1,3.4,1.14,131,0
PAT-17427,52,Female,Elective,Type 2 Diabetes,5,4,12,3,3.5,0.8,132,1
PAT-17428,75,Male,Elective,Heart Failure,7,1,7,2,6.7,0.5,158,0
PAT-17429,75,Female,Emergency,COPD Exacerbation,10,2,10,1,5.1,1.5,143,0
PAT-17430,50,Male,Emergency,Type 2 Diabetes,3,4,4,1,7.1,0.65,128,0
PAT-17431,62,Male,Elective,COPD Exacerbation,4,1,9,1,4.5,0.86,135,0
PAT-17432,42,Male,Emergency,Type 2 Diabetes,5,1,6,0,5.8,2.07,125,0
PAT-17433,43,Female,Elective,Heart Failure,5,0,10,2,6.8,1.18,119,0
PAT-17434,22,Female,Emergency,Pneumonia,3,0,8,0,7.5,1.14,136,0
PAT-17435,87,Female,Emergency,COPD Exacerbation,7,2,5,1,9.0,1.18,146,0
PAT-17436,43,Female,Elective,Pneumonia,6,3,13,0,6.2,1.72,129,0
PAT-17437,45,Male,Elective,Pneumonia,2,3,7,0,8.0,2.48,129,0
PAT-17438,49,Female,Elective,COPD Exacerbation,3,1,9,2,6.7,1.11,140,1
PAT-17439,35,Male,Urgent,Pneumonia,5,4,7,1,8.3,1.42,100,1
PAT-17440,73,Male,Elective,Heart Failure,9,1,10,1,5.9,4.2,133,0
PAT-17441,29,Male,Emergency,Heart Failure,5,1,10,3,7.7,0.99,133,1
PAT-17442,36,Male,Urgent,Heart Failure,3,3,8,0,5.6,2.52,108,0
PAT-17443,73,Female,Elective,Acute Myocardial Infarction,4,2,13,0,7.2,1.82,154,0
PAT-17444,54,Female,Elective,Pneumonia,7,0,13,1,6.0,1.28,155,1
PAT-17445,77,Female,Emergency,Pneumonia,2,4,9,2,7.7,0.78,124,1
PAT-17446,68,Female,Urgent,Sepsis,7,3,15,0,7.7,2.98,129,0
PAT-17447,47,Female,Emergency,Type 2 Diabetes,6,6,5,3,6.9,1.06,121,1
PAT-17448,74,Female,Emergency,COPD Exacerbation,6,3,6,0,8.2,2.47,150,1
PAT-17449,34,Female,Emergency,Heart Failure,3,5,5,0,8.5,1.05,144,0
PAT-17450,67,Male,Emergency,Acute Myocardial Infarction,2,5,9,1,6.0,1.53,154,0
PAT-17451,61,Female,Emergency,Acute Myocardial Infarction,6,0,8,0,7.4,0.93,155,0
PAT-17452,48,Male,Elective,Sepsis,8,2,13,1,9.2,1.85,134,0
PAT-17453,71,Female,Elective,Total Hip Arthroplasty,3,3,7,0,5.7,0.82,120,0
PAT-17454,85,Female,Emergency,Acute Myocardial Infarction,6,5,7,3,7.1,0.55,161,1
PAT-17455,91,Male,Elective,Sepsis,10,1,13,1,7.8,0.85,117,1
PAT-17456,71,Male,Emergency,Type 2 Diabetes,4,2,11,1,4.9,1.45,152,0
PAT-17457,59,Female,Emergency,Type 2 Diabetes,1,2,12,1,9.9,0.66,131,1
PAT-17458,45,Female,Emergency,Ischemic Stroke,4,2,14,0,5.9,0.57,118,0
PAT-17459,47,Female,Urgent,Total Hip Arthroplasty,4,4,8,0,6.4,0.88,139,0
PAT-17460,64,Female,Emergency,COPD Exacerbation,6,0,6,0,6.9,0.64,155,1
PAT-17461,56,Female,Emergency,Type 2 Diabetes,4,3,8,0,5.7,2.71,121,0
PAT-17462,87,Male,Emergency,Sepsis,9,3,11,0,7.8,3.02,146,0
PAT-17463,56,Female,Elective,Type 2 Diabetes,5,3,10,1,9.0,1.13,146,0
PAT-17464,56,Female,Elective,Heart Failure,4,3,5,1,8.0,0.52,140,0
PAT-17465,57,Male,Emergency,COPD Exacerbation,7,6,9,0,7.7,2.18,145,1
PAT-17466,84,Female,Emergency,Heart Failure,5,1,12,2,8.2,1.56,119,1
PAT-17467,74,Female,Elective,Type 2 Diabetes,3,3,12,2,6.4,0.74,137,1
PAT-17468,72,Male,Elective,Sepsis,9,3,5,0,6.2,3.32,112,1
PAT-17469,53,Female,Emergency,Type 2 Diabetes,5,0,5,1,9.4,0.98,155,0
PAT-17470,83,Male,Elective,Total Hip Arthroplasty,4,4,6,1,8.2,1.31,128,0
PAT-17471,24,Female,Urgent,Ischemic Stroke,5,2,4,0,5.1,0.57,178,0
PAT-17472,85,Female,Emergency,Sepsis,9,2,8,0,9.5,1.35,149,1
PAT-17473,66,Female,Emergency,Ischemic Stroke,7,4,4,0,9.1,1.46,144,1
PAT-17474,58,Female,Emergency,COPD Exacerbation,5,1,11,0,8.1,0.85,132,1
PAT-17475,65,Female,Elective,COPD Exacerbation,3,2,7,2,8.9,1.91,143,1
PAT-17476,75,Female,Emergency,Sepsis,9,2,5,0,9.2,1.67,159,0
PAT-17477,20,Male,Emergency,Pneumonia,5,1,8,3,7.0,1.03,126,0
PAT-17478,85,Male,Elective,Pneumonia,12,4,13,0,8.5,1.13,135,1
PAT-17479,61,Female,Elective,COPD Exacerbation,4,0,9,0,10.8,1.22,114,0
PAT-17480,54,Male,Emergency,COPD Exacerbation,3,3,7,2,6.2,0.64,148,0
PAT-17481,36,Male,Emergency,Acute Myocardial Infarction,4,2,4,1,6.8,1.89,133,0
PAT-17482,61,Male,Emergency,COPD Exacerbation,3,1,9,1,5.5,0.57,151,0
PAT-17483,65,Female,Elective,Acute Myocardial Infarction,2,4,12,3,6.8,1.02,114,1
PAT-17484,58,Male,Elective,Acute Myocardial Infarction,1,2,8,1,9.0,1.09,118,0
PAT-17485,75,Female,Emergency,Pneumonia,5,3,10,1,5.7,0.89,155,0
PAT-17486,60,Female,Elective,Heart Failure,4,3,14,0,8.5,0.67,148,0
PAT-17487,90,Male,Elective,Sepsis,7,1,8,0,9.2,2.17,140,0
PAT-17488,71,Male,Emergency,Heart Failure,5,3,13,1,4.4,1.45,112,1
PAT-17489,82,Male,Elective,Ischemic Stroke,3,0,6,2,6.1,0.59,142,0
PAT-17490,33,Male,Emergency,Sepsis,9,0,5,1,9.2,4.45,143,1
PAT-17491,58,Female,Urgent,Acute Myocardial Infarction,3,3,8,1,7.8,1.3,152,0
PAT-17492,54,Male,Emergency,Ischemic Stroke,6,2,7,3,5.8,2.66,111,0
PAT-17493,69,Female,Emergency,COPD Exacerbation,6,2,12,2,6.5,0.84,124,1
PAT-17494,85,Female,Emergency,Heart Failure,7,1,16,0,7.6,2.2,114,1
PAT-17495,29,Female,Elective,COPD Exacerbation,2,3,12,1,8.5,2.04,107,0
PAT-17496,29,Female,Emergency,Type 2 Diabetes,3,4,9,3,9.9,0.76,139,0
PAT-17497,84,Male,Emergency,Type 2 Diabetes,8,1,13,0,6.9,0.59,141,0
PAT-17498,44,Female,Urgent,Pneumonia,3,1,9,0,8.1,0.56,139,0
PAT-17499,75,Male,Urgent,Acute Myocardial Infarction,7,1,7,0,6.8,1.49,126,1
PAT-17500,68,Female,Urgent,Pneumonia,4,2,7,1,7.5,0.53,159,0
PAT-17501,83,Female,Emergency,Pneumonia,9,3,10,1,8.3,1.3,129,1
PAT-17502,35,Male,Urgent,Type 2 Diabetes,1,2,11,0,6.0,0.56,161,0
PAT-17503,35,Female,Emergency,COPD Exacerbation,2,2,10,1,8.1,0.86,146,1
PAT-17504,68,Male,Emergency,Type 2 Diabetes,6,7,6,0,5.1,4.3,105,0
PAT-17505,89,Male,Emergency,Type 2 Diabetes,6,3,6,2,7.9,1.74,122,0
PAT-17506,59,Female,Emergency,Acute Myocardial Infarction,3,4,10,0,10.2,1.22,122,0
PAT-17507,53,Male,Emergency,Type 2 Diabetes,4,3,10,1,7.2,0.52,123,1
PAT-17508,71,Female,Emergency,Heart Failure,4,3,11,0,5.2,0.99,141,1
PAT-17509,88,Male,Elective,Type 2 Diabetes,2,0,6,0,5.5,0.6,136,0
PAT-17510,84,Female,Emergency,COPD Exacerbation,6,0,6,1,8.1,2.07,121,1
PAT-17511,91,Female,Emergency,Sepsis,9,5,8,1,4.2,1.37,100,1
PAT-17512,21,Female,Emergency,Ischemic Stroke,3,2,9,1,6.4,1.21,142,0
PAT-17513,33,Male,Urgent,Acute Myocardial Infarction,6,3,4,0,7.3,5.18,104,0
PAT-17514,71,Male,Emergency,Pneumonia,5,2,7,0,10.5,1.9,112,1
PAT-17515,83,Male,Emergency,Type 2 Diabetes,5,1,5,0,10.3,2.25,149,0
PAT-17516,50,Male,Emergency,Heart Failure,7,4,10,2,7.2,1.89,146,1
PAT-17517,46,Male,Urgent,COPD Exacerbation,4,4,7,2,5.8,1.57,175,0
PAT-17518,81,Male,Emergency,Pneumonia,5,3,4,2,8.9,1.87,125,0
PAT-17519,26,Female,Emergency,Acute Myocardial Infarction,4,1,6,1,6.7,0.51,142,1
PAT-17520,56,Male,Emergency,Type 2 Diabetes,4,2,3,0,7.5,3.98,125,0
PAT-17521,65,Male,Urgent,Type 2 Diabetes,6,1,10,0,8.0,0.98,131,0
PAT-17522,69,Female,Emergency,Type 2 Diabetes,8,3,8,0,8.9,3.28,161,1
PAT-17523,78,Male,Elective,Sepsis,8,3,6,0,7.3,0.78,127,1
PAT-17524,55,Female,Emergency,Heart Failure,5,4,5,1,8.1,0.6,157,0
PAT-17525,72,Male,Urgent,COPD Exacerbation,3,4,6,1,6.3,3.07,108,1
PAT-17526,70,Male,Elective,Heart Failure,7,2,17,1,5.8,2.28,134,1
PAT-17527,68,Male,Elective,COPD Exacerbation,5,3,4,1,6.8,1.87,149,1
PAT-17528,73,Male,Emergency,Heart Failure,5,3,7,2,6.0,1.15,128,1
PAT-17529,48,Female,Emergency,Heart Failure,3,1,4,0,8.3,0.98,135,0
PAT-17530,30,Male,Emergency,Heart Failure,3,0,7,0,10.4,4.22,136,0
PAT-17531,34,Female,Elective,Type 2 Diabetes,3,2,5,2,6.9,0.7,145,0
PAT-17532,45,Female,Urgent,Type 2 Diabetes,1,5,7,0,7.0,1.56,134,0
PAT-17533,65,Male,Emergency,Sepsis,8,3,9,0,9.6,1.66,159,0
PAT-17534,84,Male,Urgent,Type 2 Diabetes,5,1,9,0,10.5,0.57,138,0
PAT-17535,77,Male,Emergency,Heart Failure,3,2,7,2,5.5,0.84,144,1
PAT-17536,81,Female,Urgent,COPD Exacerbation,4,1,15,1,5.3,0.7,125,0
PAT-17537,55,Male,Emergency,Acute Myocardial Infarction,3,4,6,0,8.1,0.56,127,0
PAT-17538,59,Male,Emergency,Type 2 Diabetes,7,0,7,0,7.2,1.48,167,0
PAT-17539,58,Female,Emergency,COPD Exacerbation,3,2,7,0,8.8,1.52,92,0
PAT-17540,42,Female,Elective,Acute Myocardial Infarction,4,1,8,1,8.1,0.72,130,0
PAT-17541,27,Male,Elective,Type 2 Diabetes,1,4,9,0,7.1,1.7,110,0
PAT-17542,70,Male,Emergency,Pneumonia,5,2,12,0,7.6,0.86,146,1
PAT-17543,91,Male,Emergency,Heart Failure,3,2,9,0,8.0,3.32,144,0
PAT-17544,39,Female,Emergency,Heart Failure,6,1,6,0,5.7,1.02,123,0
PAT-17545,25,Male,Emergency,Ischemic Stroke,3,4,9,1,7.2,0.66,131,0
PAT-17546,81,Male,Emergency,Type 2 Diabetes,6,2,14,1,6.2,2.21,139,1
PAT-17547,47,Female,Emergency,Type 2 Diabetes,4,3,13,1,6.8,1.36,161,0
PAT-17548,83,Male,Emergency,Ischemic Stroke,7,0,2,0,8.2,2.83,112,0
PAT-17549,77,Male,Elective,Acute Myocardial Infarction,7,3,5,0,5.9,1.64,113,1
PAT-17550,89,Female,Elective,COPD Exacerbation,12,1,11,1,7.0,3.42,137,1
PAT-17551,59,Female,Emergency,Acute Myocardial Infarction,5,7,9,1,5.9,1.68,143,1
PAT-17552,74,Female,Elective,Acute Myocardial Infarction,3,1,6,1,6.5,5.93,145,0
PAT-17553,63,Male,Emergency,Acute Myocardial Infarction,7,2,7,0,9.0,1.24,139,0
PAT-17554,73,Male,Elective,Heart Failure,6,2,4,2,6.9,4.56,146,1
PAT-17555,62,Female,Emergency,Pneumonia,10,0,9,1,6.8,0.66,111,0
PAT-17556,41,Female,Elective,Type 2 Diabetes,2,4,8,0,4.2,1.16,153,0
PAT-17557,65,Female,Emergency,Heart Failure,8,3,8,0,5.8,0.61,134,0
PAT-17558,67,Male,Emergency,Pneumonia,6,0,3,2,6.0,0.78,134,0
PAT-17559,82,Male,Elective,COPD Exacerbation,11,4,15,0,8.5,0.57,144,0
PAT-17560,78,Male,Emergency,Heart Failure,5,2,9,1,6.8,2.71,134,1
PAT-17561,75,Male,Emergency,Type 2 Diabetes,10,3,9,0,5.1,4.97,132,0
PAT-17562,34,Male,Elective,COPD Exacerbation,5,4,6,3,6.6,1.78,137,1
PAT-17563,78,Female,Elective,COPD Exacerbation,7,3,4,0,9.4,0.83,106,1
PAT-17564,65,Male,Emergency,Sepsis,12,4,12,2,7.2,1.66,113,1
PAT-17565,86,Male,Emergency,Sepsis,8,4,10,1,5.5,2.57,129,1
PAT-17566,88,Male,Emergency,Ischemic Stroke,10,1,8,0,6.9,1.11,125,0
PAT-17567,26,Male,Elective,COPD Exacerbation,3,3,5,1,6.8,0.56,141,0
PAT-17568,83,Male,Emergency,Acute Myocardial Infarction,6,4,8,2,7.5,2.68,135,1
PAT-17569,24,Male,Urgent,Sepsis,7,5,4,2,7.4,0.53,119,1
PAT-17570,56,Male,Emergency,Sepsis,10,4,9,4,6.0,1.36,163,1
PAT-17571,67,Male,Emergency,Acute Myocardial Infarction,6,4,8,2,7.9,1.43,159,1
PAT-17572,37,Male,Emergency,Pneumonia,4,2,8,1,9.1,0.56,106,0
PAT-17573,79,Female,Emergency,Type 2 Diabetes,5,2,6,0,9.3,1.14,153,1
PAT-17574,19,Female,Elective,Total Hip Arthroplasty,1,1,11,1,5.8,2.53,135,0
PAT-17575,39,Male,Emergency,Acute Myocardial Infarction,6,3,7,2,7.2,2.64,152,0
PAT-17576,70,Female,Urgent,Sepsis,12,2,10,1,6.2,1.07,120,1
PAT-17577,77,Female,Emergency,Heart Failure,6,2,5,3,5.3,0.83,142,0
PAT-17578,88,Female,Emergency,Type 2 Diabetes,2,1,4,0,6.4,0.94,127,0
PAT-17579,77,Male,Emergency,Pneumonia,8,2,6,1,8.7,0.54,139,1
PAT-17580,75,Female,Urgent,Sepsis,8,1,8,0,5.8,0.62,133,1
PAT-17581,58,Female,Elective,Total Hip Arthroplasty,3,0,6,0,7.5,0.6,125,0
PAT-17582,18,Female,Emergency,Type 2 Diabetes,3,0,2,0,8.7,0.91,134,0
PAT-17583,34,Male,Urgent,Acute Myocardial Infarction,4,1,9,0,7.1,1.75,141,0
PAT-17584,67,Female,Emergency,Heart Failure,8,0,11,2,6.7,2.51,157,0
PAT-17585,75,Female,Elective,Pneumonia,7,4,3,4,8.8,0.76,132,1
PAT-17586,59,Male,Elective,Pneumonia,6,0,5,0,5.8,2.03,104,0
PAT-17587,78,Male,Elective,Acute Myocardial Infarction,7,1,4,1,7.8,1.99,115,0
PAT-17588,66,Female,Urgent,Total Hip Arthroplasty,3,4,7,1,7.1,1.63,133,1
PAT-17589,29,Male,Urgent,Type 2 Diabetes,1,3,6,1,7.0,0.76,145,0
PAT-17590,42,Female,Urgent,Pneumonia,6,3,9,0,7.0,4.23,114,1
PAT-17591,84,Male,Emergency,COPD Exacerbation,4,1,6,1,8.1,1.02,101,1
PAT-17592,78,Female,Emergency,Type 2 Diabetes,4,3,5,1,7.7,0.83,114,1
PAT-17593,87,Female,Elective,Ischemic Stroke,5,3,9,0,7.3,1.42,158,0
PAT-17594,34,Male,Elective,Total Hip Arthroplasty,1,1,8,1,7.3,0.55,105,0
PAT-17595,91,Male,Emergency,Type 2 Diabetes,4,2,8,3,8.7,0.53,119,1
PAT-17596,43,Female,Emergency,Pneumonia,3,4,3,2,6.8,0.59,138,0
PAT-17597,20,Female,Elective,Type 2 Diabetes,4,0,7,2,5.4,1.18,155,1
PAT-17598,91,Male,Urgent,Pneumonia,9,1,7,2,9.5,0.7,99,1
PAT-17599,49,Male,Emergency,Acute Myocardial Infarction,7,1,8,0,7.3,2.0,101,0
PAT-17600,75,Female,Emergency,Heart Failure,5,2,9,0,7.6,3.45,137,0
PAT-17601,40,Male,Emergency,Total Hip Arthroplasty,1,2,11,0,7.9,3.65,145,0
PAT-17602,70,Female,Emergency,COPD Exacerbation,7,2,8,1,8.6,0.52,132,1
PAT-17603,87,Female,Elective,Ischemic Stroke,8,3,4,3,5.3,0.75,134,1
PAT-17604,52,Female,Urgent,Heart Failure,5,1,3,1,8.2,0.99,152,0
PAT-17605,75,Female,Emergency,Sepsis,4,0,10,0,7.0,1.66,122,1
PAT-17606,41,Female,Emergency,Sepsis,9,2,8,0,6.6,2.79,143,0
PAT-17607,72,Female,Elective,Heart Failure,7,4,8,1,9.6,4.16,129,0
PAT-17608,54,Female,Emergency,Type 2 Diabetes,3,0,9,0,8.0,0.65,121,0
PAT-17609,43,Female,Emergency,Total Hip Arthroplasty,4,1,9,2,6.6,0.7,113,0
PAT-17610,52,Female,Elective,Pneumonia,7,3,10,0,6.7,0.51,120,1
PAT-17611,40,Female,Elective,Pneumonia,4,3,4,0,7.8,2.42,163,0
PAT-17612,87,Male,Emergency,Total Hip Arthroplasty,4,1,10,0,7.5,2.59,120,0
PAT-17613,58,Female,Elective,Heart Failure,3,4,7,1,5.6,3.64,137,1
PAT-17614,46,Male,Emergency,Pneumonia,8,3,8,1,5.6,0.83,150,0
PAT-17615,62,Female,Emergency,COPD Exacerbation,7,0,4,1,7.6,1.35,132,0
PAT-17616,52,Female,Emergency,COPD Exacerbation,3,2,7,4,7.4,1.44,97,1
PAT-17617,79,Male,Emergency,Type 2 Diabetes,6,3,12,0,8.9,2.59,87,1
PAT-17618,90,Male,Emergency,COPD Exacerbation,7,2,7,0,9.6,1.28,143,1
PAT-17619,61,Female,Emergency,Acute Myocardial Infarction,3,1,8,1,7.0,1.12,138,1
PAT-17620,85,Female,Elective,COPD Exacerbation,6,6,10,3,5.2,0.92,159,1
PAT-17621,69,Male,Elective,Acute Myocardial Infarction,6,0,5,2,9.3,2.68,171,0
PAT-17622,38,Male,Emergency,Type 2 Diabetes,5,5,14,0,3.8,0.59,121,0
PAT-17623,76,Male,Emergency,Sepsis,14,3,8,0,4.0,0.61,129,1
PAT-17624,66,Female,Emergency,Pneumonia,6,5,9,0,7.1,2.15,116,0
PAT-17625,74,Female,Emergency,Ischemic Stroke,7,5,6,1,5.9,3.79,99,0
PAT-17626,86,Male,Emergency,Heart Failure,7,0,14,1,7.2,1.86,138,1
PAT-17627,61,Male,Elective,Pneumonia,6,0,12,1,6.7,0.84,162,0
PAT-17628,87,Male,Emergency,Heart Failure,5,0,9,1,6.8,0.83,127,1
PAT-17629,79,Male,Emergency,COPD Exacerbation,4,1,9,0,7.9,1.27,150,0
PAT-17630,64,Male,Emergency,Type 2 Diabetes,1,0,8,0,7.2,1.47,117,0
PAT-17631,71,Female,Emergency,Acute Myocardial Infarction,6,5,8,1,7.9,0.71,109,0
PAT-17632,53,Female,Urgent,Total Hip Arthroplasty,1,2,9,1,8.1,2.01,141,0
PAT-17633,91,Male,Emergency,Type 2 Diabetes,3,6,4,1,8.1,0.7,134,1
PAT-17634,75,Female,Emergency,Heart Failure,6,2,7,2,5.8,1.98,132,1
PAT-17635,25,Female,Elective,Total Hip Arthroplasty,1,0,9,0,9.3,1.69,123,0
PAT-17636,53,Female,Emergency,Type 2 Diabetes,8,4,10,1,5.9,1.83,111,1
PAT-17637,72,Female,Emergency,Pneumonia,3,3,10,1,6.9,4.09,140,1
PAT-17638,26,Female,Elective,Type 2 Diabetes,7,2,7,2,6.5,3.94,118,0
PAT-17639,22,Male,Urgent,Pneumonia,7,4,7,1,9.3,3.88,132,0
PAT-17640,62,Female,Emergency,Type 2 Diabetes,6,3,4,0,4.7,1.31,137,0
PAT-17641,53,Male,Emergency,COPD Exacerbation,7,1,10,0,5.1,0.71,108,0
PAT-17642,61,Female,Elective,Pneumonia,7,2,10,0,7.6,5.45,146,1
PAT-17643,48,Female,Emergency,Sepsis,5,6,6,0,6.7,0.77,138,0
PAT-17644,39,Male,Emergency,Type 2 Diabetes,4,4,18,1,8.1,0.57,163,1
PAT-17645,76,Male,Emergency,Pneumonia,4,4,8,0,8.9,0.93,157,1
PAT-17646,66,Female,Emergency,Type 2 Diabetes,3,2,9,0,8.4,1.18,158,0
PAT-17647,42,Male,Emergency,Total Hip Arthroplasty,2,1,6,0,6.1,1.63,91,0
PAT-17648,52,Female,Emergency,Pneumonia,4,2,6,3,4.1,0.72,108,1
PAT-17649,70,Male,Elective,Heart Failure,7,0,5,1,8.0,0.74,167,0
PAT-17650,29,Female,Emergency,Type 2 Diabetes,2,4,5,1,9.3,1.85,143,0
PAT-17651,37,Female,Emergency,Heart Failure,5,2,4,0,8.1,0.74,125,0
PAT-17652,29,Male,Emergency,Heart Failure,4,3,11,2,7.5,1.25,175,0
PAT-17653,82,Male,Elective,Pneumonia,7,2,8,2,5.9,2.03,95,1
PAT-17654,79,Female,Emergency,Type 2 Diabetes,3,3,9,1,7.7,1.28,124,1
PAT-17655,79,Male,Emergency,Ischemic Stroke,5,1,11,3,8.0,0.89,127,1
PAT-17656,77,Female,Emergency,Heart Failure,5,0,5,2,7.2,1.04,128,0
PAT-17657,75,Male,Emergency,Sepsis,7,3,9,1,8.4,1.19,139,1
PAT-17658,63,Female,Urgent,Type 2 Diabetes,7,1,10,0,8.7,1.64,145,1
PAT-17659,73,Male,Elective,Type 2 Diabetes,1,1,10,2,6.4,1.18,139,0
PAT-17660,24,Female,Emergency,Ischemic Stroke,10,4,13,0,6.6,1.06,150,1
PAT-17661,72,Female,Elective,Sepsis,10,1,7,0,6.9,2.2,75,0
PAT-17662,81,Male,Emergency,COPD Exacerbation,6,6,8,1,9.2,0.88,135,1
PAT-17663,65,Male,Emergency,Acute Myocardial Infarction,4,2,2,0,9.2,0.54,144,0
PAT-17664,55,Male,Emergency,Ischemic Stroke,8,2,10,0,8.6,3.48,135,0
PAT-17665,49,Female,Elective,COPD Exacerbation,4,2,10,1,6.9,2.06,120,0
PAT-17666,73,Female,Emergency,Heart Failure,6,1,11,0,7.8,3.03,154,0
PAT-17667,76,Male,Emergency,Heart Failure,7,4,8,2,6.3,1.81,143,1
PAT-17668,85,Female,Emergency,COPD Exacerbation,7,5,9,1,5.3,0.7,123,1
PAT-17669,54,Male,Emergency,COPD Exacerbation,7,5,9,2,6.8,1.34,126,0
PAT-17670,80,Female,Elective,Acute Myocardial Infarction,6,5,6,1,8.4,0.6,140,1
PAT-17671,69,Male,Elective,Heart Failure,4,1,5,1,7.5,2.72,110,0
PAT-17672,86,Male,Elective,Ischemic Stroke,4,2,10,0,7.5,1.48,144,0
PAT-17673,67,Female,Elective,COPD Exacerbation,6,6,8,0,6.5,5.58,122,1
PAT-17674,66,Male,Urgent,COPD Exacerbation,5,2,6,0,8.1,1.3,118,1
PAT-17675,70,Male,Emergency,Heart Failure,9,6,10,2,9.2,0.9,96,1
PAT-17676,79,Male,Emergency,Ischemic Stroke,7,1,7,1,8.9,2.01,130,0
PAT-17677,90,Female,Emergency,COPD Exacerbation,7,5,9,0,8.2,1.99,114,1
PAT-17678,29,Male,Emergency,COPD Exacerbation,5,3,13,0,5.0,0.82,125,0
PAT-17679,26,Female,Emergency,Ischemic Stroke,6,1,9,0,3.7,2.69,131,0
PAT-17680,89,Female,Emergency,Total Hip Arthroplasty,6,2,15,0,7.3,1.18,107,1
PAT-17681,67,Male,Emergency,Type 2 Diabetes,2,0,12,1,7.4,1.1,95,0
PAT-17682,72,Male,Emergency,Total Hip Arthroplasty,2,1,5,0,4.1,0.56,109,0
PAT-17683,64,Female,Urgent,Acute Myocardial Infarction,4,0,5,0,5.9,0.65,102,0
PAT-17684,31,Male,Emergency,Heart Failure,1,3,7,0,9.5,2.59,134,0
PAT-17685,80,Male,Emergency,Type 2 Diabetes,4,1,7,1,7.6,0.91,135,0
PAT-17686,79,Female,Elective,Pneumonia,5,0,8,0,6.7,0.69,142,0
PAT-17687,52,Male,Emergency,COPD Exacerbation,5,1,10,0,6.9,0.77,158,0
PAT-17688,51,Male,Emergency,Acute Myocardial Infarction,4,1,4,1,7.5,0.79,130,0
PAT-17689,84,Male,Emergency,Type 2 Diabetes,3,0,7,1,6.7,2.44,139,0
PAT-17690,29,Female,Elective,Sepsis,10,2,8,0,7.5,0.81,139,0
PAT-17691,86,Female,Elective,Sepsis,10,5,7,2,6.8,1.16,124,1
PAT-17692,47,Male,Elective,COPD Exacerbation,6,6,5,1,7.5,2.26,161,0
PAT-17693,71,Female,Emergency,Total Hip Arthroplasty,4,5,7,0,6.9,3.72,130,0
PAT-17694,89,Female,Emergency,Sepsis,11,0,8,0,4.0,1.23,106,0
PAT-17695,75,Male,Emergency,Type 2 Diabetes,2,2,11,0,7.4,0.59,145,0
PAT-17696,59,Female,Urgent,Sepsis,11,1,17,1,8.5,0.54,128,1
PAT-17697,76,Male,Elective,Ischemic Stroke,9,0,9,0,7.1,4.72,150,0
PAT-17698,54,Male,Emergency,Heart Failure,5,3,10,1,6.3,1.12,137,1
PAT-17699,49,Male,Elective,Ischemic Stroke,7,1,9,0,8.6,2.34,110,0
PAT-17700,91,Male,Emergency,Heart Failure,8,0,2,0,7.3,0.59,116,1
PAT-17701,79,Female,Urgent,Pneumonia,6,3,7,1,7.0,0.84,136,0
PAT-17702,73,Female,Elective,Acute Myocardial Infarction,2,2,10,1,6.9,0.66,104,0
PAT-17703,55,Male,Emergency,Sepsis,8,3,5,0,5.5,2.48,127,1
PAT-17704,25,Female,Elective,Acute Myocardial Infarction,3,2,6,1,6.6,2.13,132,1
PAT-17705,23,Male,Emergency,Pneumonia,4,4,8,0,8.9,0.98,145,1
PAT-17706,68,Male,Emergency,COPD Exacerbation,8,2,5,2,6.8,3.21,136,1
PAT-17707,80,Female,Elective,Acute Myocardial Infarction,3,5,9,2,6.2,0.61,112,1
PAT-17708,67,Male,Emergency,Pneumonia,5,2,11,0,7.6,5.74,135,0
PAT-17709,84,Female,Emergency,COPD Exacerbation,4,2,15,0,8.8,1.3,137,0
PAT-17710,23,Female,Elective,Sepsis,8,3,9,4,6.8,2.61,123,1
PAT-17711,56,Male,Elective,Type 2 Diabetes,1,2,7,0,7.1,1.28,130,0
PAT-17712,46,Male,Emergency,Pneumonia,7,0,8,2,8.2,1.94,128,0
PAT-17713,61,Male,Emergency,Heart Failure,3,5,5,1,8.0,0.73,111,0
PAT-17714,29,Female,Elective,Acute Myocardial Infarction,2,3,3,0,7.5,2.07,131,0
PAT-17715,89,Female,Emergency,Heart Failure,10,2,8,0,5.3,1.59,141,1
PAT-17716,44,Female,Elective,Pneumonia,8,4,9,0,7.4,0.91,131,1
PAT-17717,88,Female,Emergency,Type 2 Diabetes,5,6,10,0,8.8,3.05,134,1
PAT-17718,60,Female,Emergency,Heart Failure,2,1,15,1,5.7,1.45,152,1
PAT-17719,91,Male,Emergency,Pneumonia,11,3,12,2,6.8,1.73,116,1
PAT-17720,68,Male,Emergency,Pneumonia,6,2,10,0,7.1,1.54,121,0
PAT-17721,88,Female,Elective,Pneumonia,8,2,6,0,7.3,1.79,138,1
PAT-17722,18,Female,Emergency,Type 2 Diabetes,4,3,2,3,8.2,2.7,126,0
PAT-17723,79,Male,Emergency,Ischemic Stroke,4,4,10,1,6.0,0.78,125,1
PAT-17724,87,Male,Elective,Heart Failure,5,2,9,1,4.8,0.75,133,1
PAT-17725,36,Male,Emergency,Total Hip Arthroplasty,2,3,9,1,6.5,0.7,129,0
PAT-17726,32,Female,Emergency,Acute Myocardial Infarction,4,3,3,1,7.3,0.97,156,0
PAT-17727,60,Female,Emergency,Heart Failure,2,6,8,2,7.2,0.97,135,1
PAT-17728,88,Male,Emergency,Pneumonia,8,2,7,0,8.2,1.88,141,0
PAT-17729,67,Male,Emergency,Ischemic Stroke,7,4,9,1,8.1,1.58,112,1
PAT-17730,67,Female,Emergency,COPD Exacerbation,8,1,9,2,5.3,2.66,114,0
PAT-17731,37,Male,Emergency,Heart Failure,6,3,6,0,7.8,1.33,151,0
PAT-17732,18,Female,Elective,Pneumonia,4,3,5,0,5.7,0.79,126,0
PAT-17733,82,Female,Emergency,Pneumonia,6,2,10,1,5.3,0.74,128,0
PAT-17734,30,Male,Elective,Sepsis,9,1,9,0,8.3,1.17,141,0
PAT-17735,73,Female,Elective,Total Hip Arthroplasty,4,4,8,0,8.0,2.27,140,0
PAT-17736,87,Male,Emergency,Heart Failure,3,5,14,0,5.4,1.55,137,1
PAT-17737,43,Female,Emergency,Type 2 Diabetes,7,1,5,1,6.7,1.46,128,1
PAT-17738,75,Female,Emergency,Type 2 Diabetes,2,2,10,1,8.7,0.73,130,1
PAT-17739,29,Female,Emergency,Ischemic Stroke,10,0,5,0,6.8,2.44,153,0
PAT-17740,71,Female,Urgent,COPD Exacerbation,6,1,7,0,6.9,2.18,120,0
PAT-17741,39,Female,Emergency,Total Hip Arthroplasty,1,2,9,3,9.3,3.57,130,0
PAT-17742,78,Male,Urgent,Pneumonia,2,1,8,2,7.9,0.62,168,0
PAT-17743,51,Male,Elective,Acute Myocardial Infarction,6,0,9,0,7.9,2.18,102,0
PAT-17744,63,Female,Emergency,Type 2 Diabetes,1,0,10,0,6.4,1.71,109,0
PAT-17745,71,Female,Emergency,Total Hip Arthroplasty,4,2,12,1,5.7,1.79,139,0
PAT-17746,40,Male,Emergency,Pneumonia,9,1,5,0,8.1,1.95,149,0
PAT-17747,79,Female,Elective,Sepsis,7,2,9,1,5.6,2.32,181,0
PAT-17748,51,Female,Urgent,Type 2 Diabetes,5,2,12,1,7.8,1.56,88,0
PAT-17749,74,Female,Emergency,Acute Myocardial Infarction,3,2,8,2,7.9,1.19,137,0
PAT-17750,38,Male,Emergency,Pneumonia,7,2,6,0,6.1,1.65,137,0
PAT-17751,76,Female,Emergency,Heart Failure,6,1,6,1,5.8,3.86,115,0
PAT-17752,35,Male,Elective,Pneumonia,5,2,5,0,7.2,1.13,162,0
PAT-17753,60,Female,Urgent,COPD Exacerbation,7,3,10,1,5.2,3.15,145,1
PAT-17754,47,Female,Emergency,Heart Failure,6,2,15,1,10.2,5.25,126,1
PAT-17755,79,Female,Emergency,Heart Failure,4,3,6,1,9.2,1.02,120,1
PAT-17756,48,Male,Emergency,Pneumonia,9,0,3,0,9.0,0.73,135,0
PAT-17757,86,Male,Emergency,Type 2 Diabetes,2,2,10,0,7.1,1.74,132,0
PAT-17758,86,Female,Elective,Pneumonia,8,1,5,1,5.7,0.8,123,1
PAT-17759,42,Female,Emergency,Pneumonia,4,3,6,0,4.7,0.89,140,0
PAT-17760,72,Male,Elective,Heart Failure,3,0,6,2,5.0,1.39,113,0
PAT-17761,31,Male,Emergency,Heart Failure,2,0,9,2,8.5,1.29,124,0
PAT-17762,58,Female,Emergency,Sepsis,8,3,11,0,9.0,1.81,106,1
PAT-17763,77,Male,Emergency,Heart Failure,6,2,4,0,5.2,2.56,133,0
PAT-17764,74,Female,Elective,COPD Exacerbation,7,3,12,0,8.1,3.48,140,1
PAT-17765,72,Female,Elective,Pneumonia,9,3,10,1,10.9,0.51,105,0
PAT-17766,49,Female,Emergency,Ischemic Stroke,7,2,5,1,7.4,1.02,134,0
PAT-17767,57,Male,Emergency,Heart Failure,4,5,2,3,6.4,1.62,108,1
PAT-17768,32,Female,Emergency,Sepsis,10,2,8,2,6.9,3.8,132,0
PAT-17769,78,Male,Emergency,Pneumonia,5,3,5,0,7.2,1.04,127,0
PAT-17770,65,Male,Elective,Heart Failure,2,2,9,1,6.8,0.93,127,0
PAT-17771,77,Male,Emergency,Type 2 Diabetes,6,5,8,1,6.6,2.12,133,0
PAT-17772,47,Female,Emergency,Pneumonia,8,4,13,2,4.3,1.74,134,1
PAT-17773,53,Female,Elective,Type 2 Diabetes,2,3,11,3,7.3,0.56,111,0
PAT-17774,53,Male,Emergency,Type 2 Diabetes,7,4,7,0,8.4,1.33,126,1
PAT-17775,22,Male,Emergency,Total Hip Arthroplasty,3,5,11,1,8.3,1.75,141,1
PAT-17776,54,Male,Emergency,Type 2 Diabetes,4,2,6,0,4.6,0.7,153,0
PAT-17777,82,Female,Elective,Pneumonia,6,0,8,1,8.1,1.45,129,1
PAT-17778,87,Female,Emergency,Acute Myocardial Infarction,8,2,6,0,7.4,0.56,130,1
PAT-17779,66,Male,Emergency,Sepsis,6,3,7,2,6.1,0.95,132,1
PAT-17780,62,Female,Elective,Heart Failure,5,5,12,1,7.1,0.5,127,0
PAT-17781,23,Male,Emergency,Acute Myocardial Infarction,1,0,10,1,6.2,1.54,122,0
PAT-17782,86,Female,Elective,Pneumonia,4,3,10,1,8.2,0.82,163,0
PAT-17783,20,Female,Urgent,Heart Failure,5,3,8,2,7.0,3.45,134,1
PAT-17784,89,Female,Elective,Type 2 Diabetes,6,3,4,2,7.9,0.51,179,1
PAT-17785,64,Female,Elective,Heart Failure,7,2,3,0,7.9,2.91,136,0
PAT-17786,54,Female,Emergency,Type 2 Diabetes,3,1,6,0,5.7,3.63,135,0
PAT-17787,88,Male,Emergency,Type 2 Diabetes,7,2,3,0,5.7,0.53,136,0
PAT-17788,22,Female,Elective,Pneumonia,5,1,12,0,6.2,1.11,148,1
PAT-17789,70,Female,Emergency,COPD Exacerbation,4,4,4,0,6.8,3.07,125,0
PAT-17790,68,Male,Elective,Acute Myocardial Infarction,3,1,8,2,9.2,2.18,153,1
PAT-17791,44,Female,Urgent,COPD Exacerbation,1,3,12,1,7.5,0.58,169,0
PAT-17792,60,Female,Emergency,Acute Myocardial Infarction,7,3,8,1,7.7,3.38,122,0
PAT-17793,74,Male,Emergency,Sepsis,11,1,9,0,7.4,0.66,122,0
PAT-17794,78,Male,Elective,Total Hip Arthroplasty,10,3,4,2,8.8,3.67,105,1
PAT-17795,18,Female,Elective,Sepsis,6,2,6,0,7.2,1.75,112,0
PAT-17796,89,Female,Elective,Heart Failure,5,1,7,0,6.6,0.66,112,0
PAT-17797,39,Male,Elective,Type 2 Diabetes,1,0,8,1,6.7,1.78,107,0
PAT-17798,45,Female,Elective,Pneumonia,7,5,10,0,8.4,3.45,97,0
PAT-17799,48,Male,Elective,Type 2 Diabetes,5,2,10,0,10.2,1.56,129,1
PAT-17800,24,Male,Emergency,Heart Failure,7,4,3,0,6.7,0.59,175,0
PAT-17801,35,Male,Elective,Type 2 Diabetes,1,3,9,0,7.0,0.77,158,0
PAT-17802,91,Female,Emergency,Ischemic Stroke,9,2,7,2,6.8,1.23,121,1
PAT-17803,52,Female,Emergency,Type 2 Diabetes,2,2,11,1,6.4,1.08,142,0
PAT-17804,34,Male,Emergency,Pneumonia,8,2,9,2,8.8,1.24,118,0
PAT-17805,33,Female,Emergency,Heart Failure,5,3,7,0,8.3,1.24,143,0
PAT-17806,78,Female,Emergency,Acute Myocardial Infarction,2,4,9,0,7.3,1.48,106,0
PAT-17807,85,Male,Emergency,Pneumonia,7,2,9,0,8.4,2.88,138,0
PAT-17808,47,Female,Emergency,Heart Failure,1,1,5,0,8.5,2.57,145,0
PAT-17809,21,Female,Emergency,Ischemic Stroke,3,3,2,0,6.8,1.62,127,0
PAT-17810,44,Male,Emergency,Acute Myocardial Infarction,2,0,13,0,6.4,2.28,143,0
PAT-17811,26,Female,Elective,Acute Myocardial Infarction,2,2,15,1,3.8,0.71,123,1
PAT-17812,32,Female,Urgent,Ischemic Stroke,5,2,10,1,9.4,0.63,119,1
PAT-17813,60,Female,Elective,Pneumonia,6,3,8,0,5.9,1.31,114,1
PAT-17814,45,Male,Emergency,Acute Myocardial Infarction,4,4,13,1,7.8,1.66,135,0
PAT-17815,66,Female,Elective,Type 2 Diabetes,4,2,6,1,9.6,0.9,136,0
PAT-17816,47,Female,Emergency,Acute Myocardial Infarction,5,1,12,1,5.8,3.34,127,0
PAT-17817,89,Male,Emergency,Heart Failure,4,1,6,0,7.6,0.62,125,0
PAT-17818,87,Male,Elective,Heart Failure,6,5,9,0,8.0,0.84,120,1
PAT-17819,69,Female,Elective,Pneumonia,9,1,9,1,8.2,4.14,157,1
PAT-17820,55,Male,Elective,Heart Failure,5,1,10,1,7.4,2.13,125,0
PAT-17821,57,Female,Elective,Pneumonia,7,2,11,2,5.9,0.75,138,1
PAT-17822,59,Male,Emergency,Pneumonia,7,5,10,2,8.6,1.01,92,1
PAT-17823,78,Female,Elective,COPD Exacerbation,7,1,12,0,5.8,1.93,151,1
PAT-17824,62,Female,Elective,Heart Failure,6,3,5,2,8.7,3.25,125,0
PAT-17825,85,Male,Elective,Heart Failure,8,2,5,1,7.8,0.82,146,0
PAT-17826,89,Female,Elective,COPD Exacerbation,7,3,12,1,6.3,3.78,146,1
PAT-17827,54,Female,Emergency,COPD Exacerbation,6,2,13,0,6.3,1.57,136,0
PAT-17828,69,Female,Emergency,Heart Failure,6,4,12,0,5.3,1.06,133,1
PAT-17829,31,Male,Emergency,COPD Exacerbation,2,2,7,0,7.4,3.8,155,0
PAT-17830,42,Female,Emergency,Sepsis,6,0,7,0,4.5,3.38,110,0
PAT-17831,59,Female,Emergency,Heart Failure,4,1,8,0,5.3,1.07,167,0
PAT-17832,43,Female,Emergency,Pneumonia,8,1,12,0,8.7,0.99,132,0
PAT-17833,86,Female,Urgent,Type 2 Diabetes,4,2,12,1,7.0,4.85,154,0
PAT-17834,38,Female,Urgent,Total Hip Arthroplasty,3,1,17,0,8.6,2.44,134,0
PAT-17835,62,Female,Elective,Heart Failure,1,1,11,1,6.0,1.18,140,0
PAT-17836,71,Female,Emergency,Type 2 Diabetes,5,1,7,1,8.0,1.67,117,0
PAT-17837,76,Female,Emergency,Total Hip Arthroplasty,4,3,11,0,6.8,0.91,119,0
PAT-17838,57,Male,Elective,Type 2 Diabetes,1,2,9,2,5.7,4.04,133,1
PAT-17839,85,Male,Emergency,COPD Exacerbation,6,2,7,1,6.2,1.0,182,1
PAT-17840,69,Male,Elective,Heart Failure,2,1,7,2,6.4,0.67,116,1
PAT-17841,61,Female,Urgent,Ischemic Stroke,5,3,5,0,8.3,2.76,133,0
PAT-17842,28,Male,Emergency,Sepsis,9,3,6,2,7.4,1.47,156,1
PAT-17843,63,Female,Elective,COPD Exacerbation,5,2,6,1,10.1,1.91,136,0
PAT-17844,83,Male,Emergency,Heart Failure,5,5,3,1,8.0,2.93,116,1
PAT-17845,72,Female,Elective,Heart Failure,5,2,7,0,5.8,2.07,135,0
PAT-17846,83,Female,Emergency,COPD Exacerbation,5,2,12,0,5.0,1.62,123,0
PAT-17847,64,Female,Emergency,Type 2 Diabetes,4,1,7,1,9.7,1.14,137,1
PAT-17848,34,Female,Elective,COPD Exacerbation,1,1,8,1,6.3,2.37,125,0
PAT-17849,20,Male,Elective,COPD Exacerbation,5,4,5,1,7.1,0.7,158,0
PAT-17850,51,Male,Elective,Sepsis,6,4,8,1,5.4,3.44,145,1
PAT-17851,76,Male,Emergency,Type 2 Diabetes,1,3,7,1,6.9,1.75,147,1
PAT-17852,81,Male,Elective,COPD Exacerbation,8,2,14,2,8.5,0.98,122,1
PAT-17853,51,Female,Elective,Acute Myocardial Infarction,3,7,9,2,10.9,3.33,107,0
PAT-17854,65,Female,Urgent,Pneumonia,6,0,6,0,5.5,1.76,91,0
PAT-17855,60,Male,Urgent,Sepsis,10,0,9,1,6.6,0.85,114,0
PAT-17856,59,Male,Elective,Heart Failure,4,3,10,3,6.8,1.32,140,1
PAT-17857,45,Male,Elective,Acute Myocardial Infarction,4,0,14,0,10.7,0.95,129,1
PAT-17858,36,Female,Emergency,Ischemic Stroke,7,2,5,0,5.3,1.19,122,0
PAT-17859,42,Male,Emergency,Type 2 Diabetes,6,3,13,0,8.0,1.12,130,0
PAT-17860,26,Male,Emergency,Type 2 Diabetes,1,3,10,1,4.3,1.2,123,0
PAT-17861,42,Female,Elective,Heart Failure,3,5,16,1,4.8,1.35,160,1
PAT-17862,19,Female,Elective,COPD Exacerbation,4,1,9,1,7.3,0.56,137,1
PAT-17863,73,Female,Elective,COPD Exacerbation,6,5,7,1,8.0,1.36,122,0
PAT-17864,52,Male,Emergency,Heart Failure,5,3,4,0,7.6,1.1,114,0
PAT-17865,90,Female,Emergency,Acute Myocardial Infarction,9,2,10,1,8.3,2.69,160,0
PAT-17866,42,Female,Emergency,Sepsis,5,2,11,1,8.2,1.15,155,1
PAT-17867,54,Female,Emergency,Total Hip Arthroplasty,1,2,6,2,6.8,1.54,110,0
PAT-17868,55,Female,Emergency,COPD Exacerbation,1,2,16,1,6.1,4.36,151,1
PAT-17869,19,Female,Urgent,Pneumonia,7,3,10,3,6.7,0.71,167,1
PAT-17870,84,Female,Emergency,Total Hip Arthroplasty,5,4,10,1,6.9,1.17,134,1
PAT-17871,23,Male,Emergency,Pneumonia,2,1,7,2,5.8,0.72,123,1
PAT-17872,89,Male,Emergency,COPD Exacerbation,6,4,10,0,8.3,1.05,154,0
PAT-17873,86,Female,Urgent,COPD Exacerbation,6,0,10,1,5.8,0.84,119,0
PAT-17874,67,Male,Urgent,Type 2 Diabetes,1,1,9,0,8.3,2.09,91,0
PAT-17875,68,Male,Emergency,Heart Failure,6,5,7,1,7.2,1.07,115,1
PAT-17876,74,Female,Urgent,Heart Failure,3,2,8,1,7.5,0.53,125,0
PAT-17877,57,Female,Emergency,Pneumonia,7,2,6,3,7.2,4.21,146,1
PAT-17878,74,Female,Emergency,Pneumonia,4,1,10,0,7.4,1.52,124,0
PAT-17879,25,Female,Emergency,Sepsis,8,1,12,3,6.3,0.51,108,1
PAT-17880,26,Female,Emergency,Pneumonia,7,2,11,0,9.3,1.81,155,0
PAT-17881,62,Male,Elective,Type 2 Diabetes,6,1,8,1,8.5,0.95,130,0
PAT-17882,68,Female,Urgent,Pneumonia,7,0,2,0,6.3,0.62,126,0
PAT-17883,86,Male,Elective,Type 2 Diabetes,5,3,6,1,6.7,0.63,119,0
PAT-17884,33,Female,Emergency,Heart Failure,1,5,13,3,7.7,0.73,142,0
PAT-17885,83,Male,Emergency,Heart Failure,5,4,2,1,6.6,1.86,113,0
PAT-17886,43,Female,Emergency,Type 2 Diabetes,3,1,4,1,6.4,0.6,121,0
PAT-17887,58,Male,Emergency,Heart Failure,4,1,8,0,7.9,0.83,109,0
PAT-17888,52,Male,Emergency,Type 2 Diabetes,1,3,4,0,7.1,0.58,123,0
PAT-17889,58,Male,Emergency,Sepsis,9,4,11,4,7.0,3.19,127,1
PAT-17890,38,Female,Elective,Type 2 Diabetes,1,4,9,0,7.0,0.67,145,0
PAT-17891,65,Male,Elective,Heart Failure,8,1,7,3,5.0,1.43,99,1
PAT-17892,82,Male,Emergency,Ischemic Stroke,8,0,7,0,9.8,2.79,118,1
PAT-17893,61,Male,Emergency,COPD Exacerbation,7,2,4,0,6.1,1.01,117,0
PAT-17894,64,Female,Emergency,Heart Failure,7,2,8,1,5.9,1.99,155,0
PAT-17895,84,Male,Emergency,Heart Failure,10,0,6,2,4.4,4.84,126,1
PAT-17896,77,Female,Emergency,COPD Exacerbation,6,2,6,0,6.4,1.13,151,1
PAT-17897,64,Male,Emergency,COPD Exacerbation,4,0,5,1,8.4,0.55,139,0
PAT-17898,47,Female,Elective,Heart Failure,4,2,10,0,6.5,1.47,130,1
PAT-17899,86,Female,Urgent,Type 2 Diabetes,8,2,8,1,5.4,2.33,99,1
PAT-17900,70,Female,Emergency,Total Hip Arthroplasty,1,4,7,0,7.7,0.65,113,0
PAT-17901,44,Female,Elective,COPD Exacerbation,2,3,9,0,6.7,1.3,149,0
PAT-17902,48,Male,Emergency,Pneumonia,6,0,8,3,6.0,2.08,136,1
PAT-17903,82,Female,Urgent,Type 2 Diabetes,4,2,9,3,5.8,2.1,128,1
PAT-17904,25,Female,Emergency,Heart Failure,6,5,8,1,7.2,1.98,109,1
PAT-17905,91,Male,Emergency,Pneumonia,5,5,7,0,5.7,2.08,94,0
PAT-17906,35,Female,Emergency,Total Hip Arthroplasty,2,3,12,0,7.0,1.31,155,1
PAT-17907,82,Female,Emergency,Heart Failure,6,7,8,1,6.3,2.38,117,1
PAT-17908,58,Male,Emergency,Ischemic Stroke,4,0,8,1,8.4,1.5,121,0
PAT-17909,64,Female,Urgent,Type 2 Diabetes,6,2,10,0,8.5,3.87,112,1
PAT-17910,86,Female,Elective,Pneumonia,7,2,10,0,6.6,0.88,112,0
PAT-17911,59,Female,Emergency,Heart Failure,5,3,9,1,5.9,2.5,133,0
PAT-17912,67,Male,Emergency,COPD Exacerbation,3,3,13,2,6.5,1.54,98,1
PAT-17913,25,Male,Elective,Pneumonia,4,2,6,0,7.6,2.08,138,0
PAT-17914,18,Female,Elective,COPD Exacerbation,1,4,7,2,6.3,1.12,133,1
PAT-17915,46,Female,Elective,COPD Exacerbation,6,3,5,0,6.3,1.87,113,1
PAT-17916,75,Female,Emergency,Pneumonia,9,3,10,2,8.5,2.12,117,1
PAT-17917,34,Male,Elective,Acute Myocardial Infarction,7,4,7,0,8.5,1.72,148,1
PAT-17918,34,Female,Elective,Heart Failure,5,2,6,1,8.3,1.6,130,1
PAT-17919,59,Male,Emergency,COPD Exacerbation,4,1,7,1,5.1,2.58,129,0
PAT-17920,74,Female,Emergency,Heart Failure,5,3,7,2,4.3,3.58,113,1
PAT-17921,77,Male,Elective,Pneumonia,8,4,8,1,6.5,3.0,108,1
PAT-17922,40,Male,Elective,Sepsis,8,1,4,2,7.1,0.6,128,0
PAT-17923,30,Male,Emergency,Heart Failure,4,1,10,0,6.0,1.43,125,0
PAT-17924,89,Female,Urgent,Total Hip Arthroplasty,4,5,8,1,9.6,0.63,129,0
PAT-17925,48,Male,Emergency,Total Hip Arthroplasty,5,3,13,1,7.2,1.66,150,1
PAT-17926,85,Female,Emergency,Pneumonia,6,3,4,1,7.4,0.71,128,0
PAT-17927,85,Female,Emergency,Heart Failure,9,1,11,1,6.9,1.67,103,1
PAT-17928,80,Female,Urgent,Sepsis,10,2,8,0,7.7,3.05,126,1
PAT-17929,39,Male,Emergency,Total Hip Arthroplasty,1,1,7,1,9.0,1.18,118,0
PAT-17930,83,Male,Emergency,Heart Failure,4,4,16,3,4.9,3.99,125,1
PAT-17931,80,Female,Emergency,Total Hip Arthroplasty,3,2,8,0,8.7,1.36,120,0
PAT-17932,71,Male,Emergency,Total Hip Arthroplasty,4,2,4,2,7.8,1.75,156,1
PAT-17933,54,Female,Elective,Pneumonia,5,3,11,1,7.9,3.29,112,1
PAT-17934,48,Male,Emergency,Sepsis,10,2,12,0,9.0,1.77,132,1
PAT-17935,34,Male,Elective,Pneumonia,4,3,7,0,7.4,0.71,118,0
PAT-17936,65,Male,Urgent,COPD Exacerbation,5,4,5,1,4.2,0.59,112,1
PAT-17937,70,Female,Emergency,Type 2 Diabetes,2,4,7,0,9.5,0.97,156,0
PAT-17938,55,Male,Elective,Heart Failure,6,1,13,1,6.1,1.17,145,1
PAT-17939,63,Male,Emergency,Acute Myocardial Infarction,4,2,3,1,5.8,0.75,120,0
PAT-17940,56,Male,Emergency,Heart Failure,8,0,7,3,8.8,0.74,106,1
PAT-17941,73,Female,Elective,COPD Exacerbation,7,2,6,1,8.2,1.01,139,0
PAT-17942,87,Male,Elective,Sepsis,10,2,16,0,7.7,3.3,138,1
PAT-17943,39,Male,Emergency,Type 2 Diabetes,5,2,7,0,5.6,1.37,117,0
PAT-17944,57,Female,Emergency,Type 2 Diabetes,4,4,15,2,7.0,0.82,100,1
PAT-17945,37,Female,Urgent,COPD Exacerbation,6,4,3,2,9.0,1.7,148,0
PAT-17946,72,Female,Elective,Type 2 Diabetes,2,2,11,1,4.4,0.85,111,0
PAT-17947,78,Male,Emergency,Sepsis,10,4,10,4,8.9,0.69,139,1
PAT-17948,88,Female,Emergency,Type 2 Diabetes,6,3,13,1,7.7,0.6,145,1
PAT-17949,49,Female,Emergency,COPD Exacerbation,1,2,3,1,5.9,1.71,139,0
PAT-17950,89,Male,Emergency,Type 2 Diabetes,8,2,9,1,10.2,1.64,120,0
PAT-17951,27,Male,Emergency,Heart Failure,1,0,9,0,5.4,2.0,149,0
PAT-17952,71,Female,Emergency,Heart Failure,3,5,7,0,5.8,0.57,125,1
PAT-17953,27,Female,Emergency,Heart Failure,1,2,12,1,5.9,1.27,109,0
PAT-17954,86,Male,Elective,Pneumonia,8,4,10,1,4.5,0.56,116,0
PAT-17955,67,Male,Emergency,COPD Exacerbation,2,2,5,1,8.0,0.71,114,1
PAT-17956,75,Female,Elective,Heart Failure,5,2,5,0,6.0,1.44,142,0
PAT-17957,83,Male,Emergency,Heart Failure,8,0,6,1,5.9,3.05,143,1
PAT-17958,37,Female,Emergency,Pneumonia,5,2,11,1,6.6,0.75,123,0
PAT-17959,24,Male,Emergency,Sepsis,6,5,3,1,7.3,5.48,164,1
PAT-17960,86,Female,Elective,COPD Exacerbation,3,0,6,1,7.0,1.78,99,1
PAT-17961,52,Female,Emergency,Heart Failure,5,0,8,1,6.3,2.76,105,1
PAT-17962,35,Female,Emergency,Total Hip Arthroplasty,4,2,13,1,8.9,1.76,126,0
PAT-17963,63,Female,Emergency,Total Hip Arthroplasty,5,3,7,4,6.4,2.32,117,1
PAT-17964,71,Male,Emergency,Type 2 Diabetes,8,3,5,0,6.9,0.64,127,1
PAT-17965,23,Male,Emergency,COPD Exacerbation,2,0,10,1,8.8,1.55,141,0
PAT-17966,49,Male,Elective,Pneumonia,3,0,9,2,6.2,0.97,169,0
PAT-17967,23,Female,Emergency,Ischemic Stroke,6,2,8,0,5.8,1.2,123,0
PAT-17968,60,Female,Elective,Pneumonia,6,3,9,0,6.6,3.05,123,0
PAT-17969,87,Female,Urgent,Ischemic Stroke,8,1,6,1,7.5,1.12,131,0
PAT-17970,91,Female,Emergency,Heart Failure,5,8,3,1,8.3,1.5,161,1
PAT-17971,73,Male,Elective,Type 2 Diabetes,1,2,9,3,7.1,2.6,129,0
PAT-17972,39,Female,Elective,Sepsis,6,0,11,0,4.2,0.77,138,0
PAT-17973,87,Male,Urgent,Sepsis,11,4,8,2,6.9,1.73,130,1
PAT-17974,66,Male,Emergency,Acute Myocardial Infarction,5,2,5,0,8.2,0.93,144,0
PAT-17975,38,Female,Elective,Sepsis,10,2,5,0,7.8,1.0,138,0
PAT-17976,88,Male,Urgent,Acute Myocardial Infarction,6,0,4,1,6.0,0.55,160,0
PAT-17977,80,Female,Emergency,COPD Exacerbation,7,0,9,0,5.6,1.07,155,0
PAT-17978,78,Female,Emergency,Pneumonia,8,3,10,4,7.2,2.6,131,1
PAT-17979,77,Male,Urgent,Pneumonia,7,1,10,0,6.7,0.95,123,0
PAT-17980,42,Female,Elective,Pneumonia,5,4,5,2,6.4,4.46,163,0
PAT-17981,43,Female,Emergency,COPD Exacerbation,1,1,3,1,11.0,1.07,112,0
PAT-17982,76,Male,Elective,Pneumonia,5,3,13,0,7.8,0.81,136,0
PAT-17983,44,Female,Emergency,Heart Failure,3,0,7,0,5.1,6.22,144,0
PAT-17984,61,Male,Emergency,Heart Failure,5,3,8,0,8.7,2.25,132,0
PAT-17985,81,Female,Emergency,Total Hip Arthroplasty,2,2,6,1,7.7,0.56,126,0
PAT-17986,81,Female,Emergency,Heart Failure,8,1,7,1,8.5,2.54,131,0
PAT-17987,62,Male,Elective,Heart Failure,3,1,14,0,6.5,0.97,133,0
PAT-17988,81,Male,Emergency,Pneumonia,9,1,9,0,7.9,0.91,164,0
PAT-17989,84,Female,Elective,Type 2 Diabetes,3,0,6,0,7.8,1.09,139,0
PAT-17990,74,Female,Emergency,Pneumonia,5,6,6,0,6.6,0.57,175,1
PAT-17991,45,Male,Emergency,Heart Failure,3,3,9,0,6.6,1.0,127,0
PAT-17992,49,Female,Emergency,Heart Failure,4,3,10,2,7.4,1.79,102,0
PAT-17993,52,Male,Emergency,Sepsis,11,2,8,2,8.8,0.76,118,1
PAT-17994,34,Male,Elective,Acute Myocardial Infarction,3,3,7,1,6.8,2.26,135,1
PAT-17995,49,Male,Emergency,Heart Failure,4,3,9,0,10.2,2.43,133,1
PAT-17996,43,Male,Elective,COPD Exacerbation,3,2,9,0,7.9,0.83,104,0
PAT-17997,62,Male,Emergency,COPD Exacerbation,4,2,11,0,9.5,1.21,134,1
PAT-17998,87,Male,Emergency,Acute Myocardial Infarction,6,0,4,0,6.7,1.07,135,0
PAT-17999,33,Male,Emergency,Pneumonia,4,1,7,0,6.4,3.59,118,0
PAT-18000,78,Male,Elective,Type 2 Diabetes,4,3,7,0,7.0,2.46,130,1
PAT-18001,76,Female,Emergency,COPD Exacerbation,7,2,12,0,8.2,2.04,149,1
PAT-18002,31,Female,Elective,Type 2 Diabetes,3,0,8,0,6.4,1.86,145,0
PAT-18003,88,Male,Elective,Type 2 Diabetes,3,2,8,0,5.5,0.51,128,0
PAT-18004,69,Male,Emergency,Pneumonia,6,2,12,0,8.3,1.09,137,0
PAT-18005,56,Female,Emergency,Acute Myocardial Infarction,3,4,8,0,5.2,4.13,154,0
PAT-18006,80,Female,Emergency,Pneumonia,8,3,5,1,5.7,0.79,158,1
PAT-18007,47,Male,Urgent,Type 2 Diabetes,3,7,10,1,7.3,0.68,154,1
PAT-18008,76,Male,Emergency,Sepsis,12,1,7,2,6.7,3.71,142,1
PAT-18009,24,Female,Emergency,Total Hip Arthroplasty,1,3,3,1,8.2,1.05,113,0
PAT-18010,84,Male,Emergency,Pneumonia,7,2,12,1,6.5,0.96,94,1
PAT-18011,62,Male,Elective,Type 2 Diabetes,2,4,10,0,9.6,1.79,134,0
PAT-18012,73,Male,Elective,COPD Exacerbation,5,2,6,2,7.2,1.59,179,1
PAT-18013,44,Male,Urgent,Heart Failure,1,0,11,1,7.4,0.55,126,0
PAT-18014,75,Female,Urgent,Acute Myocardial Infarction,6,3,5,0,9.6,1.01,100,1
PAT-18015,80,Male,Emergency,Sepsis,9,0,7,0,8.8,0.85,111,0
PAT-18016,63,Male,Emergency,Pneumonia,6,1,11,0,8.6,3.09,156,0
PAT-18017,72,Male,Elective,Heart Failure,7,2,6,2,8.8,0.54,104,1
PAT-18018,62,Female,Urgent,Heart Failure,6,2,10,1,7.4,1.73,119,1
PAT-18019,86,Female,Emergency,COPD Exacerbation,3,2,9,3,6.1,1.93,161,1
PAT-18020,65,Female,Emergency,Type 2 Diabetes,3,2,4,1,5.8,0.64,158,0
PAT-18021,84,Female,Urgent,Pneumonia,7,2,4,1,5.2,1.14,121,1
PAT-18022,82,Male,Emergency,Pneumonia,6,2,8,3,7.2,0.55,162,0
PAT-18023,59,Male,Emergency,Heart Failure,5,1,9,0,6.9,1.27,141,0
PAT-18024,45,Male,Urgent,Pneumonia,9,2,6,1,5.9,0.85,152,0
PAT-18025,59,Male,Elective,Pneumonia,6,4,9,0,4.9,5.66,118,1
PAT-18026,83,Female,Emergency,COPD Exacerbation,6,1,8,2,8.7,2.07,123,1
PAT-18027,45,Male,Emergency,Type 2 Diabetes,1,2,9,0,6.0,1.6,126,0
PAT-18028,66,Male,Emergency,Type 2 Diabetes,5,1,8,1,5.3,4.24,150,0
PAT-18029,82,Male,Urgent,Sepsis,15,4,10,0,5.4,1.52,152,0
PAT-18030,55,Female,Urgent,Acute Myocardial Infarction,7,4,10,3,8.3,5.0,99,1
PAT-18031,73,Male,Elective,Acute Myocardial Infarction,4,2,9,0,5.7,1.4,98,1
PAT-18032,46,Male,Emergency,Heart Failure,9,5,7,0,6.4,3.32,158,0
PAT-18033,33,Female,Emergency,Type 2 Diabetes,3,3,10,2,7.1,1.16,149,0
PAT-18034,82,Male,Elective,COPD Exacerbation,6,1,7,2,7.0,1.12,165,1
PAT-18035,32,Male,Emergency,Sepsis,7,2,7,1,6.2,0.96,127,1
PAT-18036,49,Female,Elective,Total Hip Arthroplasty,2,1,2,0,6.9,1.52,130,0
PAT-18037,85,Male,Elective,Sepsis,5,1,4,2,6.9,1.4,121,1
PAT-18038,54,Male,Emergency,Heart Failure,6,3,4,2,6.6,0.53,135,0
PAT-18039,90,Male,Urgent,Sepsis,9,3,9,1,7.8,0.85,136,1
PAT-18040,91,Male,Emergency,Total Hip Arthroplasty,4,3,7,2,6.2,0.92,104,1
PAT-18041,48,Male,Elective,Heart Failure,5,1,10,1,7.2,0.58,152,0
PAT-18042,24,Female,Emergency,Pneumonia,4,3,8,0,7.9,0.7,149,0
PAT-18043,77,Female,Elective,COPD Exacerbation,6,2,11,2,5.6,2.41,133,1
PAT-18044,62,Male,Elective,Type 2 Diabetes,6,4,7,1,6.9,1.07,143,0
PAT-18045,32,Male,Emergency,Pneumonia,6,2,12,1,6.3,1.25,120,1
PAT-18046,77,Male,Emergency,Total Hip Arthroplasty,3,3,8,1,9.8,2.28,140,0
PAT-18047,23,Female,Emergency,Sepsis,7,2,7,0,7.0,5.0,124,0
PAT-18048,85,Female,Emergency,Total Hip Arthroplasty,4,2,7,1,6.8,1.61,133,1
PAT-18049,36,Male,Elective,Pneumonia,3,3,6,0,8.7,0.84,148,0
PAT-18050,35,Female,Emergency,Pneumonia,5,4,11,3,5.7,0.75,140,0
PAT-18051,40,Male,Emergency,COPD Exacerbation,5,3,6,0,8.0,0.58,144,0
PAT-18052,90,Male,Emergency,Pneumonia,7,0,5,1,6.8,1.18,103,1
PAT-18053,76,Male,Elective,Heart Failure,5,1,7,2,8.0,3.66,127,0
PAT-18054,82,Female,Elective,Acute Myocardial Infarction,5,3,13,1,6.6,1.66,128,0
PAT-18055,58,Male,Emergency,Type 2 Diabetes,5,1,7,2,5.7,0.76,171,0
PAT-18056,54,Male,Elective,Heart Failure,3,2,10,0,6.4,1.37,97,0
PAT-18057,45,Female,Elective,Heart Failure,3,1,3,1,5.7,0.91,136,0
PAT-18058,64,Female,Emergency,Total Hip Arthroplasty,1,1,6,2,6.6,0.94,131,0
PAT-18059,68,Female,Elective,Type 2 Diabetes,4,3,11,0,7.4,0.76,166,1
PAT-18060,73,Female,Emergency,Pneumonia,8,2,6,3,5.5,1.87,143,1
PAT-18061,47,Male,Emergency,Ischemic Stroke,9,1,5,2,6.8,1.12,120,0
PAT-18062,89,Male,Emergency,Pneumonia,10,5,8,0,8.1,1.33,126,1
PAT-18063,39,Male,Emergency,Heart Failure,3,1,8,2,8.7,1.18,149,1
PAT-18064,90,Male,Elective,COPD Exacerbation,7,1,6,1,8.5,1.44,145,1
PAT-18065,20,Male,Emergency,Heart Failure,3,4,10,0,4.1,1.68,144,0
PAT-18066,64,Female,Emergency,Heart Failure,9,2,5,1,8.5,1.12,95,1
PAT-18067,53,Male,Emergency,Sepsis,11,0,8,0,8.9,1.87,112,0
PAT-18068,62,Male,Elective,Type 2 Diabetes,4,2,5,1,7.1,1.66,163,0
PAT-18069,69,Male,Elective,Acute Myocardial Infarction,4,4,7,2,6.3,2.99,124,0
PAT-18070,61,Male,Emergency,Pneumonia,1,3,5,1,4.0,1.46,133,1
PAT-18071,59,Male,Elective,Type 2 Diabetes,1,3,6,4,7.7,0.54,102,0
PAT-18072,78,Male,Urgent,Pneumonia,3,2,13,0,6.7,1.7,91,0
PAT-18073,76,Male,Emergency,Heart Failure,3,3,10,2,4.2,1.71,94,0
PAT-18074,84,Female,Elective,Type 2 Diabetes,8,3,11,3,8.0,1.15,136,1
PAT-18075,47,Male,Emergency,Pneumonia,3,4,9,0,6.2,0.94,112,0
PAT-18076,71,Male,Emergency,Type 2 Diabetes,2,2,5,1,7.6,1.72,151,0
PAT-18077,70,Female,Emergency,COPD Exacerbation,3,4,9,1,7.0,0.83,133,0
PAT-18078,56,Female,Emergency,Heart Failure,10,3,13,1,7.6,1.59,145,1
PAT-18079,64,Male,Urgent,Pneumonia,6,4,10,0,5.0,1.13,139,0
PAT-18080,52,Female,Emergency,Acute Myocardial Infarction,6,2,9,4,6.7,2.02,138,1
PAT-18081,37,Female,Elective,Pneumonia,5,1,13,0,3.6,1.52,124,0
PAT-18082,44,Male,Emergency,Total Hip Arthroplasty,1,2,8,1,7.6,2.41,133,1
PAT-18083,33,Male,Elective,COPD Exacerbation,7,6,9,1,9.9,0.82,146,0
PAT-18084,76,Male,Emergency,Ischemic Stroke,8,1,6,0,9.4,1.3,145,0
PAT-18085,74,Female,Elective,Type 2 Diabetes,4,3,12,1,6.7,2.99,138,1
PAT-18086,89,Female,Emergency,Total Hip Arthroplasty,8,2,13,0,6.5,1.23,106,0
PAT-18087,78,Female,Urgent,COPD Exacerbation,5,1,12,0,5.5,1.19,108,1
PAT-18088,26,Female,Elective,Acute Myocardial Infarction,3,3,7,2,6.1,1.6,149,1
PAT-18089,86,Female,Elective,Total Hip Arthroplasty,3,2,11,0,8.6,0.55,151,0
PAT-18090,85,Male,Emergency,COPD Exacerbation,8,4,5,1,8.0,0.53,107,1
PAT-18091,61,Male,Emergency,Sepsis,10,1,9,1,6.7,0.86,123,1
PAT-18092,70,Female,Elective,COPD Exacerbation,6,0,9,0,7.6,1.37,102,0
PAT-18093,90,Female,Emergency,COPD Exacerbation,4,5,3,1,8.5,0.89,124,1
PAT-18094,67,Male,Emergency,Pneumonia,6,2,6,1,6.3,1.37,117,0
PAT-18095,87,Male,Emergency,Heart Failure,4,5,8,1,7.3,0.82,180,1
PAT-18096,30,Female,Emergency,COPD Exacerbation,6,2,6,1,5.6,1.14,141,0
PAT-18097,42,Male,Emergency,Ischemic Stroke,3,0,10,0,7.2,1.73,129,0
PAT-18098,61,Female,Emergency,Sepsis,12,0,9,0,8.2,1.07,109,1
PAT-18099,70,Female,Emergency,Acute Myocardial Infarction,7,4,8,1,5.5,1.19,100,1
PAT-18100,83,Female,Emergency,COPD Exacerbation,4,3,11,1,6.5,0.51,141,1
PAT-18101,91,Male,Emergency,Type 2 Diabetes,4,0,9,4,5.5,1.0,145,1
PAT-18102,57,Female,Emergency,Heart Failure,4,4,9,3,7.2,1.02,132,1
PAT-18103,25,Female,Elective,Type 2 Diabetes,3,4,5,1,4.5,0.76,146,1
PAT-18104,82,Female,Emergency,Heart Failure,9,0,9,3,6.5,1.25,118,1
PAT-18105,71,Male,Elective,Acute Myocardial Infarction,7,4,9,1,7.8,5.8,137,1
PAT-18106,42,Female,Emergency,Sepsis,7,2,7,0,4.1,0.66,142,1
PAT-18107,65,Female,Emergency,Type 2 Diabetes,6,5,5,2,8.1,1.36,132,1
PAT-18108,79,Female,Emergency,Heart Failure,8,1,6,2,10.4,0.69,157,1
PAT-18109,80,Female,Emergency,Type 2 Diabetes,4,3,6,4,6.7,1.3,166,1
PAT-18110,65,Female,Elective,Type 2 Diabetes,4,6,7,0,7.0,1.22,160,1
PAT-18111,51,Female,Emergency,Pneumonia,9,7,4,0,4.9,0.99,118,1
PAT-18112,90,Female,Elective,Type 2 Diabetes,7,0,6,0,6.4,1.33,135,0
PAT-18113,75,Female,Urgent,Type 2 Diabetes,7,2,9,1,7.6,0.62,132,0
PAT-18114,59,Female,Emergency,Total Hip Arthroplasty,8,1,7,1,7.8,0.68,117,0
PAT-18115,49,Female,Emergency,Type 2 Diabetes,4,1,7,0,6.8,1.23,129,0
PAT-18116,78,Female,Emergency,Sepsis,10,3,13,1,6.6,0.55,131,1
PAT-18117,46,Male,Urgent,COPD Exacerbation,7,1,7,0,6.0,2.62,138,0
PAT-18118,40,Male,Elective,Type 2 Diabetes,7,1,14,1,6.7,1.77,116,0
PAT-18119,67,Male,Elective,Sepsis,8,2,10,2,6.7,0.97,113,1
PAT-18120,50,Male,Emergency,COPD Exacerbation,4,1,8,2,6.3,1.02,148,1
PAT-18121,73,Male,Elective,Heart Failure,4,4,3,0,3.1,1.87,119,0
PAT-18122,34,Male,Elective,Heart Failure,5,1,5,2,6.0,0.91,126,0
PAT-18123,74,Male,Emergency,Acute Myocardial Infarction,7,0,6,0,6.4,1.06,124,0
PAT-18124,50,Female,Elective,Pneumonia,4,2,10,0,7.2,0.79,146,0
PAT-18125,18,Female,Emergency,Pneumonia,7,3,8,1,6.9,8.48,139,0
PAT-18126,35,Male,Emergency,Heart Failure,3,3,5,0,7.9,1.74,140,0
PAT-18127,88,Male,Elective,Heart Failure,5,2,11,0,9.5,1.12,102,1
PAT-18128,85,Female,Emergency,Sepsis,12,1,9,0,10.7,4.18,153,1
PAT-18129,45,Male,Emergency,Sepsis,7,2,10,1,9.0,1.46,127,0
PAT-18130,81,Female,Emergency,COPD Exacerbation,3,2,6,1,5.2,0.76,146,0
PAT-18131,71,Female,Emergency,Type 2 Diabetes,6,2,10,0,7.5,1.97,76,0
PAT-18132,90,Female,Emergency,Total Hip Arthroplasty,4,3,10,1,7.9,1.77,147,1
PAT-18133,56,Female,Urgent,COPD Exacerbation,7,6,11,1,8.4,0.92,121,1
PAT-18134,76,Female,Emergency,Sepsis,11,1,7,1,7.0,0.96,152,0
PAT-18135,27,Male,Emergency,Heart Failure,1,2,6,0,5.3,2.13,150,0
PAT-18136,58,Male,Elective,Pneumonia,9,0,10,2,4.7,2.7,140,0
PAT-18137,90,Male,Emergency,Total Hip Arthroplasty,8,1,5,2,6.4,0.57,149,1
PAT-18138,67,Female,Emergency,Type 2 Diabetes,6,6,8,0,8.4,1.18,125,1
PAT-18139,50,Male,Emergency,Acute Myocardial Infarction,6,3,8,1,7.5,1.78,136,1
PAT-18140,34,Female,Emergency,COPD Exacerbation,3,1,5,1,5.2,2.18,124,0
PAT-18141,77,Female,Emergency,Heart Failure,5,2,7,0,8.5,2.18,132,1
PAT-18142,74,Male,Emergency,Acute Myocardial Infarction,5,3,8,1,8.8,3.24,147,1
PAT-18143,56,Female,Emergency,Heart Failure,7,1,10,1,4.8,3.8,147,1
PAT-18144,89,Female,Elective,Acute Myocardial Infarction,7,5,5,2,7.0,0.65,131,1
PAT-18145,21,Female,Emergency,Ischemic Stroke,4,4,3,1,8.1,1.42,148,0
PAT-18146,51,Male,Urgent,Ischemic Stroke,5,1,8,0,5.1,1.07,113,0
PAT-18147,88,Female,Elective,Sepsis,7,2,10,0,8.1,1.25,107,1
PAT-18148,52,Male,Emergency,COPD Exacerbation,6,1,11,1,7.0,3.7,104,0
PAT-18149,47,Male,Urgent,Acute Myocardial Infarction,3,5,8,2,8.5,1.65,131,0
PAT-18150,67,Male,Emergency,Acute Myocardial Infarction,4,3,9,2,7.1,2.28,128,1
PAT-18151,83,Male,Emergency,Heart Failure,9,1,5,1,9.6,1.33,134,0
PAT-18152,32,Female,Emergency,Heart Failure,5,3,7,0,6.7,0.96,130,0
PAT-18153,89,Female,Elective,COPD Exacerbation,7,0,7,0,7.1,3.3,119,0
PAT-18154,82,Female,Emergency,Heart Failure,8,1,8,1,5.7,0.97,128,1
PAT-18155,41,Female,Emergency,Total Hip Arthroplasty,5,2,6,1,7.6,0.52,108,0
PAT-18156,77,Male,Emergency,Pneumonia,3,1,9,0,7.9,0.58,155,0
PAT-18157,57,Female,Elective,Type 2 Diabetes,2,0,5,1,8.7,0.85,133,0
PAT-18158,58,Female,Emergency,Pneumonia,5,4,6,2,7.9,2.65,103,0
PAT-18159,81,Male,Emergency,Sepsis,7,4,8,1,7.7,0.8,147,1
PAT-18160,90,Male,Emergency,Total Hip Arthroplasty,4,1,11,1,4.3,3.5,139,1
PAT-18161,35,Male,Elective,Heart Failure,1,2,8,1,8.1,1.97,131,0
PAT-18162,60,Male,Emergency,Acute Myocardial Infarction,6,3,9,1,5.4,0.62,119,0
PAT-18163,64,Male,Emergency,COPD Exacerbation,4,2,8,2,6.4,1.33,117,0
PAT-18164,57,Male,Elective,COPD Exacerbation,5,0,7,1,5.0,0.59,96,0
PAT-18165,56,Female,Emergency,Acute Myocardial Infarction,4,2,7,1,6.8,0.93,142,0
PAT-18166,26,Male,Elective,Type 2 Diabetes,3,2,7,1,8.2,0.79,139,0
PAT-18167,76,Male,Urgent,COPD Exacerbation,1,4,6,0,9.2,1.5,90,0
PAT-18168,61,Female,Elective,Type 2 Diabetes,5,1,5,2,6.3,1.52,163,0
PAT-18169,42,Female,Emergency,Heart Failure,4,5,9,1,6.5,0.67,117,0
PAT-18170,83,Male,Emergency,Heart Failure,7,3,10,0,6.1,2.19,137,0
PAT-18171,82,Male,Emergency,Heart Failure,4,2,10,1,7.9,1.25,131,1
PAT-18172,64,Female,Urgent,COPD Exacerbation,6,4,13,0,5.5,2.6,135,1
PAT-18173,51,Female,Urgent,Heart Failure,7,2,5,2,5.1,1.49,127,1
PAT-18174,73,Male,Emergency,COPD Exacerbation,6,3,9,2,9.0,1.23,148,1
PAT-18175,50,Male,Elective,COPD Exacerbation,3,2,10,2,3.7,1.64,138,1
PAT-18176,46,Female,Elective,Total Hip Arthroplasty,1,1,11,1,7.2,2.17,119,0
PAT-18177,78,Female,Emergency,COPD Exacerbation,7,0,7,1,5.4,0.88,106,1
PAT-18178,24,Male,Emergency,Ischemic Stroke,6,2,6,1,8.6,0.76,131,1
PAT-18179,31,Female,Emergency,Heart Failure,5,4,5,0,8.1,3.25,142,1
PAT-18180,19,Male,Emergency,Acute Myocardial Infarction,3,5,5,0,6.7,0.67,118,0
PAT-18181,38,Female,Urgent,Heart Failure,5,2,3,1,4.1,2.92,143,0
PAT-18182,28,Female,Urgent,Acute Myocardial Infarction,3,3,11,1,5.9,1.65,134,0
PAT-18183,91,Female,Emergency,Pneumonia,6,2,10,0,6.9,1.12,117,0
PAT-18184,50,Female,Emergency,COPD Exacerbation,6,0,16,0,8.1,0.96,153,1
PAT-18185,37,Female,Emergency,Type 2 Diabetes,3,2,8,1,8.0,1.67,139,0
PAT-18186,46,Female,Elective,Heart Failure,7,4,12,2,7.9,1.42,139,1
PAT-18187,89,Male,Elective,Acute Myocardial Infarction,8,1,8,0,4.8,1.09,115,0
PAT-18188,66,Female,Emergency,Total Hip Arthroplasty,4,3,6,0,6.3,0.91,151,0
PAT-18189,56,Male,Elective,Heart Failure,6,1,10,2,6.2,0.71,120,1
PAT-18190,85,Female,Emergency,Total Hip Arthroplasty,2,5,8,0,6.8,4.31,131,0
PAT-18191,58,Male,Emergency,Heart Failure,5,3,10,0,7.2,3.38,122,1
PAT-18192,54,Female,Urgent,Acute Myocardial Infarction,5,4,6,0,9.1,1.43,124,0
PAT-18193,43,Female,Emergency,Ischemic Stroke,3,0,12,5,6.5,0.73,133,1
PAT-18194,57,Male,Emergency,Heart Failure,6,2,6,1,7.5,0.81,119,1
PAT-18195,52,Male,Emergency,Pneumonia,4,2,5,0,8.6,0.84,136,0
PAT-18196,75,Male,Emergency,Type 2 Diabetes,3,3,4,2,5.2,0.93,110,1
PAT-18197,50,Male,Emergency,Pneumonia,5,4,10,1,7.4,2.63,116,0
PAT-18198,70,Male,Emergency,Acute Myocardial Infarction,5,5,6,2,8.0,0.68,126,1
PAT-18199,28,Female,Elective,COPD Exacerbation,1,1,5,2,5.5,1.23,133,0
PAT-18200,42,Male,Emergency,Ischemic Stroke,8,2,10,1,8.8,0.76,120,0
PAT-18201,59,Male,Emergency,Heart Failure,5,2,7,2,7.5,0.8,149,0
PAT-18202,89,Male,Emergency,COPD Exacerbation,10,3,12,0,8.9,1.6,131,1
PAT-18203,57,Male,Elective,Pneumonia,6,1,9,0,8.7,2.14,115,0
PAT-18204,75,Female,Emergency,Total Hip Arthroplasty,5,3,5,0,7.5,1.85,136,1
PAT-18205,47,Female,Elective,Heart Failure,3,4,5,3,6.4,2.0,152,0
PAT-18206,35,Male,Emergency,Ischemic Stroke,3,3,14,0,8.2,0.97,120,1
PAT-18207,27,Male,Emergency,Pneumonia,6,2,6,1,3.4,1.6,122,0
PAT-18208,51,Male,Emergency,COPD Exacerbation,2,0,15,0,5.7,0.84,147,0
PAT-18209,38,Male,Urgent,Type 2 Diabetes,4,4,7,2,6.9,3.28,145,0
PAT-18210,40,Female,Emergency,Sepsis,11,3,8,1,7.5,4.44,128,1
PAT-18211,80,Female,Emergency,COPD Exacerbation,7,2,11,2,10.9,2.17,122,1
PAT-18212,20,Female,Emergency,COPD Exacerbation,4,2,8,0,8.5,0.87,103,0
PAT-18213,68,Male,Emergency,COPD Exacerbation,6,3,6,0,10.5,2.03,133,0
PAT-18214,57,Male,Emergency,Type 2 Diabetes,3,4,8,1,6.7,1.64,146,1
PAT-18215,65,Female,Emergency,Heart Failure,5,4,7,1,5.8,3.79,104,0
PAT-18216,69,Male,Emergency,Sepsis,8,1,11,1,6.5,0.58,140,0
PAT-18217,52,Female,Emergency,Type 2 Diabetes,1,1,7,0,7.0,0.53,104,0
PAT-18218,50,Female,Emergency,Sepsis,8,2,8,0,4.6,0.51,156,1
PAT-18219,78,Male,Emergency,COPD Exacerbation,8,2,10,2,7.1,2.63,125,1
PAT-18220,85,Female,Elective,Type 2 Diabetes,2,3,9,3,7.3,1.8,129,1
PAT-18221,42,Male,Emergency,COPD Exacerbation,7,4,8,1,4.3,1.74,117,0
PAT-18222,32,Male,Emergency,COPD Exacerbation,6,3,10,1,7.1,2.07,105,0
PAT-18223,87,Male,Emergency,Acute Myocardial Infarction,6,5,3,2,4.9,4.48,110,0
PAT-18224,55,Female,Emergency,Sepsis,9,3,11,2,6.7,1.35,108,0
PAT-18225,68,Female,Elective,Heart Failure,5,0,2,2,7.9,0.99,142,1
PAT-18226,55,Male,Elective,Ischemic Stroke,7,2,10,1,4.7,0.78,133,1
PAT-18227,35,Male,Elective,Pneumonia,4,1,6,0,6.5,0.57,135,0
PAT-18228,70,Male,Emergency,Sepsis,9,0,12,0,8.6,1.06,134,0
PAT-18229,66,Female,Emergency,Type 2 Diabetes,4,5,11,1,7.8,1.38,154,0
PAT-18230,43,Female,Emergency,Heart Failure,8,4,14,1,7.3,1.94,118,1
PAT-18231,62,Male,Emergency,COPD Exacerbation,6,2,8,1,7.6,4.64,144,1
PAT-18232,82,Male,Emergency,Type 2 Diabetes,4,0,8,1,5.4,1.79,112,0
PAT-18233,70,Female,Emergency,Ischemic Stroke,7,2,9,1,6.0,0.96,132,1
PAT-18234,32,Female,Elective,Heart Failure,3,3,6,1,6.9,0.5,125,0
PAT-18235,68,Male,Emergency,Heart Failure,4,6,8,0,6.5,5.98,114,1
PAT-18236,77,Female,Urgent,Heart Failure,8,0,14,1,7.9,2.5,176,0
PAT-18237,81,Female,Emergency,Type 2 Diabetes,4,2,9,1,7.9,0.82,143,0
PAT-18238,73,Female,Elective,COPD Exacerbation,4,3,5,0,6.7,2.52,103,0
PAT-18239,38,Female,Emergency,Pneumonia,4,3,8,0,8.6,1.35,109,1
PAT-18240,77,Male,Urgent,Type 2 Diabetes,3,1,5,1,5.7,3.94,149,0
PAT-18241,75,Female,Emergency,Heart Failure,8,3,12,1,7.7,5.75,158,0
PAT-18242,22,Female,Emergency,Type 2 Diabetes,2,6,5,2,9.3,1.03,125,0
PAT-18243,59,Female,Emergency,Heart Failure,4,2,10,1,8.8,0.76,135,1
PAT-18244,53,Female,Urgent,Acute Myocardial Infarction,4,4,9,1,4.8,2.02,162,1
PAT-18245,75,Male,Urgent,Acute Myocardial Infarction,5,2,7,0,8.6,0.79,100,0
PAT-18246,44,Female,Emergency,Acute Myocardial Infarction,2,1,7,0,5.4,0.64,119,0
PAT-18247,70,Male,Elective,Ischemic Stroke,4,2,10,0,3.7,0.9,133,1
PAT-18248,87,Female,Emergency,Total Hip Arthroplasty,7,1,10,1,7.8,1.45,149,0
PAT-18249,82,Female,Emergency,Pneumonia,9,3,9,3,8.4,1.61,130,1
PAT-18250,88,Female,Emergency,Pneumonia,8,4,7,0,5.2,0.96,135,1
PAT-18251,91,Female,Urgent,Total Hip Arthroplasty,6,4,6,0,9.2,2.04,135,0
PAT-18252,19,Male,Emergency,COPD Exacerbation,7,4,9,0,6.8,0.69,135,0
PAT-18253,72,Female,Emergency,Type 2 Diabetes,3,2,11,0,5.9,1.17,119,1
PAT-18254,59,Male,Emergency,COPD Exacerbation,3,6,6,1,7.6,3.06,109,1
PAT-18255,85,Female,Emergency,Ischemic Stroke,9,0,7,1,8.1,1.4,120,1
PAT-18256,47,Female,Emergency,Sepsis,5,1,7,0,8.3,2.07,132,0
PAT-18257,91,Female,Emergency,Type 2 Diabetes,5,1,9,1,6.1,4.26,135,1
PAT-18258,72,Male,Emergency,Ischemic Stroke,7,2,9,0,7.6,0.71,125,1
PAT-18259,81,Female,Emergency,Ischemic Stroke,9,1,12,1,7.3,1.81,96,1
PAT-18260,30,Female,Emergency,Type 2 Diabetes,2,2,11,0,5.3,2.56,91,0
PAT-18261,41,Female,Emergency,Total Hip Arthroplasty,5,0,10,1,5.6,0.53,88,1
PAT-18262,80,Female,Urgent,Total Hip Arthroplasty,2,6,10,0,7.8,0.67,138,1
PAT-18263,21,Male,Emergency,Heart Failure,5,4,6,0,6.5,2.52,164,0
PAT-18264,83,Male,Elective,COPD Exacerbation,4,2,10,0,7.8,2.55,146,1
PAT-18265,20,Male,Emergency,Type 2 Diabetes,3,1,5,1,8.6,2.13,93,0
PAT-18266,74,Male,Emergency,Acute Myocardial Infarction,3,2,8,4,7.4,0.65,122,1
PAT-18267,56,Female,Emergency,Total Hip Arthroplasty,3,1,12,0,8.5,0.67,145,0
PAT-18268,72,Female,Elective,Pneumonia,9,4,8,1,7.6,1.18,158,1
PAT-18269,76,Male,Elective,Pneumonia,7,2,8,2,9.0,1.22,129,0
PAT-18270,54,Female,Emergency,Total Hip Arthroplasty,5,1,9,0,8.2,0.64,144,0
PAT-18271,33,Female,Emergency,Ischemic Stroke,6,2,14,0,8.6,3.6,127,0
PAT-18272,28,Male,Elective,Heart Failure,3,1,9,1,6.9,1.55,169,1
PAT-18273,70,Male,Emergency,Total Hip Arthroplasty,4,1,9,1,6.4,0.89,112,0
PAT-18274,66,Male,Elective,Heart Failure,7,3,12,0,7.6,3.38,146,0
PAT-18275,79,Male,Emergency,Type 2 Diabetes,1,1,6,1,6.3,2.36,104,0
PAT-18276,65,Female,Elective,Acute Myocardial Infarction,6,2,19,0,9.2,3.94,127,1
PAT-18277,60,Female,Emergency,Acute Myocardial Infarction,3,4,12,0,7.6,0.74,137,0
PAT-18278,58,Female,Emergency,Acute Myocardial Infarction,2,3,5,1,8.0,1.81,146,1
PAT-18279,22,Male,Elective,Heart Failure,5,3,11,1,7.0,3.17,132,0
PAT-18280,54,Male,Emergency,Heart Failure,8,5,6,2,7.9,4.46,175,1
PAT-18281,90,Female,Emergency,Total Hip Arthroplasty,5,1,7,0,3.3,2.1,129,0
PAT-18282,85,Female,Emergency,Heart Failure,3,5,9,1,8.7,1.02,121,1
PAT-18283,53,Female,Emergency,Heart Failure,3,4,6,0,3.5,0.67,133,1
PAT-18284,70,Male,Emergency,Sepsis,8,2,6,0,6.0,4.08,138,0
PAT-18285,84,Male,Urgent,COPD Exacerbation,6,4,7,1,7.2,1.08,92,1
PAT-18286,61,Female,Elective,Type 2 Diabetes,4,3,7,1,7.8,0.59,129,1
PAT-18287,21,Male,Emergency,Heart Failure,5,2,12,1,9.5,0.9,164,1
PAT-18288,29,Male,Elective,Total Hip Arthroplasty,4,2,7,2,7.0,1.07,138,0
PAT-18289,66,Female,Emergency,Ischemic Stroke,8,2,5,0,8.0,2.05,134,0
PAT-18290,90,Male,Elective,Heart Failure,8,2,5,0,5.8,0.97,140,0
PAT-18291,76,Female,Emergency,COPD Exacerbation,5,3,11,3,8.9,1.68,119,1
PAT-18292,28,Female,Elective,Type 2 Diabetes,9,2,12,0,6.9,0.59,143,0
PAT-18293,41,Female,Elective,Sepsis,9,2,7,1,6.2,0.59,156,0
PAT-18294,80,Male,Emergency,Type 2 Diabetes,6,0,9,3,7.3,0.73,151,0
PAT-18295,84,Male,Emergency,Acute Myocardial Infarction,9,0,9,0,7.2,0.9,126,0
PAT-18296,72,Female,Emergency,COPD Exacerbation,5,2,6,1,8.5,3.34,118,1
PAT-18297,73,Male,Emergency,COPD Exacerbation,4,3,10,1,10.1,0.6,114,0
PAT-18298,22,Female,Emergency,Sepsis,10,6,8,0,6.3,0.55,122,1
PAT-18299,83,Male,Emergency,Pneumonia,10,6,11,0,3.7,0.66,148,0
PAT-18300,81,Male,Elective,Sepsis,10,1,11,3,9.4,1.25,140,1
PAT-18301,48,Female,Elective,Type 2 Diabetes,7,4,15,0,8.5,2.24,129,0
PAT-18302,77,Female,Emergency,Heart Failure,6,1,5,2,8.1,4.76,107,1
PAT-18303,44,Male,Emergency,Pneumonia,7,2,11,3,7.4,0.89,160,0
PAT-18304,24,Female,Elective,Pneumonia,8,0,15,1,8.5,1.45,163,1
PAT-18305,42,Male,Urgent,Pneumonia,5,4,12,1,6.1,1.66,159,1
PAT-18306,40,Female,Emergency,Sepsis,9,1,6,0,8.2,3.12,139,0
PAT-18307,54,Male,Emergency,COPD Exacerbation,7,2,7,1,6.3,1.94,136,1
PAT-18308,60,Female,Elective,Total Hip Arthroplasty,2,4,10,0,10.0,0.66,143,1
PAT-18309,65,Female,Elective,Pneumonia,5,1,1,1,6.3,1.65,114,0
PAT-18310,63,Female,Emergency,Type 2 Diabetes,6,1,8,1,5.3,1.53,119,1
PAT-18311,48,Male,Elective,Heart Failure,5,4,7,0,8.1,1.01,142,0
PAT-18312,22,Female,Elective,Sepsis,6,1,5,1,8.3,0.98,154,0
PAT-18313,71,Female,Emergency,Heart Failure,6,1,6,1,7.5,2.98,91,0
PAT-18314,58,Male,Elective,Heart Failure,6,1,11,1,6.4,0.63,126,0
PAT-18315,51,Male,Emergency,Heart Failure,2,1,11,1,5.9,1.12,140,0
PAT-18316,85,Female,Elective,Pneumonia,8,4,10,2,9.8,2.09,143,1
PAT-18317,79,Male,Emergency,COPD Exacerbation,6,4,11,0,6.9,1.94,140,0
PAT-18318,85,Male,Emergency,Heart Failure,9,3,6,2,5.4,0.72,129,1
PAT-18319,65,Female,Elective,Pneumonia,6,2,7,3,5.6,1.24,93,0
PAT-18320,35,Female,Elective,Pneumonia,8,1,9,1,7.8,2.8,104,0
PAT-18321,76,Male,Urgent,Acute Myocardial Infarction,5,3,5,0,7.6,0.62,146,1
PAT-18322,43,Male,Emergency,Sepsis,8,3,14,1,5.4,0.56,106,0
PAT-18323,61,Female,Emergency,Acute Myocardial Infarction,5,3,6,0,6.2,0.88,150,0
PAT-18324,28,Female,Urgent,Pneumonia,9,2,11,1,7.9,0.77,126,0
PAT-18325,83,Female,Elective,Type 2 Diabetes,2,3,7,2,8.5,2.93,127,1
PAT-18326,35,Male,Urgent,Sepsis,9,5,12,1,8.2,0.89,123,1
PAT-18327,87,Female,Emergency,Type 2 Diabetes,5,5,7,0,6.9,1.02,142,1
PAT-18328,85,Female,Emergency,Type 2 Diabetes,5,3,7,0,7.3,0.87,118,0
PAT-18329,63,Male,Emergency,Total Hip Arthroplasty,4,1,9,0,7.4,0.69,114,1
PAT-18330,79,Male,Elective,Ischemic Stroke,10,0,13,1,6.8,0.86,148,1
PAT-18331,72,Female,Urgent,Total Hip Arthroplasty,5,3,7,1,7.9,0.51,125,1
PAT-18332,82,Female,Emergency,Ischemic Stroke,10,3,7,1,7.4,1.98,137,1
PAT-18333,60,Female,Emergency,Sepsis,8,2,7,2,8.9,2.99,147,1
PAT-18334,81,Female,Emergency,Acute Myocardial Infarction,5,4,6,1,6.9,0.88,118,0
PAT-18335,62,Male,Elective,Type 2 Diabetes,2,2,6,0,5.5,0.56,142,0
PAT-18336,89,Male,Emergency,Ischemic Stroke,12,2,8,0,6.2,0.74,161,0
PAT-18337,64,Female,Elective,Total Hip Arthroplasty,3,7,10,2,7.3,0.62,118,1
PAT-18338,62,Female,Emergency,Type 2 Diabetes,3,5,11,0,5.4,1.54,112,0
PAT-18339,81,Male,Emergency,Pneumonia,8,3,14,0,7.2,2.16,128,1
PAT-18340,83,Male,Emergency,Heart Failure,8,6,12,2,7.7,1.55,102,1
PAT-18341,68,Female,Elective,Ischemic Stroke,6,3,8,1,7.1,0.89,152,0
PAT-18342,40,Male,Emergency,COPD Exacerbation,6,1,6,2,5.3,1.78,131,0
PAT-18343,63,Male,Urgent,Type 2 Diabetes,3,2,6,1,6.7,2.2,115,0
PAT-18344,90,Female,Elective,Type 2 Diabetes,8,1,7,1,8.3,0.8,142,0
PAT-18345,79,Male,Emergency,Ischemic Stroke,6,1,10,1,6.5,3.12,115,0
PAT-18346,82,Male,Emergency,COPD Exacerbation,7,4,8,0,7.6,0.5,97,1
PAT-18347,23,Male,Urgent,Pneumonia,5,3,7,0,6.3,1.09,132,0
PAT-18348,63,Male,Emergency,Pneumonia,4,4,7,1,6.7,0.7,135,0
PAT-18349,74,Female,Emergency,Heart Failure,3,3,8,0,7.6,1.97,112,0
PAT-18350,83,Female,Urgent,Heart Failure,5,3,14,2,6.0,2.19,112,1
PAT-18351,25,Male,Elective,COPD Exacerbation,5,4,12,0,9.3,1.05,111,0
PAT-18352,84,Male,Emergency,Pneumonia,3,3,11,0,7.8,2.61,157,0
PAT-18353,68,Male,Emergency,Type 2 Diabetes,5,0,10,1,6.2,0.57,160,0
PAT-18354,42,Female,Elective,COPD Exacerbation,5,2,9,0,6.0,0.73,122,0
PAT-18355,52,Male,Emergency,Heart Failure,1,1,7,1,8.5,1.35,125,0
PAT-18356,49,Female,Emergency,Ischemic Stroke,5,5,6,1,10.2,1.82,112,0
PAT-18357,67,Female,Emergency,Type 2 Diabetes,2,2,8,0,6.5,5.03,143,0
PAT-18358,26,Female,Emergency,Heart Failure,4,2,6,1,3.0,2.0,137,0
PAT-18359,38,Female,Urgent,Heart Failure,7,2,8,0,6.8,0.71,115,0
PAT-18360,82,Female,Elective,Heart Failure,8,1,9,1,8.5,0.78,150,1
PAT-18361,36,Male,Elective,Heart Failure,3,1,10,0,6.2,1.03,156,0
PAT-18362,45,Female,Urgent,Pneumonia,4,5,8,0,7.8,12.36,125,0
PAT-18363,62,Female,Emergency,Acute Myocardial Infarction,1,2,8,1,5.6,2.26,141,0
PAT-18364,66,Female,Emergency,Type 2 Diabetes,3,5,6,1,8.7,0.58,130,0
PAT-18365,80,Female,Elective,Pneumonia,5,0,5,2,6.7,3.12,126,0
PAT-18366,61,Male,Emergency,Total Hip Arthroplasty,3,1,8,1,7.8,1.56,138,0
PAT-18367,81,Female,Emergency,Type 2 Diabetes,5,4,8,0,8.3,3.55,169,0
PAT-18368,72,Female,Emergency,Sepsis,8,5,10,3,8.0,0.74,126,1
PAT-18369,33,Male,Emergency,Heart Failure,3,1,6,1,8.7,3.52,139,0
PAT-18370,38,Male,Emergency,Heart Failure,3,0,2,2,7.3,1.36,140,1
PAT-18371,61,Male,Emergency,Pneumonia,5,1,7,1,6.2,3.77,118,0
PAT-18372,58,Male,Emergency,Type 2 Diabetes,6,2,6,0,7.0,1.62,119,0
PAT-18373,79,Male,Emergency,Total Hip Arthroplasty,5,1,7,0,3.9,0.66,144,0
PAT-18374,70,Female,Emergency,Heart Failure,7,4,10,1,8.8,3.63,153,1
PAT-18375,57,Male,Emergency,COPD Exacerbation,7,3,7,2,7.6,0.64,167,1
PAT-18376,40,Male,Urgent,COPD Exacerbation,6,3,8,0,9.1,2.57,152,0
PAT-18377,45,Male,Urgent,Heart Failure,7,0,11,2,7.0,1.02,120,1
PAT-18378,69,Male,Emergency,Acute Myocardial Infarction,6,2,8,0,8.7,0.78,143,0
PAT-18379,60,Male,Urgent,Pneumonia,6,1,7,1,7.0,1.85,130,0
PAT-18380,66,Female,Urgent,Acute Myocardial Infarction,3,5,5,1,7.5,4.22,112,0
PAT-18381,40,Female,Emergency,Sepsis,6,1,5,2,7.0,0.6,125,1
PAT-18382,75,Male,Emergency,Type 2 Diabetes,6,1,4,0,7.2,2.84,134,0
PAT-18383,84,Male,Urgent,Pneumonia,7,2,8,2,6.3,2.74,159,0
PAT-18384,47,Female,Elective,Type 2 Diabetes,1,1,4,1,10.3,0.75,142,0
PAT-18385,64,Male,Emergency,Type 2 Diabetes,1,1,7,2,7.8,1.9,116,0
PAT-18386,90,Male,Elective,Heart Failure,11,1,10,2,10.3,1.28,146,1
PAT-18387,53,Female,Emergency,Ischemic Stroke,4,2,6,0,7.5,2.04,164,0
PAT-18388,71,Male,Emergency,Pneumonia,5,1,7,0,6.9,0.82,137,1
PAT-18389,31,Male,Emergency,Heart Failure,6,2,9,1,7.4,0.99,137,0
PAT-18390,71,Female,Emergency,Heart Failure,3,6,12,1,7.8,0.99,124,1
PAT-18391,31,Male,Emergency,Type 2 Diabetes,4,0,9,0,9.4,1.61,135,0
PAT-18392,90,Female,Urgent,Heart Failure,10,1,11,1,6.0,1.12,120,1
PAT-18393,77,Female,Emergency,Type 2 Diabetes,9,3,8,2,10.3,3.49,125,1
PAT-18394,81,Female,Emergency,Heart Failure,5,3,7,1,5.2,2.14,138,1
PAT-18395,77,Male,Emergency,Heart Failure,6,2,10,2,4.8,1.52,137,0
PAT-18396,70,Female,Emergency,COPD Exacerbation,4,0,5,2,8.3,1.34,139,0
PAT-18397,62,Female,Urgent,Total Hip Arthroplasty,3,2,12,1,6.8,0.77,134,0
PAT-18398,85,Male,Emergency,Pneumonia,10,1,12,1,6.4,1.08,114,1
PAT-18399,89,Female,Emergency,Sepsis,7,1,5,4,6.0,0.94,155,1
PAT-18400,65,Male,Emergency,Heart Failure,7,4,10,1,8.1,2.71,123,0
PAT-18401,88,Male,Emergency,Acute Myocardial Infarction,5,3,4,1,6.0,0.63,116,0
PAT-18402,70,Male,Emergency,Heart Failure,8,3,13,0,7.1,1.78,110,1
PAT-18403,67,Male,Emergency,Sepsis,12,6,12,1,6.7,1.29,132,1
PAT-18404,62,Female,Emergency,Total Hip Arthroplasty,2,1,8,3,5.4,0.75,94,1
PAT-18405,43,Female,Emergency,Sepsis,8,2,14,1,8.2,0.73,87,0
PAT-18406,18,Male,Urgent,Sepsis,9,1,6,1,3.6,0.72,164,0
PAT-18407,46,Male,Emergency,COPD Exacerbation,6,3,8,0,6.9,1.94,110,1
PAT-18408,65,Female,Emergency,Type 2 Diabetes,1,3,7,0,9.9,0.53,117,0
PAT-18409,57,Male,Elective,COPD Exacerbation,6,0,12,0,6.7,2.08,125,0
PAT-18410,62,Female,Elective,Pneumonia,9,4,8,0,8.8,0.59,134,0
PAT-18411,91,Male,Emergency,Heart Failure,7,4,9,2,4.8,0.51,131,1
PAT-18412,55,Male,Urgent,Pneumonia,8,1,8,0,7.1,1.04,132,0
PAT-18413,62,Male,Elective,COPD Exacerbation,7,5,13,1,5.9,0.53,88,1
PAT-18414,36,Male,Emergency,Heart Failure,5,2,6,2,4.7,4.65,160,1
PAT-18415,25,Male,Emergency,COPD Exacerbation,5,7,10,1,8.3,1.35,118,1
PAT-18416,81,Female,Emergency,COPD Exacerbation,6,2,11,0,6.8,0.69,149,1
PAT-18417,69,Male,Emergency,Heart Failure,5,0,5,1,7.2,3.24,107,1
PAT-18418,80,Male,Emergency,Pneumonia,5,2,9,3,5.0,1.53,146,1
PAT-18419,37,Male,Elective,Ischemic Stroke,6,5,14,2,6.1,0.84,126,1
PAT-18420,69,Male,Elective,Total Hip Arthroplasty,7,0,10,1,8.0,0.56,123,0
PAT-18421,47,Female,Emergency,Pneumonia,4,5,10,0,5.4,3.13,142,1
PAT-18422,45,Male,Emergency,Type 2 Diabetes,4,3,9,3,5.1,6.61,145,1
PAT-18423,20,Male,Emergency,Heart Failure,4,4,6,2,9.4,2.49,134,1
PAT-18424,35,Female,Elective,Heart Failure,7,5,2,0,4.6,2.87,137,0
PAT-18425,52,Female,Elective,Type 2 Diabetes,7,3,10,1,7.2,1.81,151,0
PAT-18426,34,Male,Emergency,Ischemic Stroke,4,3,10,1,9.1,0.59,113,0
PAT-18427,91,Female,Elective,Ischemic Stroke,7,3,6,1,6.8,1.44,154,1
PAT-18428,52,Female,Emergency,Sepsis,7,4,5,2,5.7,1.2,163,1
PAT-18429,35,Female,Elective,Type 2 Diabetes,2,2,7,0,5.7,1.04,117,0
PAT-18430,42,Male,Emergency,Heart Failure,4,1,7,1,8.6,1.02,98,1
PAT-18431,70,Male,Emergency,COPD Exacerbation,6,3,12,2,7.8,0.61,152,1
PAT-18432,27,Female,Emergency,COPD Exacerbation,2,4,7,1,6.5,1.02,98,0
PAT-18433,85,Male,Urgent,Pneumonia,6,4,8,0,8.7,1.19,111,1
PAT-18434,90,Male,Emergency,Acute Myocardial Infarction,4,4,7,0,6.7,1.84,95,0
PAT-18435,46,Female,Urgent,Acute Myocardial Infarction,5,4,4,0,6.7,2.51,132,0
PAT-18436,62,Female,Emergency,Sepsis,9,3,7,0,6.9,1.2,107,1
PAT-18437,21,Male,Emergency,Pneumonia,4,4,4,1,7.6,1.03,136,0
PAT-18438,73,Female,Emergency,Sepsis,7,1,9,0,4.8,0.69,147,0
PAT-18439,59,Male,Elective,Heart Failure,2,3,5,1,9.7,1.23,140,0
PAT-18440,48,Female,Elective,Acute Myocardial Infarction,7,5,7,1,7.4,0.87,142,0
PAT-18441,43,Female,Elective,Type 2 Diabetes,2,1,14,1,7.6,1.18,133,0
PAT-18442,74,Male,Elective,Type 2 Diabetes,10,0,3,0,6.7,1.87,149,0
PAT-18443,59,Female,Elective,Heart Failure,7,2,9,0,9.6,3.21,133,1
PAT-18444,40,Male,Urgent,Heart Failure,8,0,6,1,8.2,3.55,140,1
PAT-18445,76,Female,Emergency,Ischemic Stroke,9,7,6,1,8.0,0.68,124,1
PAT-18446,69,Female,Elective,Pneumonia,7,3,14,1,5.7,0.57,115,1
PAT-18447,85,Female,Urgent,Total Hip Arthroplasty,3,1,9,0,7.9,0.59,165,0
PAT-18448,34,Female,Emergency,Heart Failure,2,5,4,2,5.3,4.1,136,1
PAT-18449,81,Female,Elective,Type 2 Diabetes,7,0,7,0,8.1,1.64,138,0
PAT-18450,75,Female,Emergency,COPD Exacerbation,6,3,8,3,7.2,1.58,139,1
PAT-18451,34,Male,Emergency,Type 2 Diabetes,4,4,3,0,7.0,4.93,130,0
PAT-18452,76,Male,Elective,COPD Exacerbation,7,3,10,1,5.1,0.54,120,0
PAT-18453,61,Female,Emergency,Pneumonia,7,1,4,0,6.2,0.7,102,1
PAT-18454,89,Male,Emergency,Sepsis,9,7,5,1,6.4,0.7,127,1
PAT-18455,37,Female,Urgent,Pneumonia,7,3,9,5,9.0,0.82,111,1
PAT-18456,73,Female,Emergency,COPD Exacerbation,5,2,9,0,7.9,0.5,124,1
PAT-18457,57,Male,Emergency,Type 2 Diabetes,4,4,9,2,5.3,2.12,141,0
PAT-18458,89,Female,Elective,Acute Myocardial Infarction,7,4,15,0,8.5,2.2,110,1
PAT-18459,53,Female,Emergency,COPD Exacerbation,4,3,4,1,7.1,1.34,90,0
PAT-18460,90,Female,Emergency,Pneumonia,4,1,14,0,6.9,1.09,111,0
PAT-18461,87,Male,Emergency,Type 2 Diabetes,7,0,13,0,6.1,1.57,129,0
PAT-18462,48,Male,Emergency,COPD Exacerbation,7,3,9,0,7.1,0.58,161,0
PAT-18463,82,Female,Emergency,Ischemic Stroke,4,1,10,1,6.7,0.6,159,0
PAT-18464,91,Female,Urgent,Heart Failure,4,5,8,1,8.8,2.28,176,1
PAT-18465,47,Male,Emergency,Sepsis,12,2,10,1,6.1,3.45,113,0
PAT-18466,61,Male,Emergency,COPD Exacerbation,5,3,11,2,7.0,0.55,99,0
PAT-18467,66,Female,Urgent,Pneumonia,6,2,8,0,6.0,0.84,132,1
PAT-18468,50,Female,Elective,Ischemic Stroke,5,2,2,1,6.0,3.22,132,0
PAT-18469,20,Female,Emergency,COPD Exacerbation,1,2,8,1,5.1,3.77,170,0
PAT-18470,44,Female,Emergency,Sepsis,8,1,7,0,5.6,1.0,110,0
PAT-18471,49,Male,Elective,Pneumonia,8,3,9,1,8.3,1.06,131,1
PAT-18472,61,Female,Elective,Type 2 Diabetes,4,2,11,1,6.3,0.83,162,0
PAT-18473,40,Female,Elective,Acute Myocardial Infarction,5,1,10,1,8.0,1.1,148,0
PAT-18474,85,Male,Emergency,Total Hip Arthroplasty,8,3,2,1,9.3,0.81,116,1
PAT-18475,77,Male,Emergency,Sepsis,8,3,7,1,8.9,0.63,131,1
PAT-18476,30,Male,Emergency,Heart Failure,5,8,4,0,6.3,1.46,134,1
PAT-18477,74,Female,Elective,Type 2 Diabetes,6,2,7,2,4.5,1.67,112,1
PAT-18478,74,Male,Elective,Pneumonia,5,1,11,1,6.8,2.39,129,0
PAT-18479,89,Male,Emergency,COPD Exacerbation,6,0,7,1,5.7,1.43,144,0
PAT-18480,18,Female,Emergency,Heart Failure,7,3,6,0,6.3,1.01,130,0
PAT-18481,47,Male,Urgent,Type 2 Diabetes,2,4,6,1,9.9,1.2,160,0
PAT-18482,88,Male,Emergency,Acute Myocardial Infarction,8,2,12,0,4.5,0.83,144,0
PAT-18483,88,Male,Emergency,Acute Myocardial Infarction,5,1,16,0,7.2,2.36,133,0
PAT-18484,78,Male,Elective,Sepsis,13,0,8,2,6.7,0.69,127,0
PAT-18485,80,Female,Emergency,Total Hip Arthroplasty,1,3,13,1,7.7,2.27,170,1
PAT-18486,31,Female,Emergency,Type 2 Diabetes,3,0,9,3,4.4,0.54,118,0
PAT-18487,66,Female,Emergency,Sepsis,6,1,13,1,6.3,0.72,133,1
PAT-18488,45,Male,Emergency,COPD Exacerbation,3,3,10,1,6.4,0.6,105,0
PAT-18489,41,Female,Emergency,Ischemic Stroke,5,6,2,2,8.4,0.78,152,1
PAT-18490,82,Male,Urgent,Type 2 Diabetes,4,4,14,3,7.4,4.48,123,1
PAT-18491,36,Female,Emergency,Type 2 Diabetes,1,3,7,1,6.5,0.53,149,0
PAT-18492,63,Female,Elective,Acute Myocardial Infarction,4,1,10,2,5.0,1.22,113,1
PAT-18493,89,Male,Emergency,Total Hip Arthroplasty,5,5,2,1,10.3,1.31,89,1
PAT-18494,41,Female,Emergency,Sepsis,5,0,10,1,6.5,1.24,155,0
PAT-18495,90,Male,Elective,Acute Myocardial Infarction,4,1,15,2,5.8,1.28,134,1
PAT-18496,91,Male,Emergency,Pneumonia,12,3,5,2,6.5,2.28,155,1
PAT-18497,68,Female,Elective,Acute Myocardial Infarction,5,1,5,0,7.1,1.46,143,0
PAT-18498,39,Female,Emergency,Sepsis,4,1,11,0,7.3,1.5,132,0
PAT-18499,52,Female,Emergency,Acute Myocardial Infarction,1,6,13,1,5.8,1.29,124,0
PAT-18500,60,Male,Emergency,Acute Myocardial Infarction,5,6,6,0,5.4,0.54,131,0
PAT-18501,52,Female,Elective,Heart Failure,5,4,15,2,5.4,0.85,131,1
PAT-18502,49,Male,Emergency,COPD Exacerbation,3,2,5,2,5.0,0.82,115,0
PAT-18503,90,Female,Urgent,Pneumonia,12,4,6,0,6.9,0.79,143,1
PAT-18504,38,Male,Emergency,Ischemic Stroke,11,4,6,1,6.5,0.8,109,1
PAT-18505,78,Male,Emergency,COPD Exacerbation,5,4,8,0,6.6,0.53,161,1
PAT-18506,18,Male,Emergency,COPD Exacerbation,5,1,10,1,8.0,0.54,137,0
PAT-18507,71,Male,Emergency,Ischemic Stroke,9,2,13,1,6.7,6.99,105,0
PAT-18508,88,Female,Emergency,Heart Failure,8,2,6,1,3.4,1.48,130,1
PAT-18509,50,Female,Elective,Type 2 Diabetes,2,2,6,2,6.2,1.25,143,0
PAT-18510,41,Male,Emergency,COPD Exacerbation,8,5,7,1,7.6,0.76,125,1
PAT-18511,74,Female,Emergency,Type 2 Diabetes,4,2,11,2,7.2,5.34,132,1
PAT-18512,77,Male,Urgent,Type 2 Diabetes,5,2,10,0,6.8,0.62,113,1
PAT-18513,76,Male,Emergency,Total Hip Arthroplasty,4,1,4,3,6.8,2.28,91,1
PAT-18514,52,Male,Emergency,COPD Exacerbation,4,2,11,0,8.4,2.74,146,0
PAT-18515,47,Female,Emergency,Heart Failure,5,6,6,0,7.3,1.48,127,1
PAT-18516,89,Male,Emergency,Type 2 Diabetes,2,3,8,1,6.6,1.28,132,1
PAT-18517,88,Female,Emergency,Heart Failure,2,2,14,3,8.0,1.24,91,1
PAT-18518,62,Female,Emergency,COPD Exacerbation,4,2,6,2,5.1,2.52,125,0
PAT-18519,84,Female,Emergency,Heart Failure,4,2,9,0,6.7,4.09,127,0
PAT-18520,62,Female,Elective,Sepsis,10,2,5,1,7.1,4.5,129,1
PAT-18521,60,Female,Elective,COPD Exacerbation,6,1,7,0,7.1,0.52,128,0
PAT-18522,38,Female,Elective,Heart Failure,4,1,11,1,6.9,4.19,131,0
PAT-18523,60,Male,Emergency,Type 2 Diabetes,7,3,8,0,6.3,2.35,144,0
PAT-18524,67,Female,Emergency,COPD Exacerbation,5,4,14,0,6.3,0.69,148,0
PAT-18525,21,Male,Emergency,Type 2 Diabetes,1,3,4,2,3.9,0.87,132,1
PAT-18526,61,Female,Emergency,Pneumonia,6,1,10,0,6.0,2.26,138,0
PAT-18527,81,Female,Emergency,Total Hip Arthroplasty,6,2,8,1,6.1,0.7,156,1
PAT-18528,75,Female,Emergency,Type 2 Diabetes,1,2,8,0,8.8,0.99,150,0
PAT-18529,73,Male,Emergency,Type 2 Diabetes,4,3,7,0,8.2,0.88,140,1
PAT-18530,87,Female,Elective,Sepsis,11,3,8,1,7.2,0.72,102,1
PAT-18531,21,Female,Emergency,Type 2 Diabetes,7,1,9,0,5.1,1.48,128,0
PAT-18532,68,Female,Urgent,Heart Failure,8,8,10,2,7.0,1.01,107,0
PAT-18533,81,Female,Elective,Heart Failure,6,2,10,2,6.3,0.54,106,1
PAT-18534,67,Male,Emergency,Ischemic Stroke,8,2,8,0,6.0,1.1,159,0
PAT-18535,53,Female,Emergency,Total Hip Arthroplasty,1,2,12,2,3.8,2.83,111,1
PAT-18536,36,Female,Emergency,Type 2 Diabetes,1,2,7,2,7.0,1.75,96,1
PAT-18537,86,Male,Elective,COPD Exacerbation,7,2,8,3,5.9,0.63,139,1
PAT-18538,63,Female,Emergency,Heart Failure,6,3,10,2,7.8,1.5,164,0
PAT-18539,86,Male,Emergency,Acute Myocardial Infarction,6,5,9,0,8.8,0.51,127,1
PAT-18540,70,Male,Emergency,Heart Failure,6,0,7,4,10.0,0.52,130,0
PAT-18541,75,Male,Emergency,Heart Failure,6,1,7,1,6.5,0.64,131,1
PAT-18542,82,Female,Urgent,Sepsis,10,1,10,2,6.4,2.21,155,0
PAT-18543,74,Male,Emergency,Type 2 Diabetes,2,5,7,3,8.5,0.78,122,1
PAT-18544,58,Female,Emergency,Heart Failure,5,2,13,3,5.5,1.14,132,0
PAT-18545,66,Male,Emergency,Sepsis,6,3,10,2,8.5,0.64,112,0
PAT-18546,82,Female,Elective,Acute Myocardial Infarction,4,4,7,0,6.9,2.11,129,1
PAT-18547,56,Female,Elective,Acute Myocardial Infarction,7,1,7,0,6.2,3.02,147,1
PAT-18548,57,Male,Elective,Total Hip Arthroplasty,3,3,3,1,7.2,2.81,132,0
PAT-18549,31,Female,Elective,Pneumonia,6,4,4,0,6.4,0.79,157,1
PAT-18550,87,Male,Elective,Heart Failure,6,2,4,2,8.6,0.8,140,1
PAT-18551,31,Male,Emergency,Heart Failure,3,4,11,0,8.8,4.82,153,0
PAT-18552,74,Female,Emergency,Type 2 Diabetes,2,1,8,1,6.2,1.99,110,1
PAT-18553,59,Female,Emergency,Heart Failure,4,1,8,2,6.7,0.53,113,0
PAT-18554,59,Female,Emergency,COPD Exacerbation,5,1,13,3,6.4,1.27,139,0
PAT-18555,75,Male,Emergency,Heart Failure,7,0,6,2,7.2,1.6,118,0
PAT-18556,28,Female,Emergency,Pneumonia,5,3,6,5,8.5,0.74,140,1
PAT-18557,71,Male,Emergency,Heart Failure,7,0,7,1,6.0,0.85,141,0
PAT-18558,80,Male,Elective,Type 2 Diabetes,1,2,9,0,6.2,4.39,160,1
PAT-18559,83,Male,Emergency,Acute Myocardial Infarction,7,7,15,1,7.4,2.46,104,1
PAT-18560,40,Male,Emergency,Type 2 Diabetes,1,2,6,0,7.1,0.51,112,0
PAT-18561,87,Male,Elective,Type 2 Diabetes,7,4,9,1,7.6,1.45,146,1
PAT-18562,74,Female,Emergency,Ischemic Stroke,8,3,11,1,8.5,1.08,118,1
PAT-18563,86,Female,Elective,Acute Myocardial Infarction,2,2,10,0,7.6,1.38,167,0
PAT-18564,64,Female,Emergency,Pneumonia,8,5,11,2,4.6,2.18,159,1
PAT-18565,67,Male,Urgent,COPD Exacerbation,7,4,8,2,7.7,0.58,127,0
PAT-18566,88,Male,Elective,COPD Exacerbation,8,2,10,1,6.3,1.97,162,1
PAT-18567,87,Male,Emergency,Heart Failure,5,2,3,0,7.8,2.09,150,1
PAT-18568,62,Male,Elective,Heart Failure,6,3,3,1,8.4,1.56,165,1
PAT-18569,49,Female,Emergency,COPD Exacerbation,6,2,10,1,7.6,0.95,118,1
PAT-18570,58,Female,Emergency,Type 2 Diabetes,5,6,5,2,3.0,1.18,123,0
PAT-18571,57,Female,Elective,Heart Failure,6,3,13,0,6.6,1.17,125,0
PAT-18572,50,Female,Elective,Type 2 Diabetes,2,2,5,0,6.9,0.71,131,0
PAT-18573,48,Male,Emergency,Heart Failure,7,2,9,0,5.7,0.98,145,0
PAT-18574,85,Female,Emergency,Total Hip Arthroplasty,6,0,7,0,8.2,1.73,158,1
PAT-18575,28,Male,Elective,Type 2 Diabetes,2,2,7,2,7.4,0.65,116,0
PAT-18576,75,Male,Emergency,Heart Failure,4,3,6,1,7.6,1.73,129,0
PAT-18577,40,Female,Elective,COPD Exacerbation,3,3,7,1,7.8,2.77,136,0
PAT-18578,54,Female,Elective,Pneumonia,8,2,11,2,5.8,1.52,116,1
PAT-18579,27,Female,Emergency,COPD Exacerbation,5,6,7,1,6.9,1.46,155,0
PAT-18580,48,Female,Emergency,Pneumonia,5,1,6,1,10.0,1.85,81,1
PAT-18581,80,Male,Emergency,Pneumonia,6,0,11,2,5.7,1.04,161,0
PAT-18582,86,Female,Urgent,Acute Myocardial Infarction,2,6,9,0,6.2,3.77,83,1
PAT-18583,44,Male,Elective,Type 2 Diabetes,3,2,7,2,6.6,1.61,166,0
PAT-18584,63,Male,Emergency,Pneumonia,4,3,11,1,6.3,3.87,144,1
PAT-18585,63,Female,Emergency,Ischemic Stroke,7,1,12,0,7.1,1.7,156,0
PAT-18586,85,Male,Elective,Heart Failure,8,7,6,1,4.5,0.89,139,0
PAT-18587,80,Male,Emergency,Type 2 Diabetes,3,2,12,0,7.4,0.58,122,0
PAT-18588,66,Male,Elective,Heart Failure,6,1,10,0,8.9,0.65,128,1
PAT-18589,75,Female,Emergency,Heart Failure,8,4,7,0,7.4,0.61,128,1
PAT-18590,84,Female,Elective,Type 2 Diabetes,5,2,9,0,8.7,0.66,158,1
PAT-18591,19,Female,Elective,Heart Failure,2,2,6,1,7.8,1.04,120,0
PAT-18592,58,Female,Emergency,Heart Failure,5,2,10,0,6.0,2.66,142,0
PAT-18593,87,Male,Elective,Type 2 Diabetes,7,4,5,0,4.2,0.85,131,0
PAT-18594,79,Male,Emergency,Heart Failure,6,3,7,0,7.0,1.61,114,1
PAT-18595,68,Male,Emergency,Acute Myocardial Infarction,5,3,12,0,7.4,1.82,157,0
PAT-18596,67,Female,Emergency,Sepsis,11,0,8,1,7.2,1.86,118,1
PAT-18597,54,Female,Elective,Pneumonia,7,2,7,1,10.5,5.54,113,1
PAT-18598,66,Male,Urgent,Ischemic Stroke,5,2,10,1,8.2,0.73,138,0
PAT-18599,74,Female,Elective,Acute Myocardial Infarction,6,2,8,2,5.1,1.24,147,0
PAT-18600,60,Female,Elective,Acute Myocardial Infarction,6,4,9,3,6.6,0.78,114,1
PAT-18601,77,Male,Emergency,Heart Failure,3,1,11,0,7.8,2.26,153,0
PAT-18602,85,Female,Emergency,Sepsis,5,3,10,1,8.9,0.69,119,1
PAT-18603,38,Male,Emergency,Ischemic Stroke,4,1,11,0,6.3,0.94,102,0
PAT-18604,62,Female,Elective,Type 2 Diabetes,4,1,11,0,5.9,3.04,118,0
PAT-18605,59,Male,Urgent,Acute Myocardial Infarction,6,4,9,0,4.8,1.05,122,0
PAT-18606,76,Male,Emergency,Acute Myocardial Infarction,3,2,8,1,8.2,0.87,152,0
PAT-18607,47,Female,Elective,Type 2 Diabetes,4,3,2,2,7.8,1.03,148,0
PAT-18608,73,Male,Emergency,Pneumonia,1,0,13,2,6.4,1.12,121,1
PAT-18609,86,Male,Emergency,Heart Failure,7,3,9,1,6.0,0.86,116,0
PAT-18610,59,Male,Emergency,Heart Failure,4,1,6,1,6.8,1.19,135,0
PAT-18611,87,Female,Elective,Heart Failure,10,4,9,2,5.2,0.73,136,0
PAT-18612,91,Male,Emergency,COPD Exacerbation,2,3,7,0,5.9,5.36,134,0
PAT-18613,33,Female,Urgent,COPD Exacerbation,4,2,6,1,4.5,1.3,115,0
PAT-18614,45,Male,Emergency,Total Hip Arthroplasty,1,4,5,0,5.7,2.77,166,0
PAT-18615,89,Male,Emergency,COPD Exacerbation,5,3,7,1,7.3,0.91,140,0
PAT-18616,90,Female,Emergency,Type 2 Diabetes,1,3,8,2,9.5,2.62,158,1
PAT-18617,32,Male,Elective,Heart Failure,9,1,9,0,6.2,0.95,140,0
PAT-18618,20,Female,Emergency,Total Hip Arthroplasty,1,1,10,1,8.0,0.71,131,0
PAT-18619,39,Female,Elective,Pneumonia,5,3,5,1,5.9,1.35,132,0
PAT-18620,91,Male,Emergency,Acute Myocardial Infarction,6,1,11,0,6.9,3.51,144,1
PAT-18621,40,Male,Emergency,Heart Failure,2,3,8,0,7.6,1.21,138,0
PAT-18622,65,Female,Elective,Pneumonia,8,0,8,1,8.3,2.1,147,0
PAT-18623,84,Female,Emergency,Type 2 Diabetes,6,1,9,1,6.9,1.3,98,1
PAT-18624,21,Male,Elective,Heart Failure,5,1,15,1,7.6,2.88,119,0
PAT-18625,71,Male,Emergency,Acute Myocardial Infarction,2,1,7,0,6.6,0.86,111,0
PAT-18626,49,Female,Elective,Pneumonia,8,4,9,0,8.1,2.93,135,0
PAT-18627,85,Female,Elective,Type 2 Diabetes,7,2,11,1,9.2,0.78,155,1
PAT-18628,50,Male,Urgent,Sepsis,8,4,8,1,8.1,1.81,146,1
PAT-18629,76,Male,Emergency,Pneumonia,8,5,8,1,6.6,1.13,107,1
PAT-18630,75,Male,Elective,Heart Failure,6,3,9,1,7.2,1.96,159,1
PAT-18631,44,Female,Emergency,Ischemic Stroke,3,2,9,0,7.4,3.22,118,1
PAT-18632,23,Male,Emergency,Type 2 Diabetes,2,3,11,0,7.1,0.52,136,0
PAT-18633,59,Male,Emergency,Sepsis,8,3,6,0,5.7,0.82,124,0
PAT-18634,50,Female,Emergency,Sepsis,8,3,11,2,5.7,2.23,129,1
PAT-18635,82,Male,Elective,Heart Failure,8,2,5,1,6.1,0.96,126,0
PAT-18636,82,Male,Elective,Pneumonia,4,0,7,1,7.7,0.83,136,0
PAT-18637,62,Female,Emergency,Heart Failure,4,1,4,0,7.7,0.71,102,0
PAT-18638,71,Male,Elective,Type 2 Diabetes,2,3,7,0,7.1,1.82,102,0
PAT-18639,71,Male,Emergency,Acute Myocardial Infarction,3,1,3,1,4.3,1.02,146,0
PAT-18640,83,Male,Elective,Type 2 Diabetes,3,2,5,2,11.3,3.21,156,1
PAT-18641,60,Male,Urgent,Heart Failure,5,5,12,0,6.1,2.16,118,0
PAT-18642,49,Female,Elective,Pneumonia,7,3,10,1,5.9,1.27,134,0
PAT-18643,48,Female,Emergency,COPD Exacerbation,5,3,12,0,10.6,0.74,150,1
PAT-18644,67,Male,Elective,Acute Myocardial Infarction,5,3,9,1,8.7,0.56,119,1
PAT-18645,62,Female,Emergency,Acute Myocardial Infarction,6,1,7,2,7.6,0.8,157,1
PAT-18646,61,Female,Elective,Acute Myocardial Infarction,9,1,6,1,3.7,3.54,149,1
PAT-18647,31,Female,Emergency,Sepsis,8,1,7,2,4.3,3.85,124,0
PAT-18648,78,Female,Elective,Type 2 Diabetes,6,4,8,0,6.8,4.53,131,1
PAT-18649,44,Male,Emergency,COPD Exacerbation,6,0,6,0,4.8,0.89,155,0
PAT-18650,42,Female,Elective,Type 2 Diabetes,7,2,8,0,7.5,1.52,104,0
PAT-18651,59,Female,Emergency,Ischemic Stroke,8,1,8,1,7.4,2.22,110,1
PAT-18652,45,Male,Elective,Pneumonia,4,2,7,0,6.6,0.74,152,0
PAT-18653,70,Male,Elective,Ischemic Stroke,8,7,10,2,5.6,0.96,107,1
PAT-18654,56,Male,Urgent,Acute Myocardial Infarction,5,2,13,3,5.7,1.46,130,0
PAT-18655,62,Male,Elective,Acute Myocardial Infarction,6,2,7,0,6.8,0.52,137,0
PAT-18656,67,Male,Emergency,Pneumonia,5,2,7,0,8.3,1.44,118,1
PAT-18657,43,Male,Elective,Pneumonia,8,1,9,1,7.6,0.56,107,0
PAT-18658,38,Male,Emergency,Pneumonia,5,2,13,1,6.2,0.96,152,0
PAT-18659,86,Male,Elective,Type 2 Diabetes,6,3,7,0,7.9,2.29,105,0
PAT-18660,61,Female,Urgent,Total Hip Arthroplasty,4,0,16,3,6.1,1.19,130,1
PAT-18661,59,Male,Emergency,Sepsis,9,4,14,2,6.7,5.13,135,1
PAT-18662,23,Female,Elective,Sepsis,8,4,8,2,5.8,2.06,169,0
PAT-18663,65,Male,Elective,Pneumonia,8,1,3,0,7.3,1.54,123,0
PAT-18664,68,Female,Emergency,Heart Failure,9,5,5,1,8.1,0.81,141,1
PAT-18665,68,Male,Emergency,Acute Myocardial Infarction,1,1,10,0,8.3,0.6,144,0
PAT-18666,77,Male,Emergency,Type 2 Diabetes,5,2,5,0,7.4,3.49,132,1
PAT-18667,40,Male,Urgent,Total Hip Arthroplasty,2,3,7,1,10.5,0.53,136,1
PAT-18668,47,Male,Emergency,Sepsis,8,4,8,0,7.6,1.76,131,0
PAT-18669,82,Male,Emergency,Heart Failure,1,3,9,0,6.9,1.04,132,0
PAT-18670,89,Female,Emergency,COPD Exacerbation,7,4,4,1,6.7,3.98,158,1
PAT-18671,36,Male,Emergency,Acute Myocardial Infarction,3,2,8,1,8.5,1.07,91,0
PAT-18672,65,Female,Elective,COPD Exacerbation,3,3,8,2,7.6,1.34,111,0
PAT-18673,44,Male,Emergency,Pneumonia,5,3,15,2,6.5,1.89,132,0
PAT-18674,27,Female,Urgent,Type 2 Diabetes,2,3,5,1,6.4,1.35,119,0
PAT-18675,53,Female,Emergency,Type 2 Diabetes,1,4,8,1,6.8,1.94,129,0
PAT-18676,37,Male,Emergency,Acute Myocardial Infarction,4,2,11,0,6.5,0.51,115,1
PAT-18677,77,Male,Emergency,Heart Failure,7,3,8,1,7.5,2.06,124,0
PAT-18678,67,Male,Urgent,Acute Myocardial Infarction,4,1,4,1,6.5,1.91,124,0
PAT-18679,37,Male,Emergency,Pneumonia,6,0,6,2,7.7,1.65,134,1
PAT-18680,19,Female,Emergency,Total Hip Arthroplasty,2,0,5,1,8.9,0.62,116,0
PAT-18681,82,Male,Emergency,Ischemic Stroke,10,2,7,2,5.1,0.78,119,0
PAT-18682,40,Male,Emergency,COPD Exacerbation,4,3,8,1,6.6,2.22,131,0
PAT-18683,71,Female,Elective,Pneumonia,8,1,10,2,5.3,1.82,136,0
PAT-18684,54,Female,Elective,Pneumonia,5,3,5,1,8.1,0.53,140,1
PAT-18685,70,Female,Emergency,Type 2 Diabetes,8,3,5,0,8.5,0.72,132,0
PAT-18686,52,Male,Emergency,Heart Failure,4,6,10,1,9.0,0.63,129,1
PAT-18687,30,Female,Elective,COPD Exacerbation,2,1,7,1,7.5,0.91,133,0
PAT-18688,44,Female,Emergency,Sepsis,8,1,13,1,7.5,0.55,114,0
PAT-18689,41,Female,Emergency,Type 2 Diabetes,1,0,6,2,8.0,1.22,140,0
PAT-18690,60,Male,Emergency,Pneumonia,4,3,11,1,8.6,0.78,122,1
PAT-18691,74,Male,Emergency,COPD Exacerbation,7,4,7,0,4.9,0.62,147,1
PAT-18692,48,Male,Emergency,Total Hip Arthroplasty,1,2,3,1,8.2,1.28,133,0
PAT-18693,20,Female,Emergency,Heart Failure,2,2,5,0,5.3,0.69,107,0
PAT-18694,66,Female,Emergency,Type 2 Diabetes,1,5,10,0,6.9,1.72,99,0
PAT-18695,71,Female,Emergency,Total Hip Arthroplasty,4,3,9,1,7.5,0.91,129,1
PAT-18696,90,Male,Elective,Heart Failure,2,2,6,0,8.5,1.27,122,0
PAT-18697,70,Female,Urgent,COPD Exacerbation,6,2,9,2,7.7,1.74,161,1
PAT-18698,63,Female,Urgent,COPD Exacerbation,6,3,9,0,7.9,1.8,147,0
PAT-18699,69,Male,Elective,Pneumonia,3,1,9,0,7.2,0.56,104,1
PAT-18700,88,Female,Emergency,Pneumonia,8,4,8,1,6.1,1.39,136,1
PAT-18701,83,Male,Emergency,Sepsis,11,5,10,0,5.4,1.39,115,0
PAT-18702,53,Female,Elective,Heart Failure,7,1,11,0,7.8,3.13,143,0
PAT-18703,46,Male,Emergency,Type 2 Diabetes,1,1,7,1,6.1,1.09,151,0
PAT-18704,48,Female,Emergency,Pneumonia,2,5,7,2,8.1,1.21,97,0
PAT-18705,65,Female,Emergency,Pneumonia,9,3,13,0,7.3,1.02,136,1
PAT-18706,79,Female,Emergency,COPD Exacerbation,4,3,9,0,7.2,0.62,103,1
PAT-18707,65,Male,Elective,Total Hip Arthroplasty,2,5,10,0,6.8,3.3,101,0
PAT-18708,28,Male,Elective,Total Hip Arthroplasty,3,2,7,3,7.0,1.01,145,0
PAT-18709,78,Female,Elective,Type 2 Diabetes,2,3,11,2,6.0,2.11,130,1
PAT-18710,82,Male,Elective,Type 2 Diabetes,4,2,12,1,10.0,1.96,129,1
PAT-18711,50,Male,Emergency,Heart Failure,6,2,9,0,9.2,2.23,160,0
PAT-18712,75,Male,Elective,Total Hip Arthroplasty,1,4,11,0,7.8,0.98,127,0
PAT-18713,60,Male,Emergency,Pneumonia,5,1,9,1,5.0,1.95,117,1
PAT-18714,86,Female,Elective,Pneumonia,5,2,9,0,7.7,1.23,122,1
PAT-18715,84,Male,Emergency,Sepsis,8,2,4,1,7.3,1.11,139,1
PAT-18716,66,Male,Elective,Pneumonia,9,3,9,3,7.8,1.11,112,1
PAT-18717,76,Female,Urgent,Heart Failure,9,1,9,0,9.0,0.88,127,1
PAT-18718,86,Female,Emergency,Pneumonia,8,2,12,0,6.5,0.77,149,1
PAT-18719,65,Male,Emergency,COPD Exacerbation,6,0,13,3,6.4,0.63,103,1
PAT-18720,52,Male,Emergency,Acute Myocardial Infarction,5,1,10,0,8.5,4.05,102,0
PAT-18721,79,Male,Emergency,COPD Exacerbation,4,1,9,2,8.7,0.79,125,1
PAT-18722,44,Male,Emergency,Heart Failure,5,3,9,2,7.4,1.54,144,1
PAT-18723,57,Male,Elective,Type 2 Diabetes,1,3,9,1,9.1,2.73,158,1
PAT-18724,85,Female,Emergency,Acute Myocardial Infarction,3,1,12,0,4.4,1.86,117,0
PAT-18725,78,Female,Emergency,Total Hip Arthroplasty,4,1,2,0,7.7,1.05,123,1
PAT-18726,59,Female,Elective,Heart Failure,3,4,6,2,7.5,2.31,136,1
PAT-18727,44,Female,Emergency,Heart Failure,2,1,7,0,8.9,0.6,138,0
PAT-18728,55,Female,Emergency,COPD Exacerbation,3,1,6,0,5.6,3.08,119,0
PAT-18729,50,Female,Elective,COPD Exacerbation,7,2,16,1,8.7,4.13,142,1
PAT-18730,40,Male,Elective,Heart Failure,7,3,9,1,6.2,2.51,121,0
PAT-18731,79,Male,Emergency,COPD Exacerbation,5,4,15,1,6.9,0.64,129,1
PAT-18732,47,Male,Emergency,Ischemic Stroke,7,0,6,1,6.0,1.35,122,0
PAT-18733,62,Male,Emergency,COPD Exacerbation,4,1,3,0,5.2,1.04,141,0
PAT-18734,57,Female,Emergency,Pneumonia,2,2,9,3,8.1,1.62,153,0
PAT-18735,91,Male,Emergency,Sepsis,8,3,8,0,6.5,1.1,130,1
PAT-18736,58,Female,Elective,Type 2 Diabetes,3,2,10,0,5.9,2.02,119,0
PAT-18737,30,Female,Elective,Pneumonia,5,6,8,0,5.9,0.92,154,0
PAT-18738,31,Male,Emergency,Pneumonia,5,1,7,3,6.9,3.07,103,1
PAT-18739,70,Female,Emergency,Pneumonia,6,2,7,0,7.6,1.76,153,0
PAT-18740,71,Female,Emergency,Total Hip Arthroplasty,2,3,7,2,9.3,0.64,147,0
PAT-18741,60,Female,Emergency,Type 2 Diabetes,4,2,5,1,4.4,2.21,126,1
PAT-18742,60,Male,Elective,Heart Failure,2,3,9,0,6.9,1.06,107,0
PAT-18743,26,Male,Urgent,Total Hip Arthroplasty,3,2,7,0,7.5,0.83,114,0
PAT-18744,66,Female,Emergency,Type 2 Diabetes,3,4,9,0,6.5,0.79,141,1
PAT-18745,65,Male,Emergency,Type 2 Diabetes,8,4,10,1,8.9,0.53,123,1
PAT-18746,37,Female,Elective,COPD Exacerbation,3,1,9,3,6.7,0.91,138,0
PAT-18747,32,Female,Emergency,Ischemic Stroke,5,2,14,0,7.0,1.13,116,0
PAT-18748,35,Female,Emergency,COPD Exacerbation,3,5,8,3,5.6,1.64,111,1
PAT-18749,32,Male,Emergency,Pneumonia,4,6,9,2,7.8,1.36,117,0
PAT-18750,71,Female,Emergency,COPD Exacerbation,6,1,8,1,6.9,1.42,121,0
PAT-18751,42,Male,Emergency,Ischemic Stroke,6,1,6,0,8.6,0.62,140,0
PAT-18752,47,Female,Urgent,Sepsis,10,3,9,0,6.0,0.67,157,0
PAT-18753,40,Female,Emergency,Heart Failure,5,1,8,0,7.4,1.58,110,0
PAT-18754,90,Male,Emergency,Sepsis,10,3,5,3,7.6,1.68,125,1
PAT-18755,85,Female,Elective,Sepsis,10,4,11,1,8.0,1.99,168,0
PAT-18756,45,Female,Emergency,Acute Myocardial Infarction,6,1,8,2,7.7,4.03,130,1
PAT-18757,53,Female,Emergency,COPD Exacerbation,6,4,7,1,9.7,0.55,131,1
PAT-18758,43,Male,Emergency,Pneumonia,6,1,9,1,3.1,1.13,107,0
PAT-18759,64,Male,Emergency,COPD Exacerbation,6,5,12,1,7.0,1.94,120,1
PAT-18760,21,Female,Elective,Acute Myocardial Infarction,1,2,7,0,6.0,2.97,151,0
PAT-18761,75,Female,Emergency,Heart Failure,11,2,12,2,5.3,1.66,117,1
PAT-18762,66,Female,Urgent,Type 2 Diabetes,5,4,7,0,7.8,2.14,166,0
PAT-18763,87,Female,Elective,Heart Failure,7,2,9,0,8.2,1.11,147,1
PAT-18764,39,Male,Emergency,Sepsis,8,2,3,0,10.0,3.79,130,0
PAT-18765,82,Male,Emergency,Acute Myocardial Infarction,1,4,6,0,8.6,1.38,141,0
PAT-18766,81,Male,Emergency,Pneumonia,6,0,8,1,5.7,0.99,148,1
PAT-18767,35,Female,Emergency,Sepsis,8,2,14,1,4.7,0.63,168,0
PAT-18768,58,Male,Emergency,Acute Myocardial Infarction,3,2,8,1,7.4,2.35,133,0
PAT-18769,39,Male,Emergency,Total Hip Arthroplasty,1,2,9,2,7.4,1.3,120,1
PAT-18770,47,Male,Urgent,Heart Failure,4,1,6,2,7.1,0.6,119,0
PAT-18771,48,Male,Emergency,Pneumonia,7,2,13,0,6.9,2.01,129,0
PAT-18772,68,Male,Emergency,Acute Myocardial Infarction,7,2,12,0,6.9,0.56,93,0
PAT-18773,59,Male,Emergency,Type 2 Diabetes,4,3,6,3,6.0,0.93,112,1
PAT-18774,89,Female,Emergency,Type 2 Diabetes,4,2,7,0,7.8,0.85,139,0
PAT-18775,35,Male,Elective,Pneumonia,4,1,6,3,6.2,5.57,131,0
PAT-18776,90,Female,Elective,Sepsis,10,4,13,1,8.4,1.36,118,1
PAT-18777,45,Male,Emergency,Pneumonia,6,1,9,0,7.6,1.09,132,0
PAT-18778,80,Male,Urgent,Pneumonia,8,2,9,1,5.6,1.03,157,1
PAT-18779,54,Male,Elective,Pneumonia,5,3,4,1,5.9,1.64,154,0
PAT-18780,37,Female,Elective,Type 2 Diabetes,4,6,9,1,4.6,0.56,194,1
PAT-18781,85,Female,Elective,Total Hip Arthroplasty,5,5,6,2,9.3,2.03,127,1
PAT-18782,52,Female,Elective,Type 2 Diabetes,3,1,14,2,5.3,0.94,128,0
PAT-18783,74,Male,Emergency,COPD Exacerbation,2,3,12,1,6.0,0.63,128,1
PAT-18784,69,Male,Emergency,Heart Failure,4,5,10,1,7.4,3.55,114,0
PAT-18785,63,Male,Emergency,Pneumonia,9,1,7,1,10.0,1.72,109,0
PAT-18786,65,Female,Emergency,Total Hip Arthroplasty,1,2,7,2,7.2,1.39,139,1
PAT-18787,78,Male,Urgent,Ischemic Stroke,10,1,11,1,6.5,1.18,111,1
PAT-18788,31,Male,Elective,Type 2 Diabetes,1,2,9,2,7.8,2.52,131,0
PAT-18789,75,Female,Urgent,Heart Failure,4,4,5,0,5.9,1.81,127,1
PAT-18790,87,Male,Emergency,Type 2 Diabetes,4,7,7,1,4.4,3.05,120,1
PAT-18791,27,Male,Elective,Type 2 Diabetes,6,1,10,0,11.1,0.53,135,0
PAT-18792,36,Male,Elective,COPD Exacerbation,4,5,9,2,6.8,6.23,127,1
PAT-18793,77,Male,Elective,Pneumonia,6,2,13,1,6.7,0.7,145,1
PAT-18794,61,Female,Elective,Acute Myocardial Infarction,3,3,6,0,8.2,1.02,130,0
PAT-18795,58,Male,Emergency,Acute Myocardial Infarction,5,2,5,0,4.9,1.36,146,0
PAT-18796,36,Male,Emergency,Type 2 Diabetes,2,2,5,2,7.6,3.14,126,1
PAT-18797,65,Male,Urgent,Sepsis,8,1,11,3,5.5,1.29,113,1
PAT-18798,35,Male,Emergency,Sepsis,7,4,12,2,7.3,0.85,143,0
PAT-18799,63,Male,Emergency,COPD Exacerbation,6,0,9,0,6.2,0.72,129,1
PAT-18800,80,Female,Emergency,Total Hip Arthroplasty,5,0,9,1,7.3,2.23,127,0
PAT-18801,47,Male,Emergency,Sepsis,6,2,6,0,5.1,1.3,121,0
PAT-18802,64,Female,Elective,COPD Exacerbation,4,4,9,0,5.8,3.22,131,1
PAT-18803,91,Female,Elective,Total Hip Arthroplasty,3,4,9,0,7.1,0.79,126,0
PAT-18804,76,Female,Urgent,COPD Exacerbation,6,4,9,0,7.6,0.56,125,1
PAT-18805,84,Male,Emergency,Pneumonia,9,2,8,1,7.3,0.61,125,1
PAT-18806,59,Male,Emergency,Type 2 Diabetes,4,2,5,0,4.8,4.71,151,0
PAT-18807,80,Female,Urgent,Total Hip Arthroplasty,1,3,7,0,8.5,0.94,137,0
PAT-18808,24,Female,Urgent,Heart Failure,5,0,6,0,8.1,1.17,121,0
PAT-18809,35,Male,Urgent,Pneumonia,2,1,4,3,5.4,0.98,117,0
PAT-18810,43,Male,Elective,COPD Exacerbation,3,2,9,0,7.2,1.97,135,0
PAT-18811,58,Male,Emergency,COPD Exacerbation,5,1,11,3,5.9,4.83,115,0
PAT-18812,84,Female,Emergency,COPD Exacerbation,6,5,7,1,3.7,3.31,164,1
PAT-18813,54,Female,Elective,Pneumonia,8,1,8,4,7.3,0.89,97,1
PAT-18814,74,Female,Elective,Type 2 Diabetes,3,2,7,0,9.4,4.69,137,0
PAT-18815,77,Female,Elective,Sepsis,7,3,9,0,6.4,1.13,139,1
PAT-18816,70,Female,Emergency,COPD Exacerbation,5,2,8,2,8.2,1.15,117,1
PAT-18817,55,Female,Elective,Sepsis,10,0,6,0,8.0,1.34,116,0
PAT-18818,70,Female,Emergency,Type 2 Diabetes,5,1,9,0,8.2,0.81,99,0
PAT-18819,54,Female,Emergency,COPD Exacerbation,5,5,2,0,6.3,1.04,186,0
PAT-18820,30,Male,Emergency,Acute Myocardial Infarction,6,2,11,0,8.0,2.44,113,0
PAT-18821,91,Female,Urgent,Pneumonia,10,1,7,0,7.1,3.0,120,1
PAT-18822,35,Female,Emergency,Sepsis,9,0,12,0,7.5,5.65,145,0
PAT-18823,29,Male,Emergency,Heart Failure,2,1,12,1,4.5,3.61,145,0
PAT-18824,86,Male,Emergency,COPD Exacerbation,7,4,10,2,6.2,0.7,104,1
PAT-18825,51,Male,Elective,COPD Exacerbation,4,2,11,2,7.3,1.06,105,1
PAT-18826,74,Male,Emergency,COPD Exacerbation,5,1,6,1,7.4,0.82,122,0
PAT-18827,53,Male,Urgent,COPD Exacerbation,3,3,9,2,4.8,1.65,121,0
PAT-18828,58,Male,Emergency,Heart Failure,5,0,6,2,10.7,3.3,130,1
PAT-18829,48,Male,Emergency,Acute Myocardial Infarction,3,2,11,2,7.3,0.68,132,0
PAT-18830,54,Male,Elective,Type 2 Diabetes,4,2,9,1,7.0,1.07,125,0
PAT-18831,59,Male,Emergency,Pneumonia,6,1,6,0,7.0,0.63,171,0
PAT-18832,78,Female,Emergency,Type 2 Diabetes,5,2,9,1,6.4,1.38,127,0
PAT-18833,66,Male,Emergency,Pneumonia,7,1,5,1,6.4,1.85,160,0
PAT-18834,89,Male,Elective,COPD Exacerbation,5,2,6,0,5.2,2.92,115,0
PAT-18835,24,Male,Emergency,Sepsis,6,7,8,1,8.2,1.31,121,0
PAT-18836,65,Female,Emergency,Pneumonia,2,3,11,1,6.7,0.98,131,1
PAT-18837,70,Female,Elective,Type 2 Diabetes,6,3,9,0,8.8,2.18,125,0
PAT-18838,88,Male,Emergency,Pneumonia,7,1,10,1,5.6,4.24,156,1
PAT-18839,25,Female,Emergency,Acute Myocardial Infarction,3,3,4,0,9.3,1.54,141,1
PAT-18840,69,Male,Emergency,Type 2 Diabetes,6,3,7,0,6.5,5.39,142,0
PAT-18841,85,Male,Elective,Pneumonia,4,1,7,1,8.5,2.31,92,1
PAT-18842,46,Male,Emergency,COPD Exacerbation,4,2,6,0,6.5,5.75,131,0
PAT-18843,86,Male,Elective,Type 2 Diabetes,3,3,7,1,5.3,2.59,121,0
PAT-18844,21,Male,Elective,Type 2 Diabetes,3,1,9,0,6.8,1.63,117,1
PAT-18845,78,Male,Emergency,Heart Failure,1,3,6,1,6.4,0.93,113,1
PAT-18846,88,Male,Urgent,Type 2 Diabetes,6,6,10,0,8.2,1.13,108,1
PAT-18847,74,Male,Emergency,Heart Failure,7,2,11,1,7.7,1.78,154,0
PAT-18848,61,Male,Emergency,COPD Exacerbation,3,4,7,0,7.4,0.52,120,0
PAT-18849,25,Male,Elective,Heart Failure,4,5,14,0,9.7,0.98,143,1
PAT-18850,88,Male,Emergency,Type 2 Diabetes,3,3,7,0,6.7,4.66,105,0
PAT-18851,63,Female,Emergency,Type 2 Diabetes,5,1,5,1,6.1,0.71,79,0
PAT-18852,22,Female,Emergency,COPD Exacerbation,5,1,12,1,5.1,2.87,135,0
PAT-18853,76,Female,Emergency,Sepsis,7,3,10,0,5.5,2.44,94,1
PAT-18854,64,Female,Emergency,COPD Exacerbation,2,3,7,0,6.6,2.81,130,0
PAT-18855,35,Male,Elective,COPD Exacerbation,6,1,5,2,7.4,0.53,107,0
PAT-18856,44,Female,Elective,COPD Exacerbation,8,0,11,0,7.7,1.4,118,1
PAT-18857,28,Male,Emergency,Heart Failure,5,0,5,1,6.7,1.84,161,0
PAT-18858,69,Female,Emergency,Heart Failure,7,1,4,2,8.9,2.27,143,0
PAT-18859,72,Female,Emergency,Heart Failure,5,4,8,0,6.2,1.29,116,0
PAT-18860,65,Female,Emergency,Heart Failure,6,2,7,2,8.1,2.03,142,0
PAT-18861,83,Male,Emergency,Type 2 Diabetes,5,3,13,0,3.0,6.0,133,1
PAT-18862,85,Female,Emergency,COPD Exacerbation,5,1,9,1,6.6,3.19,135,0
PAT-18863,72,Female,Emergency,Heart Failure,8,0,10,1,7.6,4.32,115,0
PAT-18864,20,Male,Emergency,Total Hip Arthroplasty,2,0,7,2,10.4,1.43,109,0
PAT-18865,76,Female,Elective,Sepsis,10,2,14,1,8.3,1.82,135,1
PAT-18866,59,Female,Emergency,Ischemic Stroke,6,2,5,1,4.2,1.42,114,0
PAT-18867,69,Male,Urgent,Heart Failure,5,4,7,4,8.3,2.13,119,1
PAT-18868,74,Female,Elective,Sepsis,12,1,10,1,8.1,1.54,117,1
PAT-18869,55,Female,Urgent,Sepsis,9,1,6,2,8.3,0.99,144,1
PAT-18870,88,Female,Urgent,Total Hip Arthroplasty,4,5,12,1,8.7,0.69,122,1
PAT-18871,36,Female,Elective,Pneumonia,5,3,7,2,7.0,1.31,115,0
PAT-18872,75,Male,Elective,Sepsis,8,1,13,1,7.1,0.66,161,1
PAT-18873,18,Female,Emergency,Heart Failure,1,2,6,1,4.6,4.2,140,0
PAT-18874,88,Male,Elective,Heart Failure,9,2,9,0,7.8,1.09,129,0
PAT-18875,33,Male,Elective,Heart Failure,6,5,7,1,6.3,0.76,172,1
PAT-18876,31,Female,Emergency,Total Hip Arthroplasty,4,3,3,0,6.0,3.37,147,0
PAT-18877,53,Male,Elective,Heart Failure,3,5,15,1,5.7,0.89,139,1
PAT-18878,56,Female,Emergency,Heart Failure,8,3,12,1,4.9,2.73,141,0
PAT-18879,44,Female,Emergency,Total Hip Arthroplasty,6,2,4,2,6.8,1.45,123,0
PAT-18880,70,Female,Emergency,Heart Failure,8,0,8,1,9.3,1.75,139,0
PAT-18881,61,Female,Elective,Sepsis,12,1,11,0,6.9,1.64,126,1
PAT-18882,23,Male,Urgent,Sepsis,9,4,5,0,6.2,0.66,132,1
PAT-18883,52,Female,Elective,Heart Failure,3,6,10,0,7.1,1.27,131,1
PAT-18884,82,Male,Elective,Heart Failure,7,1,8,1,7.2,0.88,120,1
PAT-18885,76,Male,Emergency,COPD Exacerbation,3,1,9,3,8.1,1.08,121,1
PAT-18886,78,Female,Urgent,Ischemic Stroke,6,1,11,2,6.7,1.19,127,0
PAT-18887,76,Male,Emergency,Total Hip Arthroplasty,4,1,4,2,5.5,0.82,148,1
PAT-18888,52,Male,Urgent,Type 2 Diabetes,4,7,5,0,6.6,1.75,175,1
PAT-18889,32,Female,Emergency,Pneumonia,6,1,5,0,7.7,0.97,128,0
PAT-18890,49,Female,Emergency,Pneumonia,2,3,4,1,5.5,1.45,128,0
PAT-18891,83,Female,Elective,Acute Myocardial Infarction,5,2,5,1,5.8,2.6,134,0
PAT-18892,91,Female,Elective,Type 2 Diabetes,6,3,7,2,9.4,0.79,114,1
PAT-18893,64,Male,Emergency,Heart Failure,7,1,7,1,7.2,0.83,120,0
PAT-18894,19,Female,Elective,Acute Myocardial Infarction,4,4,9,2,8.3,1.38,109,0
PAT-18895,36,Male,Emergency,Pneumonia,6,2,7,0,4.5,1.94,125,0
PAT-18896,53,Male,Emergency,Heart Failure,4,2,4,0,7.6,1.93,137,0
PAT-18897,70,Male,Elective,Sepsis,10,4,8,1,6.0,1.48,151,0
PAT-18898,29,Female,Emergency,COPD Exacerbation,3,1,6,2,6.6,0.66,132,0
PAT-18899,89,Female,Elective,Pneumonia,9,1,4,0,5.7,2.78,122,0
PAT-18900,56,Female,Emergency,Acute Myocardial Infarction,5,0,17,0,6.3,3.11,143,0
PAT-18901,87,Female,Emergency,Pneumonia,7,1,7,1,7.6,2.11,106,0
PAT-18902,81,Male,Emergency,COPD Exacerbation,4,2,7,1,9.0,1.19,129,1
PAT-18903,80,Female,Emergency,Sepsis,12,3,12,2,7.7,1.3,141,1
PAT-18904,71,Female,Emergency,COPD Exacerbation,6,0,10,1,7.9,0.58,135,0
PAT-18905,72,Female,Elective,COPD Exacerbation,9,4,11,1,6.4,3.44,110,1
PAT-18906,73,Male,Urgent,COPD Exacerbation,6,1,10,0,6.1,2.89,130,1
PAT-18907,73,Male,Elective,COPD Exacerbation,7,1,11,1,9.3,2.68,53,0
PAT-18908,68,Female,Elective,Heart Failure,2,2,10,0,7.7,1.4,135,0
PAT-18909,91,Female,Emergency,Type 2 Diabetes,6,5,7,1,8.0,1.2,106,1
PAT-18910,78,Female,Emergency,Acute Myocardial Infarction,4,1,6,0,8.3,1.49,107,0
PAT-18911,81,Male,Emergency,Pneumonia,8,3,14,0,8.0,0.61,133,0
PAT-18912,85,Male,Emergency,Pneumonia,8,1,8,2,7.0,1.0,147,1
PAT-18913,44,Male,Elective,Acute Myocardial Infarction,6,1,10,0,6.8,0.73,107,0
PAT-18914,30,Male,Emergency,Heart Failure,8,3,4,0,5.8,2.32,110,0
PAT-18915,64,Female,Emergency,Acute Myocardial Infarction,3,3,8,2,5.8,0.73,136,1
PAT-18916,66,Female,Emergency,Pneumonia,8,1,6,1,7.5,5.79,129,1
PAT-18917,83,Male,Emergency,Type 2 Diabetes,6,1,8,2,5.0,1.96,127,1
PAT-18918,61,Female,Emergency,Type 2 Diabetes,8,1,11,1,8.3,0.53,147,0
PAT-18919,69,Male,Elective,Heart Failure,7,0,11,2,8.5,1.39,115,1
PAT-18920,67,Female,Emergency,Type 2 Diabetes,5,5,14,2,7.4,0.83,121,1
PAT-18921,24,Female,Elective,Pneumonia,6,3,9,2,7.7,1.18,117,0
PAT-18922,72,Male,Emergency,Pneumonia,8,3,9,1,5.5,0.78,118,1
PAT-18923,83,Female,Elective,Acute Myocardial Infarction,8,1,11,0,9.0,4.48,112,1
PAT-18924,38,Female,Elective,Pneumonia,3,5,9,1,6.7,1.12,142,1
PAT-18925,71,Female,Elective,Sepsis,8,4,9,1,8.5,3.23,129,1
PAT-18926,71,Male,Emergency,COPD Exacerbation,9,3,12,1,8.3,0.91,125,1
PAT-18927,39,Female,Emergency,Heart Failure,1,4,7,2,4.9,0.94,145,0
PAT-18928,35,Female,Urgent,Type 2 Diabetes,3,1,9,1,7.4,1.21,153,0
PAT-18929,91,Male,Emergency,Heart Failure,7,4,8,0,8.0,2.26,143,0
PAT-18930,58,Female,Emergency,Ischemic Stroke,6,5,4,2,7.1,4.67,127,1
PAT-18931,45,Male,Emergency,Total Hip Arthroplasty,6,2,9,1,6.6,1.81,151,1
PAT-18932,40,Female,Elective,Heart Failure,5,2,9,2,5.7,1.79,109,0
PAT-18933,75,Male,Emergency,COPD Exacerbation,5,1,6,1,5.3,0.58,143,0
PAT-18934,71,Female,Elective,Ischemic Stroke,6,3,8,2,7.6,0.68,124,0
PAT-18935,73,Male,Emergency,Acute Myocardial Infarction,5,2,9,2,7.0,0.53,96,1
PAT-18936,31,Male,Emergency,Pneumonia,7,1,6,0,10.0,1.31,123,0
PAT-18937,86,Male,Emergency,Type 2 Diabetes,5,3,5,1,6.1,1.28,145,1
PAT-18938,57,Female,Emergency,Type 2 Diabetes,3,1,8,1,8.1,1.19,134,0
PAT-18939,52,Female,Emergency,Acute Myocardial Infarction,3,1,16,0,6.1,0.96,142,0
PAT-18940,62,Male,Emergency,Sepsis,9,1,9,0,7.1,0.97,110,0
PAT-18941,58,Female,Emergency,Pneumonia,7,1,12,1,5.3,5.16,132,1
PAT-18942,85,Female,Elective,Heart Failure,5,1,7,1,9.6,0.61,138,0
PAT-18943,88,Male,Elective,Total Hip Arthroplasty,6,1,5,1,4.5,1.84,135,0
PAT-18944,51,Female,Emergency,Sepsis,12,2,7,1,7.8,3.74,107,1
PAT-18945,85,Male,Emergency,Heart Failure,6,0,17,0,8.3,1.58,108,1
PAT-18946,81,Female,Emergency,Heart Failure,7,1,12,0,8.2,2.35,150,0
PAT-18947,88,Male,Emergency,COPD Exacerbation,4,2,10,1,9.4,0.7,135,1
PAT-18948,46,Male,Emergency,Type 2 Diabetes,5,0,14,0,7.2,0.94,131,1
PAT-18949,70,Female,Urgent,Type 2 Diabetes,5,0,5,0,8.0,0.83,140,0
PAT-18950,49,Male,Elective,Heart Failure,4,7,4,1,7.5,1.97,116,1
PAT-18951,83,Female,Elective,Ischemic Stroke,6,3,7,1,8.1,2.27,107,1
PAT-18952,18,Male,Emergency,Sepsis,11,2,9,2,8.2,6.3,128,1
PAT-18953,69,Male,Elective,Heart Failure,6,1,11,2,5.2,1.45,150,0
PAT-18954,54,Female,Elective,Total Hip Arthroplasty,1,3,8,1,7.6,1.55,138,0
PAT-18955,53,Male,Emergency,Acute Myocardial Infarction,6,1,9,3,8.4,1.93,108,0
PAT-18956,74,Female,Urgent,Type 2 Diabetes,5,4,5,0,7.6,3.43,115,0
PAT-18957,84,Male,Emergency,Total Hip Arthroplasty,4,0,10,0,7.0,2.36,145,0
PAT-18958,71,Female,Emergency,COPD Exacerbation,7,3,5,1,9.7,1.19,132,1
PAT-18959,84,Male,Emergency,Sepsis,4,3,5,1,8.6,2.57,122,0
PAT-18960,48,Male,Elective,Pneumonia,2,4,12,1,6.8,1.0,175,0
PAT-18961,66,Female,Elective,Pneumonia,9,2,5,2,5.6,0.9,137,0
PAT-18962,62,Male,Elective,Type 2 Diabetes,4,0,8,2,6.1,1.87,108,0
PAT-18963,20,Female,Urgent,Pneumonia,4,1,7,2,6.9,1.99,141,0
PAT-18964,68,Female,Emergency,COPD Exacerbation,2,0,7,0,7.3,1.63,130,0
PAT-18965,74,Female,Emergency,Ischemic Stroke,8,4,7,0,5.6,1.89,167,1
PAT-18966,70,Female,Elective,COPD Exacerbation,6,1,5,1,5.6,2.19,127,1
PAT-18967,79,Female,Urgent,Heart Failure,9,3,9,2,9.6,1.43,119,1
PAT-18968,69,Male,Emergency,Heart Failure,6,5,7,0,6.4,0.62,154,1
PAT-18969,28,Female,Urgent,Sepsis,7,4,7,1,9.0,1.77,152,1
PAT-18970,34,Female,Emergency,Type 2 Diabetes,3,7,7,2,8.0,2.19,143,0
PAT-18971,71,Female,Elective,Type 2 Diabetes,6,2,13,0,7.4,1.25,170,0
PAT-18972,49,Male,Elective,Sepsis,10,3,6,0,9.0,0.65,163,0
PAT-18973,30,Male,Elective,Ischemic Stroke,7,4,4,0,7.1,0.59,121,0
PAT-18974,60,Female,Emergency,Acute Myocardial Infarction,5,4,11,2,6.6,0.57,138,1
PAT-18975,68,Male,Emergency,Heart Failure,4,5,8,0,9.7,1.07,125,0
PAT-18976,53,Male,Emergency,Pneumonia,4,1,7,3,6.6,0.9,115,0
PAT-18977,78,Male,Elective,Acute Myocardial Infarction,3,4,7,3,7.9,1.94,132,1
PAT-18978,73,Female,Elective,Total Hip Arthroplasty,4,2,10,1,7.3,2.2,142,0
PAT-18979,53,Female,Urgent,Ischemic Stroke,7,3,9,0,6.5,4.57,149,1
PAT-18980,79,Male,Emergency,Pneumonia,9,1,7,0,7.0,3.05,125,0
PAT-18981,74,Male,Emergency,Sepsis,10,1,13,1,9.3,0.64,121,1
PAT-18982,73,Female,Emergency,Heart Failure,8,2,10,2,3.8,1.91,129,1
PAT-18983,68,Female,Emergency,Type 2 Diabetes,4,1,6,0,8.4,1.59,111,0
PAT-18984,20,Male,Elective,Type 2 Diabetes,4,2,8,0,6.4,1.16,137,0
PAT-18985,76,Male,Elective,Ischemic Stroke,5,1,3,1,8.3,0.8,131,0
PAT-18986,57,Male,Urgent,Heart Failure,5,3,8,0,10.7,2.51,115,1
PAT-18987,89,Female,Emergency,Type 2 Diabetes,1,1,5,0,6.2,2.17,143,0
PAT-18988,83,Female,Emergency,Total Hip Arthroplasty,4,2,6,0,8.2,0.52,120,0
PAT-18989,70,Female,Emergency,Type 2 Diabetes,7,2,14,0,7.1,0.85,136,0
PAT-18990,47,Female,Elective,Type 2 Diabetes,3,3,5,0,7.8,1.78,126,0
PAT-18991,43,Female,Urgent,Acute Myocardial Infarction,5,4,7,4,7.7,2.91,149,0
PAT-18992,54,Male,Emergency,Acute Myocardial Infarction,5,5,7,2,7.2,0.62,145,0
PAT-18993,63,Male,Emergency,Pneumonia,5,2,4,1,4.2,0.93,125,0
PAT-18994,51,Male,Elective,Ischemic Stroke,6,3,7,1,7.7,1.16,110,1
PAT-18995,66,Female,Elective,Type 2 Diabetes,6,2,12,1,6.9,3.29,129,0
PAT-18996,39,Female,Emergency,Total Hip Arthroplasty,4,2,8,3,7.9,0.53,114,1
PAT-18997,90,Female,Elective,Acute Myocardial Infarction,4,1,8,1,8.7,1.18,111,0
PAT-18998,33,Female,Emergency,Type 2 Diabetes,1,3,5,0,7.6,1.65,139,0
PAT-18999,88,Male,Urgent,Sepsis,10,2,11,0,6.7,1.37,142,0
PAT-19000,87,Female,Emergency,Heart Failure,5,3,8,0,4.6,0.68,134,0
PAT-19001,66,Female,Emergency,Heart Failure,5,1,9,3,5.9,2.53,125,1
PAT-19002,78,Female,Emergency,Total Hip Arthroplasty,1,4,9,1,8.1,1.65,113,0
PAT-19003,61,Female,Emergency,Heart Failure,7,2,7,1,7.5,1.49,128,1
PAT-19004,73,Male,Emergency,Heart Failure,5,1,15,0,8.4,4.95,124,1
PAT-19005,54,Female,Elective,Pneumonia,6,1,5,1,7.8,1.49,142,1
PAT-19006,51,Male,Emergency,Heart Failure,3,1,7,0,7.5,0.56,167,0
PAT-19007,70,Male,Elective,Sepsis,8,0,6,0,6.6,1.04,122,0
PAT-19008,65,Female,Emergency,Total Hip Arthroplasty,3,1,11,0,7.4,2.2,145,0
PAT-19009,70,Female,Emergency,Pneumonia,5,5,7,0,6.8,0.97,122,1
PAT-19010,50,Male,Urgent,Pneumonia,5,1,9,1,7.2,0.59,116,0
PAT-19011,56,Male,Elective,COPD Exacerbation,7,1,4,1,5.5,0.61,147,1
PAT-19012,30,Female,Emergency,Type 2 Diabetes,1,1,7,0,9.1,1.22,146,0
PAT-19013,26,Female,Emergency,Type 2 Diabetes,3,3,12,0,6.7,0.6,103,0
PAT-19014,47,Female,Elective,Heart Failure,3,3,9,0,3.9,1.18,139,1
PAT-19015,29,Female,Emergency,Pneumonia,7,2,5,0,5.7,1.54,137,0
PAT-19016,32,Female,Emergency,COPD Exacerbation,3,2,5,4,6.7,0.55,139,1
PAT-19017,82,Female,Emergency,Total Hip Arthroplasty,2,3,8,0,8.4,0.94,132,1
PAT-19018,24,Female,Emergency,Acute Myocardial Infarction,3,3,5,2,7.9,0.67,112,1
PAT-19019,74,Female,Emergency,Acute Myocardial Infarction,6,6,7,0,7.9,0.78,131,1
PAT-19020,49,Female,Elective,Type 2 Diabetes,9,4,11,0,3.6,0.84,98,0
PAT-19021,85,Male,Emergency,Total Hip Arthroplasty,1,1,9,0,7.6,2.46,131,0
PAT-19022,64,Male,Emergency,Ischemic Stroke,4,1,8,3,8.0,1.24,129,1
PAT-19023,51,Male,Elective,Total Hip Arthroplasty,5,0,4,1,4.5,0.93,112,0
PAT-19024,66,Female,Elective,Heart Failure,2,1,9,1,6.0,0.68,122,0
PAT-19025,57,Male,Emergency,COPD Exacerbation,5,4,13,0,9.2,1.35,105,0
PAT-19026,69,Female,Urgent,COPD Exacerbation,4,0,11,1,7.3,1.19,155,1
PAT-19027,34,Male,Elective,Type 2 Diabetes,1,0,6,1,7.7,1.11,157,0
PAT-19028,91,Female,Emergency,Ischemic Stroke,8,2,5,1,5.6,0.9,140,1
PAT-19029,60,Female,Emergency,Type 2 Diabetes,3,3,11,1,9.4,2.12,156,1
PAT-19030,55,Male,Elective,Type 2 Diabetes,6,1,10,1,7.4,1.56,132,1
PAT-19031,77,Male,Emergency,Pneumonia,9,3,7,0,8.6,3.2,147,1
PAT-19032,56,Male,Emergency,Type 2 Diabetes,4,1,9,1,6.1,0.94,115,0
PAT-19033,84,Female,Elective,Total Hip Arthroplasty,3,5,9,1,6.2,1.36,145,0
PAT-19034,62,Female,Emergency,Pneumonia,7,0,6,1,7.7,0.65,126,0
PAT-19035,78,Female,Elective,Pneumonia,8,1,10,2,8.9,2.42,128,1
PAT-19036,33,Male,Emergency,COPD Exacerbation,6,1,11,1,7.8,1.13,137,0
PAT-19037,84,Male,Emergency,Heart Failure,7,2,7,0,6.2,3.03,133,0
PAT-19038,78,Male,Emergency,Acute Myocardial Infarction,8,0,7,0,5.8,2.25,121,0
PAT-19039,43,Female,Emergency,Acute Myocardial Infarction,2,0,13,0,7.0,3.45,131,0
PAT-19040,37,Male,Elective,Pneumonia,7,3,3,1,7.3,1.58,166,1
PAT-19041,52,Female,Elective,Ischemic Stroke,8,3,7,1,7.1,1.6,144,0
PAT-19042,90,Female,Emergency,COPD Exacerbation,5,1,9,0,6.0,0.62,124,0
PAT-19043,47,Female,Urgent,Acute Myocardial Infarction,4,1,9,0,5.7,0.52,127,0
PAT-19044,62,Female,Emergency,Total Hip Arthroplasty,4,3,12,0,7.0,0.78,155,1
PAT-19045,23,Female,Emergency,COPD Exacerbation,3,4,7,1,5.3,0.57,92,0
PAT-19046,58,Female,Emergency,Pneumonia,6,2,9,3,7.9,3.16,115,0
PAT-19047,69,Female,Emergency,Heart Failure,2,5,13,0,7.7,1.0,131,0
PAT-19048,89,Female,Elective,Acute Myocardial Infarction,4,3,8,0,8.5,0.71,114,0
PAT-19049,66,Female,Emergency,Ischemic Stroke,6,1,6,1,9.7,1.09,159,0
PAT-19050,83,Female,Emergency,Pneumonia,6,6,10,1,6.4,1.17,152,0
PAT-19051,68,Female,Emergency,Type 2 Diabetes,2,5,9,1,5.1,0.8,163,1
PAT-19052,24,Male,Elective,Pneumonia,7,2,13,1,6.3,2.23,131,0
PAT-19053,52,Male,Urgent,Acute Myocardial Infarction,4,5,7,3,6.7,0.63,182,1
PAT-19054,69,Female,Elective,Heart Failure,10,3,7,0,8.5,2.4,132,1
PAT-19055,89,Male,Emergency,Total Hip Arthroplasty,5,4,6,0,6.4,3.15,135,0
PAT-19056,85,Male,Emergency,Total Hip Arthroplasty,6,0,11,1,8.4,0.67,130,1
PAT-19057,45,Female,Emergency,COPD Exacerbation,4,6,9,1,6.4,0.51,142,1
PAT-19058,44,Female,Emergency,Heart Failure,3,2,7,2,7.5,1.53,159,0
PAT-19059,42,Male,Elective,Acute Myocardial Infarction,4,0,6,1,6.4,1.35,97,0
PAT-19060,88,Male,Emergency,Heart Failure,9,3,10,0,4.1,1.13,111,1
PAT-19061,84,Male,Emergency,Pneumonia,7,4,12,1,5.2,1.04,144,0
PAT-19062,81,Male,Emergency,Heart Failure,7,1,5,0,5.2,1.13,116,1
PAT-19063,58,Female,Emergency,COPD Exacerbation,5,4,12,1,6.4,0.75,119,1
PAT-19064,65,Female,Emergency,Type 2 Diabetes,4,0,4,1,9.1,1.07,150,0
PAT-19065,63,Female,Emergency,Sepsis,9,2,11,1,7.3,3.17,129,0
PAT-19066,47,Female,Emergency,Sepsis,6,2,8,0,6.3,0.83,112,0
PAT-19067,65,Female,Urgent,Ischemic Stroke,7,3,6,0,7.6,2.52,127,0
PAT-19068,23,Female,Emergency,Type 2 Diabetes,4,1,8,1,9.4,0.67,147,0
PAT-19069,36,Female,Elective,Heart Failure,5,4,5,0,3.6,1.32,142,0
PAT-19070,86,Female,Elective,Pneumonia,7,3,5,1,7.2,2.16,155,0
PAT-19071,79,Female,Elective,Heart Failure,7,1,3,1,5.3,0.76,150,0
PAT-19072,60,Female,Emergency,Heart Failure,5,3,11,2,9.0,1.27,109,1
PAT-19073,66,Female,Emergency,COPD Exacerbation,5,5,5,1,7.6,1.98,141,0
PAT-19074,56,Female,Elective,COPD Exacerbation,6,4,3,2,5.0,0.71,150,0
PAT-19075,79,Male,Emergency,Heart Failure,6,4,5,0,7.1,1.65,109,0
PAT-19076,81,Male,Emergency,Pneumonia,6,4,5,2,7.1,1.34,137,0
PAT-19077,80,Female,Emergency,COPD Exacerbation,7,3,8,2,8.8,0.82,116,1
PAT-19078,78,Female,Elective,Type 2 Diabetes,4,2,9,2,7.9,0.75,110,0
PAT-19079,43,Male,Urgent,Total Hip Arthroplasty,2,2,4,1,7.4,6.69,121,0
PAT-19080,54,Female,Emergency,Heart Failure,5,2,4,1,7.2,1.21,122,0
PAT-19081,63,Male,Emergency,Type 2 Diabetes,4,6,7,1,8.5,2.13,125,0
PAT-19082,53,Female,Elective,Heart Failure,3,4,12,2,8.5,1.78,135,0
PAT-19083,79,Male,Emergency,Heart Failure,7,4,5,0,6.2,1.38,116,0
PAT-19084,53,Male,Emergency,Total Hip Arthroplasty,6,1,12,0,7.9,4.42,125,0
PAT-19085,36,Male,Emergency,Type 2 Diabetes,1,5,4,0,5.9,0.66,159,0
PAT-19086,58,Female,Urgent,Acute Myocardial Infarction,3,2,7,1,8.5,3.53,102,0
PAT-19087,91,Male,Emergency,Pneumonia,13,3,9,2,8.0,1.44,126,1
PAT-19088,45,Male,Emergency,COPD Exacerbation,3,2,9,1,6.4,5.52,150,1
PAT-19089,72,Male,Emergency,Total Hip Arthroplasty,6,4,10,1,7.5,0.99,144,0
PAT-19090,60,Female,Elective,Sepsis,8,0,8,2,6.5,0.64,115,1
PAT-19091,28,Male,Urgent,Heart Failure,4,1,4,0,4.3,0.77,147,0
PAT-19092,64,Female,Emergency,Sepsis,8,3,8,0,9.0,1.02,118,1
PAT-19093,77,Female,Urgent,Pneumonia,8,4,6,2,5.1,2.12,175,1
PAT-19094,66,Male,Emergency,Type 2 Diabetes,1,4,10,2,5.1,0.79,96,0
PAT-19095,85,Female,Emergency,Acute Myocardial Infarction,6,3,10,1,7.6,3.59,133,1
PAT-19096,50,Male,Urgent,Ischemic Stroke,5,4,7,0,7.0,1.02,181,0
PAT-19097,30,Male,Emergency,Heart Failure,1,5,8,0,6.7,1.48,139,0
PAT-19098,89,Female,Emergency,Acute Myocardial Infarction,8,3,5,1,7.5,0.59,136,1
PAT-19099,57,Male,Emergency,Type 2 Diabetes,1,3,8,3,6.9,1.34,146,1
PAT-19100,70,Male,Elective,Pneumonia,11,2,10,1,5.6,2.11,149,1
PAT-19101,81,Female,Elective,Total Hip Arthroplasty,5,0,7,0,8.1,1.65,129,0
PAT-19102,53,Male,Urgent,COPD Exacerbation,2,1,7,0,8.1,1.7,140,0
PAT-19103,77,Female,Emergency,Heart Failure,8,2,8,0,7.3,1.48,128,1
PAT-19104,36,Female,Urgent,Pneumonia,4,0,16,0,6.7,6.44,117,0
PAT-19105,50,Female,Emergency,Sepsis,7,3,7,1,7.6,1.06,133,1
PAT-19106,37,Female,Elective,Pneumonia,1,3,11,0,7.3,1.24,103,0
PAT-19107,82,Female,Elective,Heart Failure,4,0,6,1,7.9,1.18,88,0
PAT-19108,44,Male,Emergency,Pneumonia,4,3,7,2,5.5,0.83,147,0
PAT-19109,77,Male,Emergency,Total Hip Arthroplasty,5,1,7,1,4.8,1.03,139,0
PAT-19110,89,Female,Emergency,COPD Exacerbation,8,2,14,2,8.2,1.33,124,1
PAT-19111,67,Female,Elective,Acute Myocardial Infarction,2,2,8,1,8.0,1.63,138,1
PAT-19112,67,Male,Emergency,Sepsis,9,4,11,0,7.1,0.99,113,1
PAT-19113,62,Female,Emergency,Heart Failure,1,2,5,2,7.7,1.12,126,1
PAT-19114,53,Female,Emergency,COPD Exacerbation,5,4,7,1,5.7,1.39,149,0
PAT-19115,63,Female,Emergency,Type 2 Diabetes,8,2,7,0,6.1,3.81,122,1
PAT-19116,71,Female,Elective,Heart Failure,2,3,7,3,7.7,1.45,143,1
PAT-19117,91,Female,Emergency,Type 2 Diabetes,3,3,16,2,6.0,1.18,130,1
PAT-19118,89,Male,Emergency,Sepsis,11,2,9,2,6.0,1.06,127,1
PAT-19119,85,Male,Elective,Heart Failure,8,2,11,2,2.7,9.94,148,1
PAT-19120,86,Female,Elective,Type 2 Diabetes,3,4,8,2,6.5,6.45,120,1
PAT-19121,63,Female,Emergency,Type 2 Diabetes,7,0,12,1,6.4,3.09,146,0
PAT-19122,74,Female,Emergency,Heart Failure,4,3,8,3,7.5,0.63,97,1
PAT-19123,87,Male,Urgent,Pneumonia,10,0,7,1,7.1,0.9,147,0
PAT-19124,58,Male,Emergency,Acute Myocardial Infarction,5,1,9,2,6.6,1.46,157,0
PAT-19125,90,Male,Urgent,Heart Failure,9,3,4,0,6.7,1.94,165,0
PAT-19126,59,Male,Emergency,Heart Failure,6,3,12,2,6.1,2.65,121,1
PAT-19127,71,Female,Emergency,Acute Myocardial Infarction,6,3,7,0,8.0,1.18,106,1
PAT-19128,77,Male,Emergency,COPD Exacerbation,7,2,9,1,7.4,3.1,177,1
PAT-19129,89,Female,Emergency,Acute Myocardial Infarction,8,1,4,1,5.5,3.18,122,1
PAT-19130,46,Female,Urgent,Type 2 Diabetes,3,1,8,2,7.4,0.6,137,0
PAT-19131,79,Male,Urgent,Sepsis,8,3,9,2,8.6,4.99,130,1
PAT-19132,66,Female,Urgent,Pneumonia,6,0,7,1,6.8,3.58,148,0
PAT-19133,48,Male,Elective,COPD Exacerbation,3,0,6,0,8.2,1.23,157,0
PAT-19134,81,Female,Elective,Heart Failure,5,2,9,0,8.6,0.8,152,1
PAT-19135,68,Male,Elective,Type 2 Diabetes,7,0,6,1,5.1,0.92,142,1
PAT-19136,74,Female,Elective,Acute Myocardial Infarction,6,5,5,0,7.9,0.75,123,1
PAT-19137,53,Female,Emergency,Type 2 Diabetes,5,1,12,1,6.4,3.23,124,0
PAT-19138,64,Male,Emergency,Heart Failure,7,5,5,2,7.2,1.62,120,0
PAT-19139,72,Male,Elective,COPD Exacerbation,7,2,6,1,6.1,0.99,145,0
PAT-19140,59,Male,Urgent,COPD Exacerbation,8,1,11,0,7.0,0.82,115,0
PAT-19141,42,Male,Elective,COPD Exacerbation,1,5,8,0,5.9,0.56,151,0
PAT-19142,90,Male,Elective,COPD Exacerbation,4,1,8,3,6.1,1.2,128,1
PAT-19143,66,Male,Emergency,Pneumonia,5,3,11,1,5.5,0.79,141,1
PAT-19144,78,Female,Elective,Pneumonia,4,1,9,1,7.7,0.51,141,0
PAT-19145,59,Female,Urgent,Total Hip Arthroplasty,3,5,6,1,8.6,0.85,129,0
PAT-19146,55,Female,Emergency,COPD Exacerbation,5,2,11,2,5.6,0.84,133,1
PAT-19147,59,Male,Urgent,COPD Exacerbation,9,2,3,0,9.5,1.51,92,0
PAT-19148,59,Female,Emergency,Type 2 Diabetes,5,2,9,0,6.2,1.0,112,1
PAT-19149,68,Male,Elective,Total Hip Arthroplasty,2,3,8,0,6.9,0.51,139,0
PAT-19150,68,Male,Urgent,Heart Failure,6,2,6,1,6.0,1.9,135,0
PAT-19151,65,Male,Emergency,COPD Exacerbation,1,1,8,0,8.3,1.52,123,0
PAT-19152,36,Female,Emergency,Pneumonia,5,1,6,0,7.4,0.54,129,1
PAT-19153,65,Female,Emergency,COPD Exacerbation,5,3,7,0,7.4,3.02,162,0
PAT-19154,39,Male,Emergency,Type 2 Diabetes,1,4,7,1,6.0,1.38,124,0
PAT-19155,35,Female,Emergency,Acute Myocardial Infarction,3,4,6,0,7.4,3.04,153,1
PAT-19156,88,Female,Emergency,Heart Failure,5,0,5,1,8.0,1.12,144,0
PAT-19157,71,Female,Urgent,Pneumonia,5,5,9,0,6.8,0.63,158,0
PAT-19158,74,Female,Emergency,Sepsis,11,3,9,0,7.5,0.8,105,1
PAT-19159,58,Female,Emergency,Type 2 Diabetes,6,3,6,2,7.0,2.02,128,1
PAT-19160,87,Male,Urgent,Heart Failure,7,2,12,1,8.2,5.1,149,1
PAT-19161,73,Female,Urgent,Pneumonia,6,4,9,1,4.9,0.79,145,1
PAT-19162,80,Male,Elective,Ischemic Stroke,6,0,12,0,6.2,0.96,96,0
PAT-19163,56,Female,Elective,Heart Failure,4,2,8,2,6.0,0.64,95,0
PAT-19164,90,Male,Emergency,Heart Failure,6,2,9,1,7.3,0.62,119,1
PAT-19165,83,Male,Emergency,COPD Exacerbation,4,3,3,0,4.5,1.63,152,0
PAT-19166,85,Female,Emergency,Type 2 Diabetes,7,1,13,1,5.0,1.16,137,1
PAT-19167,40,Female,Elective,Pneumonia,5,5,6,0,9.7,1.64,131,0
PAT-19168,49,Female,Emergency,Sepsis,10,5,7,0,6.5,1.35,135,0
PAT-19169,50,Male,Elective,Heart Failure,2,3,5,1,4.9,1.18,112,0
PAT-19170,49,Male,Emergency,Acute Myocardial Infarction,3,3,8,1,7.4,2.76,154,0
PAT-19171,85,Male,Emergency,Pneumonia,9,5,8,0,9.5,0.77,130,1
PAT-19172,23,Female,Emergency,Total Hip Arthroplasty,3,2,6,1,7.5,2.63,152,0
PAT-19173,29,Female,Elective,Ischemic Stroke,3,4,11,0,6.7,3.18,158,0
PAT-19174,49,Female,Emergency,Pneumonia,6,1,9,0,7.5,0.52,117,0
PAT-19175,42,Female,Emergency,COPD Exacerbation,5,2,10,1,8.0,1.41,107,0
PAT-19176,45,Male,Emergency,Acute Myocardial Infarction,2,3,7,2,6.6,1.57,116,0
PAT-19177,82,Female,Emergency,Type 2 Diabetes,5,2,5,1,6.8,2.71,117,1
PAT-19178,69,Male,Elective,Type 2 Diabetes,1,0,7,2,7.6,1.79,128,0
PAT-19179,19,Male,Emergency,Ischemic Stroke,3,0,8,0,7.3,3.4,151,0
PAT-19180,60,Male,Emergency,Pneumonia,7,1,10,1,3.4,0.8,131,0
PAT-19181,59,Female,Urgent,Heart Failure,5,0,10,1,8.1,1.51,118,0
PAT-19182,34,Male,Emergency,Sepsis,8,3,11,0,8.5,2.56,122,0
PAT-19183,75,Male,Emergency,COPD Exacerbation,5,3,5,0,7.1,1.36,136,0
PAT-19184,77,Male,Emergency,Heart Failure,7,0,10,1,8.3,0.76,129,1
PAT-19185,78,Male,Emergency,Heart Failure,7,1,5,3,6.4,2.41,123,1
PAT-19186,78,Male,Emergency,Type 2 Diabetes,6,4,9,1,6.9,1.5,134,0
PAT-19187,18,Male,Elective,Total Hip Arthroplasty,2,1,9,0,6.6,1.49,107,0
PAT-19188,89,Female,Elective,Total Hip Arthroplasty,3,6,9,1,7.2,2.23,115,0
PAT-19189,83,Male,Emergency,Type 2 Diabetes,4,1,10,1,5.6,0.72,126,0
PAT-19190,87,Male,Elective,Sepsis,8,6,16,1,8.3,4.4,163,1
PAT-19191,20,Male,Emergency,Pneumonia,4,1,6,0,8.4,2.13,89,0
PAT-19192,88,Male,Emergency,COPD Exacerbation,5,3,4,1,9.3,1.36,187,1
PAT-19193,82,Female,Elective,Type 2 Diabetes,8,8,12,1,7.7,1.59,161,1
PAT-19194,84,Male,Emergency,Pneumonia,5,1,10,3,6.9,0.79,134,1
PAT-19195,31,Male,Emergency,Type 2 Diabetes,5,2,6,0,7.3,0.51,87,0
PAT-19196,79,Female,Urgent,Heart Failure,5,1,17,1,7.9,1.76,183,0
PAT-19197,90,Female,Emergency,Heart Failure,6,4,5,1,7.1,3.26,116,1
PAT-19198,75,Male,Emergency,Type 2 Diabetes,5,2,9,1,8.7,1.67,132,1
PAT-19199,69,Female,Elective,Ischemic Stroke,4,4,8,0,8.6,1.0,136,0
PAT-19200,89,Female,Elective,Ischemic Stroke,6,4,6,1,4.1,2.36,133,0
PAT-19201,61,Female,Elective,Sepsis,6,2,5,2,6.9,0.61,140,0
PAT-19202,71,Male,Emergency,Type 2 Diabetes,3,5,8,0,6.7,4.93,139,0
PAT-19203,63,Female,Emergency,Pneumonia,4,1,10,0,5.0,1.15,120,0
PAT-19204,88,Female,Emergency,Pneumonia,10,5,4,0,8.2,2.33,114,0
PAT-19205,29,Male,Emergency,Pneumonia,4,0,7,1,7.2,3.0,112,0
PAT-19206,65,Male,Emergency,Heart Failure,1,1,5,1,6.6,1.06,147,0
PAT-19207,76,Male,Elective,COPD Exacerbation,5,2,2,3,6.6,2.43,108,1
PAT-19208,81,Female,Emergency,Heart Failure,8,0,6,0,7.7,1.02,115,0
PAT-19209,70,Male,Emergency,Sepsis,12,3,4,1,7.3,0.8,164,1
PAT-19210,87,Female,Emergency,Acute Myocardial Infarction,5,2,9,0,9.2,2.37,98,0
PAT-19211,89,Male,Urgent,Type 2 Diabetes,4,3,7,0,9.5,0.76,106,1
PAT-19212,28,Male,Urgent,COPD Exacerbation,3,2,9,2,5.1,0.92,170,0
PAT-19213,58,Female,Urgent,Type 2 Diabetes,4,6,9,1,7.1,1.18,133,0
PAT-19214,22,Female,Emergency,Type 2 Diabetes,1,4,4,1,6.5,1.07,132,0
PAT-19215,53,Female,Emergency,Type 2 Diabetes,3,4,10,0,7.5,0.89,92,0
PAT-19216,67,Male,Emergency,Sepsis,9,2,13,0,6.2,0.63,108,1
PAT-19217,87,Female,Elective,Type 2 Diabetes,5,2,6,2,9.4,0.86,155,0
PAT-19218,84,Male,Emergency,COPD Exacerbation,5,4,5,1,9.1,1.29,95,1
PAT-19219,35,Female,Emergency,Type 2 Diabetes,1,1,7,3,7.9,0.54,140,0
PAT-19220,31,Female,Emergency,Type 2 Diabetes,3,2,12,1,6.4,0.81,136,0
PAT-19221,70,Male,Emergency,Type 2 Diabetes,4,4,12,2,5.9,1.41,135,1
PAT-19222,67,Male,Emergency,COPD Exacerbation,5,4,8,0,8.8,1.36,152,1
PAT-19223,48,Male,Emergency,Pneumonia,3,1,10,1,5.5,2.9,123,0
PAT-19224,87,Female,Emergency,Acute Myocardial Infarction,7,4,6,0,7.5,0.92,165,0
PAT-19225,88,Female,Emergency,Type 2 Diabetes,3,3,6,2,6.9,0.87,156,1
PAT-19226,58,Female,Emergency,Heart Failure,8,2,8,0,5.8,1.02,132,0
PAT-19227,86,Female,Elective,Acute Myocardial Infarction,3,3,6,1,7.1,1.88,134,1
PAT-19228,57,Female,Emergency,Heart Failure,7,3,6,2,6.5,0.72,149,1
PAT-19229,79,Male,Elective,Type 2 Diabetes,1,3,13,2,6.9,0.65,138,1
PAT-19230,63,Female,Emergency,Type 2 Diabetes,1,0,6,1,5.4,0.85,125,0
PAT-19231,35,Female,Emergency,Acute Myocardial Infarction,2,1,9,1,4.8,1.47,152,0
PAT-19232,88,Female,Elective,COPD Exacerbation,1,1,1,4,8.7,0.54,123,0
PAT-19233,62,Male,Urgent,Heart Failure,7,2,9,0,7.2,2.38,123,0
PAT-19234,78,Male,Emergency,COPD Exacerbation,5,4,8,0,6.5,0.95,112,1
PAT-19235,56,Female,Emergency,Acute Myocardial Infarction,7,0,9,1,8.2,0.74,158,0
PAT-19236,21,Male,Emergency,Pneumonia,4,1,9,0,7.1,2.43,129,0
PAT-19237,32,Female,Emergency,Type 2 Diabetes,3,2,5,1,5.3,3.7,139,1
PAT-19238,65,Male,Emergency,Acute Myocardial Infarction,4,5,10,1,4.8,0.52,144,1
PAT-19239,76,Male,Emergency,COPD Exacerbation,4,4,9,0,6.7,1.76,111,0
PAT-19240,54,Male,Emergency,Heart Failure,4,3,6,0,7.5,0.99,122,0
PAT-19241,76,Female,Emergency,COPD Exacerbation,3,3,7,0,6.8,1.46,106,0
PAT-19242,76,Male,Elective,Pneumonia,7,2,7,2,4.8,1.46,145,0
PAT-19243,77,Male,Elective,Acute Myocardial Infarction,4,2,12,1,6.0,3.81,109,1
PAT-19244,64,Male,Emergency,Heart Failure,5,1,6,0,6.5,2.03,115,0
PAT-19245,88,Male,Urgent,Type 2 Diabetes,10,2,7,1,9.5,1.18,113,0
PAT-19246,64,Male,Elective,COPD Exacerbation,4,1,11,1,8.7,2.09,157,0
PAT-19247,62,Female,Emergency,Pneumonia,7,5,8,1,7.6,1.07,112,0
PAT-19248,42,Male,Emergency,Pneumonia,5,2,9,2,7.5,0.53,127,1
PAT-19249,51,Male,Elective,Acute Myocardial Infarction,6,1,4,1,7.5,0.73,118,0
PAT-19250,24,Male,Emergency,COPD Exacerbation,4,5,13,2,8.9,0.95,128,0
PAT-19251,73,Female,Urgent,Acute Myocardial Infarction,4,1,8,1,4.8,1.13,107,1
PAT-19252,47,Female,Emergency,Heart Failure,9,0,9,0,8.0,0.82,118,0
PAT-19253,51,Female,Emergency,Acute Myocardial Infarction,2,2,12,1,6.8,1.82,77,0
PAT-19254,80,Female,Urgent,Pneumonia,6,2,7,1,7.9,0.51,135,1
PAT-19255,53,Female,Urgent,Heart Failure,7,2,8,0,7.3,2.09,100,0
PAT-19256,46,Male,Emergency,Type 2 Diabetes,2,3,10,0,6.9,1.69,130,1
PAT-19257,39,Female,Elective,Heart Failure,6,2,9,3,7.1,1.25,94,1
PAT-19258,81,Female,Emergency,Pneumonia,6,3,7,1,7.1,2.9,150,0
PAT-19259,35,Female,Elective,Type 2 Diabetes,5,3,9,2,6.1,0.53,135,0
PAT-19260,62,Female,Urgent,Ischemic Stroke,9,3,7,0,6.9,0.56,140,0
PAT-19261,65,Male,Emergency,Sepsis,9,1,6,0,5.1,0.81,130,0
PAT-19262,76,Female,Emergency,Sepsis,7,1,10,0,6.3,1.09,113,0
PAT-19263,73,Female,Emergency,Pneumonia,6,0,7,0,6.7,2.0,140,0
PAT-19264,82,Male,Emergency,Sepsis,9,3,8,1,6.8,4.4,151,1
PAT-19265,25,Male,Emergency,Type 2 Diabetes,4,0,7,0,7.5,0.62,161,0
PAT-19266,51,Female,Elective,COPD Exacerbation,5,0,7,0,5.9,2.27,71,0
PAT-19267,49,Male,Emergency,Pneumonia,7,1,9,1,6.3,0.57,123,0
PAT-19268,37,Male,Emergency,Heart Failure,5,2,8,1,7.8,2.26,115,0
PAT-19269,50,Male,Elective,Heart Failure,6,3,14,1,8.9,0.95,122,1
PAT-19270,52,Female,Emergency,COPD Exacerbation,4,4,8,1,8.5,3.47,124,0
PAT-19271,66,Male,Emergency,Heart Failure,6,3,7,1,6.9,1.31,138,1
PAT-19272,75,Female,Emergency,Acute Myocardial Infarction,5,1,8,0,6.5,1.6,117,1
PAT-19273,57,Female,Emergency,Total Hip Arthroplasty,2,2,10,0,6.5,2.18,121,0
PAT-19274,78,Female,Emergency,Heart Failure,8,0,9,2,6.4,2.14,162,1
PAT-19275,54,Female,Elective,Pneumonia,8,4,8,2,7.9,0.96,135,1
PAT-19276,50,Male,Emergency,Acute Myocardial Infarction,6,1,10,1,6.2,0.96,134,0
PAT-19277,67,Male,Elective,Type 2 Diabetes,2,3,5,1,8.0,2.79,113,1
PAT-19278,22,Female,Elective,Total Hip Arthroplasty,2,1,4,1,7.2,1.32,147,0
PAT-19279,30,Female,Elective,Total Hip Arthroplasty,4,3,4,1,7.8,0.5,152,0
PAT-19280,59,Female,Emergency,Heart Failure,8,2,5,2,5.7,1.27,112,1
PAT-19281,89,Male,Emergency,Heart Failure,3,0,9,1,6.6,1.52,175,1
PAT-19282,78,Male,Urgent,Ischemic Stroke,7,3,11,1,5.9,0.68,141,1
PAT-19283,31,Male,Emergency,Ischemic Stroke,5,1,6,0,10.1,2.35,124,0
PAT-19284,84,Male,Emergency,Pneumonia,10,3,9,1,6.7,0.69,125,1
PAT-19285,78,Male,Elective,Heart Failure,1,0,8,1,5.5,0.94,116,0
PAT-19286,72,Male,Elective,COPD Exacerbation,3,5,9,1,5.8,0.58,123,1
PAT-19287,83,Female,Emergency,Type 2 Diabetes,7,2,8,2,6.2,2.66,116,1
PAT-19288,59,Male,Elective,Total Hip Arthroplasty,2,1,7,3,7.7,1.88,127,0
PAT-19289,44,Male,Emergency,Sepsis,5,7,6,2,7.1,1.73,173,1
PAT-19290,66,Male,Emergency,COPD Exacerbation,8,3,11,2,8.4,1.72,142,1
PAT-19291,68,Male,Elective,Type 2 Diabetes,1,1,10,1,7.9,2.14,110,0
PAT-19292,67,Male,Elective,Acute Myocardial Infarction,7,3,12,1,8.8,4.22,120,1
PAT-19293,69,Male,Urgent,Type 2 Diabetes,1,6,2,1,5.9,1.74,134,0
PAT-19294,89,Male,Emergency,Heart Failure,3,2,3,0,5.6,1.56,122,1
PAT-19295,87,Female,Elective,Pneumonia,7,3,8,0,7.8,1.46,132,0
PAT-19296,86,Female,Emergency,Pneumonia,5,0,2,1,9.3,0.57,112,0
PAT-19297,82,Male,Emergency,Acute Myocardial Infarction,6,5,9,0,8.1,2.48,129,1
PAT-19298,89,Female,Elective,Sepsis,13,4,10,0,7.1,2.32,127,1
PAT-19299,32,Male,Emergency,Type 2 Diabetes,2,2,7,0,7.0,4.58,159,0
PAT-19300,48,Male,Emergency,Pneumonia,9,6,12,1,4.5,1.82,147,1
PAT-19301,65,Male,Emergency,Pneumonia,7,2,7,2,7.7,1.73,129,1
PAT-19302,84,Male,Emergency,Type 2 Diabetes,7,4,10,1,5.1,0.59,137,1
PAT-19303,65,Female,Emergency,Acute Myocardial Infarction,1,2,10,1,10.3,0.71,146,1
PAT-19304,79,Male,Emergency,Pneumonia,8,4,10,1,8.7,2.14,123,1
PAT-19305,36,Male,Emergency,Total Hip Arthroplasty,3,4,7,1,9.7,1.88,132,0
PAT-19306,47,Female,Emergency,COPD Exacerbation,4,2,9,0,6.3,3.04,129,0
PAT-19307,78,Female,Elective,Type 2 Diabetes,8,4,10,3,5.7,0.55,169,1
PAT-19308,39,Male,Elective,Heart Failure,3,2,5,1,8.6,0.85,122,0
PAT-19309,55,Male,Emergency,Type 2 Diabetes,1,3,7,2,8.1,2.42,125,1
PAT-19310,48,Male,Emergency,Type 2 Diabetes,5,3,14,1,8.1,0.95,137,0
PAT-19311,55,Male,Elective,Pneumonia,3,1,8,1,8.7,0.71,127,0
PAT-19312,77,Female,Emergency,Heart Failure,6,1,10,2,8.5,0.94,142,1
PAT-19313,56,Female,Emergency,Ischemic Stroke,9,1,8,0,7.6,1.72,137,1
PAT-19314,68,Female,Elective,Heart Failure,6,1,7,0,7.4,0.92,129,0
PAT-19315,32,Male,Emergency,COPD Exacerbation,3,1,7,0,6.1,1.92,115,0
PAT-19316,82,Female,Emergency,Heart Failure,5,1,17,5,6.2,3.72,104,0
PAT-19317,56,Male,Emergency,Pneumonia,8,2,8,1,8.0,1.8,149,0
PAT-19318,74,Male,Emergency,Type 2 Diabetes,2,3,12,1,7.1,3.04,150,1
PAT-19319,78,Male,Emergency,Pneumonia,8,1,7,3,7.9,1.18,142,0
PAT-19320,43,Female,Elective,Pneumonia,10,1,5,4,9.6,3.36,147,1
PAT-19321,86,Male,Elective,COPD Exacerbation,7,2,6,1,8.2,1.9,149,1
PAT-19322,72,Female,Emergency,COPD Exacerbation,5,1,10,0,6.8,0.59,135,1
PAT-19323,60,Female,Urgent,COPD Exacerbation,4,2,13,0,5.8,0.75,116,0
PAT-19324,41,Female,Elective,Sepsis,7,0,11,0,6.6,1.07,142,0
PAT-19325,89,Male,Emergency,Total Hip Arthroplasty,3,1,6,0,5.7,1.2,145,0
PAT-19326,79,Female,Emergency,Acute Myocardial Infarction,5,5,7,0,6.4,1.56,128,0
PAT-19327,43,Male,Emergency,Heart Failure,6,6,3,3,4.7,1.93,129,1
PAT-19328,54,Female,Urgent,Ischemic Stroke,10,2,10,0,5.6,0.53,131,0
PAT-19329,82,Female,Emergency,Ischemic Stroke,4,2,6,0,7.4,0.78,124,0
PAT-19330,76,Female,Elective,Acute Myocardial Infarction,1,2,4,0,5.4,0.51,134,0
PAT-19331,80,Male,Emergency,Pneumonia,10,2,14,2,5.9,1.32,115,1
PAT-19332,61,Male,Emergency,Type 2 Diabetes,4,7,7,0,8.5,3.3,137,0
PAT-19333,77,Male,Emergency,Acute Myocardial Infarction,5,2,7,2,7.9,0.7,114,0
PAT-19334,57,Male,Elective,Total Hip Arthroplasty,4,3,5,0,6.4,0.53,109,0
PAT-19335,43,Male,Emergency,COPD Exacerbation,4,0,8,0,10.4,0.57,150,0
PAT-19336,73,Female,Emergency,COPD Exacerbation,9,1,11,1,7.6,1.24,108,1
PAT-19337,90,Male,Emergency,Heart Failure,7,2,14,1,6.0,3.31,145,0
PAT-19338,52,Male,Elective,Type 2 Diabetes,2,4,1,1,9.9,0.88,126,0
PAT-19339,62,Female,Elective,Acute Myocardial Infarction,4,2,10,0,8.3,0.65,98,0
PAT-19340,75,Male,Emergency,Heart Failure,5,5,8,1,11.1,1.03,120,1
PAT-19341,67,Male,Urgent,COPD Exacerbation,4,2,7,2,9.2,2.88,123,1
PAT-19342,84,Male,Emergency,Acute Myocardial Infarction,9,4,9,1,8.2,0.64,118,1
PAT-19343,80,Male,Emergency,Type 2 Diabetes,5,5,9,3,6.1,0.64,98,1
PAT-19344,27,Female,Emergency,Heart Failure,1,2,13,0,9.7,0.72,117,0
PAT-19345,91,Male,Emergency,Sepsis,11,2,9,0,4.3,0.54,133,0
PAT-19346,79,Female,Emergency,Heart Failure,9,2,3,1,4.2,0.76,146,0
PAT-19347,85,Male,Elective,Type 2 Diabetes,7,3,5,1,10.5,4.71,133,0
PAT-19348,74,Male,Elective,Acute Myocardial Infarction,3,2,4,0,5.5,2.19,156,0
PAT-19349,85,Male,Elective,Sepsis,7,1,12,2,5.5,2.03,138,1
PAT-19350,33,Female,Elective,Sepsis,10,4,6,0,5.4,1.77,141,1
PAT-19351,54,Female,Elective,COPD Exacerbation,1,4,7,1,6.1,2.76,113,0
PAT-19352,86,Female,Emergency,Pneumonia,8,5,4,1,8.3,0.61,130,1
PAT-19353,42,Female,Elective,Sepsis,7,3,7,0,7.3,0.93,115,0
PAT-19354,29,Male,Elective,COPD Exacerbation,6,2,9,0,7.3,1.84,135,1
PAT-19355,81,Male,Urgent,COPD Exacerbation,4,7,14,0,6.6,2.25,100,1
PAT-19356,84,Male,Emergency,Pneumonia,5,4,10,3,8.4,2.43,116,1
PAT-19357,39,Male,Emergency,Type 2 Diabetes,4,3,6,1,6.5,4.83,131,0
PAT-19358,85,Female,Elective,Pneumonia,9,3,4,0,10.1,1.41,131,1
PAT-19359,76,Female,Elective,Type 2 Diabetes,7,2,11,1,6.1,0.77,135,1
PAT-19360,66,Female,Emergency,Type 2 Diabetes,5,3,6,0,10.1,0.77,86,1
PAT-19361,83,Male,Emergency,Ischemic Stroke,8,6,4,1,7.6,1.47,120,1
PAT-19362,60,Male,Emergency,Type 2 Diabetes,6,2,12,2,9.8,1.84,137,0
PAT-19363,42,Male,Urgent,Type 2 Diabetes,1,2,8,1,9.4,1.45,128,0
PAT-19364,50,Female,Emergency,Type 2 Diabetes,2,3,9,1,6.6,1.89,148,0
PAT-19365,65,Female,Emergency,COPD Exacerbation,2,3,10,5,7.3,0.9,113,1
PAT-19366,67,Male,Emergency,Total Hip Arthroplasty,1,3,10,2,6.4,1.18,142,1
PAT-19367,82,Female,Emergency,Sepsis,11,2,7,0,6.8,1.02,128,1
PAT-19368,81,Male,Emergency,Sepsis,12,2,5,1,8.9,1.31,80,1
PAT-19369,70,Female,Elective,Sepsis,10,1,7,1,5.3,1.42,166,0
PAT-19370,81,Female,Urgent,Total Hip Arthroplasty,5,3,8,0,7.3,1.77,150,0
PAT-19371,42,Male,Emergency,Type 2 Diabetes,3,1,10,0,5.5,0.55,109,0
PAT-19372,26,Female,Elective,Pneumonia,5,2,9,0,7.5,2.11,162,0
PAT-19373,86,Male,Emergency,Pneumonia,10,2,7,1,7.3,2.91,119,0
PAT-19374,29,Male,Emergency,Pneumonia,8,2,10,1,7.4,3.05,146,0
PAT-19375,46,Male,Emergency,COPD Exacerbation,3,3,9,0,6.1,1.42,154,1
PAT-19376,76,Male,Emergency,Pneumonia,9,5,6,5,8.1,1.64,132,1
PAT-19377,59,Male,Elective,COPD Exacerbation,7,3,11,0,8.1,1.39,130,0
PAT-19378,86,Female,Emergency,Pneumonia,8,4,5,0,8.7,1.11,149,0
PAT-19379,51,Male,Urgent,Type 2 Diabetes,4,2,10,2,6.9,0.62,153,0
PAT-19380,20,Male,Elective,Type 2 Diabetes,3,1,8,1,8.9,0.7,185,0
PAT-19381,51,Female,Elective,Sepsis,5,1,9,0,6.5,0.75,137,0
PAT-19382,70,Male,Urgent,COPD Exacerbation,2,3,11,0,5.4,0.8,156,0
PAT-19383,57,Male,Urgent,Ischemic Stroke,8,1,10,0,7.6,2.1,148,1
PAT-19384,67,Male,Emergency,Sepsis,7,3,7,3,7.2,1.04,80,1
PAT-19385,86,Male,Emergency,Pneumonia,4,0,8,1,6.1,0.67,129,0
PAT-19386,87,Female,Emergency,Type 2 Diabetes,1,1,6,1,7.4,1.67,109,0
PAT-19387,48,Female,Elective,Acute Myocardial Infarction,3,1,7,3,5.4,0.92,110,0
PAT-19388,62,Female,Emergency,Acute Myocardial Infarction,5,0,10,0,7.3,1.66,113,0
PAT-19389,68,Female,Urgent,Pneumonia,7,2,8,0,8.2,0.6,137,0
PAT-19390,89,Male,Emergency,Type 2 Diabetes,7,0,19,1,6.9,0.52,117,0
PAT-19391,91,Male,Emergency,COPD Exacerbation,5,4,7,4,5.8,4.02,144,1
PAT-19392,46,Female,Emergency,Type 2 Diabetes,3,2,11,3,7.0,0.64,138,0
PAT-19393,78,Male,Elective,Total Hip Arthroplasty,5,4,11,1,8.5,0.51,142,1
PAT-19394,57,Male,Emergency,COPD Exacerbation,6,2,6,0,6.9,2.97,133,0
PAT-19395,19,Male,Emergency,Type 2 Diabetes,1,3,6,2,8.0,2.24,113,0
PAT-19396,19,Male,Emergency,Type 2 Diabetes,3,3,9,0,8.3,0.69,122,0
PAT-19397,62,Male,Emergency,Acute Myocardial Infarction,1,2,15,2,5.8,0.88,164,0
PAT-19398,64,Female,Emergency,Acute Myocardial Infarction,5,2,9,0,6.2,3.45,145,0
PAT-19399,21,Female,Emergency,COPD Exacerbation,2,3,10,1,9.0,2.17,145,0
PAT-19400,76,Male,Emergency,COPD Exacerbation,8,1,12,0,8.1,4.06,148,0
PAT-19401,50,Female,Emergency,COPD Exacerbation,2,2,9,0,6.7,2.72,133,0
PAT-19402,69,Male,Urgent,Type 2 Diabetes,4,3,5,0,8.3,0.71,144,0
PAT-19403,51,Male,Urgent,Total Hip Arthroplasty,2,5,6,0,9.1,1.67,103,0
PAT-19404,39,Male,Emergency,Pneumonia,4,4,5,0,5.6,4.03,126,0
PAT-19405,59,Female,Emergency,Heart Failure,6,2,7,1,6.5,0.72,151,0
PAT-19406,45,Female,Emergency,Type 2 Diabetes,2,0,5,2,6.3,0.63,135,0
PAT-19407,67,Female,Urgent,Heart Failure,9,2,5,1,6.9,1.44,137,1
PAT-19408,42,Female,Emergency,Type 2 Diabetes,1,1,9,1,8.8,4.03,116,0
PAT-19409,65,Female,Emergency,COPD Exacerbation,6,2,17,0,9.0,1.41,116,0
PAT-19410,38,Male,Emergency,Heart Failure,4,0,6,3,8.3,1.13,123,0
PAT-19411,75,Female,Emergency,Total Hip Arthroplasty,3,1,10,2,9.3,0.99,136,0
PAT-19412,79,Female,Emergency,COPD Exacerbation,6,3,9,2,4.5,2.71,134,1
PAT-19413,33,Female,Elective,Type 2 Diabetes,5,4,16,3,5.9,1.17,121,1
PAT-19414,63,Male,Emergency,Type 2 Diabetes,4,2,10,1,7.0,0.81,123,0
PAT-19415,28,Female,Emergency,Pneumonia,7,2,9,0,8.4,1.12,132,1
PAT-19416,71,Female,Emergency,Type 2 Diabetes,4,0,7,0,6.9,0.98,125,0
PAT-19417,48,Male,Elective,Heart Failure,3,0,8,1,7.5,1.08,145,0
PAT-19418,67,Female,Emergency,Heart Failure,5,4,10,0,5.9,0.64,174,1
PAT-19419,66,Male,Emergency,Type 2 Diabetes,6,2,11,0,7.7,1.39,134,0
PAT-19420,88,Male,Elective,Heart Failure,5,2,8,2,7.3,1.37,125,1
PAT-19421,68,Male,Urgent,Heart Failure,3,5,9,1,4.4,2.21,125,1
PAT-19422,70,Male,Emergency,Sepsis,10,1,5,1,4.7,0.5,124,0
PAT-19423,58,Female,Emergency,Type 2 Diabetes,4,5,11,2,7.6,0.54,111,1
PAT-19424,89,Female,Emergency,Pneumonia,6,1,12,3,5.8,2.02,164,0
PAT-19425,81,Female,Urgent,Heart Failure,5,4,10,3,8.0,0.99,134,1
PAT-19426,50,Female,Emergency,Heart Failure,4,1,9,1,9.9,0.6,142,0
PAT-19427,84,Female,Emergency,Acute Myocardial Infarction,5,6,8,0,8.8,1.91,107,1
PAT-19428,60,Female,Emergency,Heart Failure,6,1,4,0,8.2,2.8,153,0
PAT-19429,83,Male,Emergency,Heart Failure,5,3,12,1,10.5,1.26,145,1
PAT-19430,83,Male,Emergency,COPD Exacerbation,7,3,7,2,8.0,1.03,135,0
PAT-19431,41,Female,Urgent,Heart Failure,3,3,11,1,6.9,0.68,152,1
PAT-19432,77,Female,Emergency,Pneumonia,10,3,8,0,6.5,0.67,147,0
PAT-19433,50,Female,Urgent,Type 2 Diabetes,7,0,9,1,7.7,1.7,121,1
PAT-19434,51,Female,Emergency,Type 2 Diabetes,2,0,7,0,6.2,0.95,99,0
PAT-19435,51,Male,Urgent,Heart Failure,2,4,9,2,9.1,3.27,134,0
PAT-19436,78,Female,Elective,Ischemic Stroke,9,2,8,1,7.9,0.56,141,1
PAT-19437,45,Female,Emergency,Pneumonia,6,2,4,0,9.2,0.56,131,1
PAT-19438,18,Male,Elective,COPD Exacerbation,4,7,7,2,8.4,4.77,120,1
PAT-19439,77,Male,Emergency,COPD Exacerbation,4,5,9,1,7.0,3.89,131,1
PAT-19440,40,Female,Emergency,Sepsis,8,3,6,0,8.1,0.72,130,0
PAT-19441,33,Male,Emergency,COPD Exacerbation,3,6,9,1,7.1,2.68,133,0
PAT-19442,46,Female,Emergency,Acute Myocardial Infarction,4,4,4,1,5.5,2.85,171,0
PAT-19443,57,Female,Elective,Pneumonia,3,2,14,2,7.5,3.34,144,0
PAT-19444,63,Female,Elective,Type 2 Diabetes,4,4,9,0,8.5,0.68,155,0
PAT-19445,25,Female,Emergency,Sepsis,5,5,6,2,8.4,0.56,145,0
PAT-19446,90,Male,Urgent,Sepsis,9,0,5,1,9.2,0.6,164,1
PAT-19447,77,Male,Urgent,Heart Failure,6,1,9,2,5.8,3.16,134,1
PAT-19448,53,Female,Emergency,COPD Exacerbation,6,2,7,0,7.7,2.25,147,0
PAT-19449,52,Female,Emergency,Acute Myocardial Infarction,5,2,4,0,4.5,1.02,109,1
PAT-19450,62,Female,Emergency,Heart Failure,7,1,12,1,7.6,2.68,138,1
PAT-19451,72,Male,Elective,Total Hip Arthroplasty,1,1,8,1,7.8,3.17,120,0
PAT-19452,37,Female,Emergency,Pneumonia,8,2,12,3,5.3,1.3,129,1
PAT-19453,41,Female,Emergency,COPD Exacerbation,3,3,9,0,4.8,0.76,153,0
PAT-19454,85,Male,Elective,Heart Failure,5,2,9,0,7.7,4.02,146,1
PAT-19455,47,Female,Elective,Type 2 Diabetes,4,4,6,2,6.0,0.66,148,0
PAT-19456,57,Female,Emergency,Heart Failure,4,0,11,0,6.4,2.03,95,0
PAT-19457,85,Female,Urgent,Type 2 Diabetes,5,0,8,1,6.7,1.85,154,0
PAT-19458,75,Female,Elective,Pneumonia,8,3,5,1,6.3,0.53,108,1
PAT-19459,54,Female,Emergency,Sepsis,7,4,11,1,7.5,1.6,142,1
PAT-19460,76,Female,Elective,COPD Exacerbation,5,2,6,1,8.2,2.17,105,0
PAT-19461,21,Male,Emergency,Type 2 Diabetes,2,1,6,1,5.2,0.74,106,0
PAT-19462,78,Male,Emergency,Heart Failure,8,3,7,3,7.0,1.66,128,1
PAT-19463,64,Male,Emergency,COPD Exacerbation,4,2,11,1,10.9,0.62,109,0
PAT-19464,82,Male,Emergency,Pneumonia,6,3,6,1,8.1,1.86,136,1
PAT-19465,89,Female,Emergency,Ischemic Stroke,6,1,5,2,8.2,4.83,136,1
PAT-19466,88,Male,Emergency,Acute Myocardial Infarction,4,1,11,4,6.5,2.04,117,1
PAT-19467,87,Female,Elective,Sepsis,7,0,11,0,7.8,0.75,108,0
PAT-19468,66,Female,Elective,Heart Failure,4,3,7,2,8.8,1.51,120,1
PAT-19469,55,Female,Emergency,Acute Myocardial Infarction,7,1,11,0,8.0,1.38,147,0
PAT-19470,63,Female,Emergency,Heart Failure,7,4,10,1,7.6,0.64,139,0
PAT-19471,76,Male,Elective,COPD Exacerbation,8,3,11,4,6.6,1.51,139,1
PAT-19472,86,Female,Emergency,Pneumonia,5,0,11,1,6.5,1.38,147,1
PAT-19473,43,Female,Emergency,COPD Exacerbation,1,4,9,2,6.4,0.63,122,1
PAT-19474,88,Female,Emergency,Heart Failure,7,1,4,1,4.7,0.9,100,0
PAT-19475,83,Female,Elective,Pneumonia,11,4,10,1,8.3,2.44,104,1
PAT-19476,91,Female,Elective,Heart Failure,5,6,7,0,9.3,2.18,109,1
PAT-19477,86,Female,Elective,Heart Failure,6,2,5,0,6.1,0.55,132,0
PAT-19478,49,Female,Emergency,COPD Exacerbation,1,5,6,0,6.4,1.18,129,0
PAT-19479,33,Male,Elective,Ischemic Stroke,6,2,7,1,6.3,3.89,152,0
PAT-19480,33,Female,Emergency,Acute Myocardial Infarction,3,1,9,0,7.9,2.01,119,0
PAT-19481,50,Female,Emergency,Pneumonia,1,3,15,0,4.8,0.65,128,0
PAT-19482,72,Male,Emergency,Heart Failure,4,3,6,1,8.1,2.85,118,1
PAT-19483,82,Male,Elective,Heart Failure,4,2,12,0,4.9,0.6,126,0
PAT-19484,87,Female,Emergency,Heart Failure,3,3,8,1,7.5,1.16,130,0
PAT-19485,72,Female,Emergency,Ischemic Stroke,6,2,9,1,10.2,2.19,150,1
PAT-19486,19,Male,Elective,Pneumonia,5,0,6,2,7.7,1.07,149,1
PAT-19487,41,Female,Elective,Sepsis,7,0,5,1,8.8,1.21,120,0
PAT-19488,32,Female,Elective,Acute Myocardial Infarction,6,1,8,2,6.4,1.87,107,0
PAT-19489,56,Female,Emergency,COPD Exacerbation,4,3,7,1,7.1,0.71,113,0
PAT-19490,65,Male,Elective,Ischemic Stroke,8,2,6,2,7.9,2.12,104,0
PAT-19491,25,Male,Elective,Type 2 Diabetes,3,1,6,1,5.7,1.3,151,0
PAT-19492,55,Male,Emergency,Pneumonia,9,2,4,2,6.8,0.99,157,1
PAT-19493,40,Female,Emergency,Sepsis,6,1,11,0,5.8,0.6,130,0
PAT-19494,74,Female,Emergency,COPD Exacerbation,6,1,6,2,7.1,1.23,133,1
PAT-19495,63,Female,Emergency,Type 2 Diabetes,2,1,14,2,5.0,5.45,116,0
PAT-19496,65,Male,Emergency,Type 2 Diabetes,7,2,10,0,5.4,1.05,126,0
PAT-19497,60,Male,Emergency,Acute Myocardial Infarction,2,4,10,2,6.4,1.42,125,0
PAT-19498,89,Female,Emergency,Heart Failure,7,1,5,0,8.0,1.39,147,0
PAT-19499,44,Male,Emergency,Total Hip Arthroplasty,5,4,9,0,8.4,1.56,124,0
PAT-19500,66,Female,Elective,Heart Failure,3,1,6,2,8.4,0.5,131,1
PAT-19501,78,Female,Emergency,COPD Exacerbation,7,3,4,3,6.9,0.79,135,1
PAT-19502,68,Male,Emergency,COPD Exacerbation,3,1,10,1,6.6,1.86,157,1
PAT-19503,88,Female,Elective,COPD Exacerbation,11,1,9,0,5.8,1.54,102,0
PAT-19504,57,Female,Emergency,Pneumonia,2,7,3,2,7.8,0.7,101,0
PAT-19505,63,Female,Emergency,Sepsis,6,4,6,0,5.5,0.8,129,1
PAT-19506,31,Male,Emergency,COPD Exacerbation,1,4,7,1,9.2,1.33,126,0
PAT-19507,71,Male,Elective,Sepsis,7,1,13,0,6.9,1.56,126,0
PAT-19508,50,Male,Urgent,Heart Failure,6,2,7,0,5.2,0.78,117,0
PAT-19509,39,Male,Elective,Heart Failure,8,4,9,2,7.0,0.59,132,1
PAT-19510,68,Male,Elective,Heart Failure,8,5,7,0,6.5,2.61,158,1
PAT-19511,67,Female,Emergency,Heart Failure,6,2,10,1,5.3,0.69,158,1
PAT-19512,29,Male,Urgent,COPD Exacerbation,4,0,9,1,9.5,0.66,151,0
PAT-19513,76,Male,Urgent,Pneumonia,5,3,10,0,7.6,1.74,142,1
PAT-19514,72,Male,Emergency,Acute Myocardial Infarction,6,2,10,1,5.8,0.88,123,0
PAT-19515,41,Male,Elective,Heart Failure,4,1,11,1,5.6,0.62,137,0
PAT-19516,63,Male,Emergency,Type 2 Diabetes,4,3,13,2,7.8,3.52,124,1
PAT-19517,78,Female,Emergency,Total Hip Arthroplasty,2,2,4,3,8.5,0.72,149,1
PAT-19518,67,Female,Elective,Total Hip Arthroplasty,1,4,13,0,8.3,1.7,122,0
PAT-19519,58,Male,Elective,Total Hip Arthroplasty,3,4,8,0,8.1,1.19,158,0
PAT-19520,53,Male,Emergency,Sepsis,8,2,9,0,7.4,0.59,132,0
PAT-19521,72,Male,Elective,Acute Myocardial Infarction,4,2,8,1,9.2,0.78,129,0
PAT-19522,89,Female,Elective,Total Hip Arthroplasty,3,2,6,0,8.4,1.34,102,0
PAT-19523,75,Female,Elective,Acute Myocardial Infarction,6,2,8,3,7.3,0.77,109,1
PAT-19524,29,Male,Emergency,Ischemic Stroke,6,1,10,0,7.5,1.09,158,0
PAT-19525,62,Male,Emergency,Heart Failure,9,2,3,2,4.9,0.93,119,1
PAT-19526,86,Male,Urgent,Total Hip Arthroplasty,7,3,8,0,6.3,2.39,153,1
PAT-19527,31,Female,Emergency,COPD Exacerbation,1,2,15,1,5.2,2.94,123,0
PAT-19528,91,Male,Urgent,Heart Failure,6,2,3,1,7.3,1.16,130,0
PAT-19529,89,Male,Elective,Type 2 Diabetes,2,2,6,2,4.5,1.86,121,0
PAT-19530,29,Male,Elective,Sepsis,4,3,9,0,8.8,0.78,146,1
PAT-19531,88,Female,Emergency,Pneumonia,12,2,7,1,10.6,1.21,138,0
PAT-19532,56,Female,Emergency,Ischemic Stroke,10,0,10,1,6.9,0.7,138,0
PAT-19533,84,Male,Elective,Heart Failure,5,4,2,0,6.3,0.99,139,0
PAT-19534,60,Female,Emergency,Pneumonia,8,1,12,1,6.1,0.59,124,0
PAT-19535,61,Female,Elective,Type 2 Diabetes,7,1,8,2,4.5,1.25,137,0
PAT-19536,73,Female,Elective,Pneumonia,3,0,7,1,8.0,0.91,98,0
PAT-19537,81,Male,Emergency,COPD Exacerbation,7,0,8,3,7.0,0.61,117,1
PAT-19538,23,Female,Elective,COPD Exacerbation,2,2,6,2,7.6,2.3,174,0
PAT-19539,71,Female,Emergency,Heart Failure,6,2,10,0,7.2,2.07,164,1
PAT-19540,41,Male,Emergency,Heart Failure,10,3,7,2,7.1,1.95,134,0
PAT-19541,54,Male,Emergency,Heart Failure,8,0,9,1,5.0,3.84,134,1
PAT-19542,55,Female,Urgent,Sepsis,8,4,6,1,7.8,2.35,138,1
PAT-19543,63,Female,Emergency,Type 2 Diabetes,7,1,9,0,9.5,1.66,126,0
PAT-19544,53,Male,Emergency,Type 2 Diabetes,1,2,14,0,6.5,0.78,117,0
PAT-19545,33,Female,Emergency,Pneumonia,6,3,7,2,6.0,0.59,121,1
PAT-19546,37,Male,Emergency,Sepsis,9,0,12,2,8.9,0.51,123,0
PAT-19547,23,Female,Emergency,Heart Failure,5,3,5,0,5.4,0.6,125,0
PAT-19548,63,Male,Emergency,Heart Failure,4,1,10,0,8.0,0.51,143,0
PAT-19549,89,Male,Elective,Acute Myocardial Infarction,6,3,1,1,8.7,0.6,148,1
PAT-19550,34,Male,Emergency,Ischemic Stroke,7,3,8,0,8.6,1.43,136,1
PAT-19551,89,Female,Elective,COPD Exacerbation,1,4,9,0,5.0,0.57,135,0
PAT-19552,78,Male,Emergency,Type 2 Diabetes,4,3,6,0,7.2,0.93,136,1
PAT-19553,73,Female,Urgent,Pneumonia,5,2,3,1,6.4,2.85,111,1
PAT-19554,74,Male,Emergency,Ischemic Stroke,9,1,11,1,5.2,3.84,167,1
PAT-19555,83,Female,Elective,Pneumonia,10,0,11,1,7.2,1.87,162,0
PAT-19556,33,Male,Elective,Type 2 Diabetes,1,2,12,0,8.0,2.2,127,0
PAT-19557,65,Female,Elective,Pneumonia,4,4,12,0,7.5,1.52,131,1
PAT-19558,76,Male,Elective,Ischemic Stroke,8,2,7,0,10.6,3.52,127,1
PAT-19559,70,Female,Emergency,Acute Myocardial Infarction,2,1,6,1,10.0,1.43,134,0
PAT-19560,83,Female,Elective,Acute Myocardial Infarction,5,2,7,3,7.2,1.85,139,1
PAT-19561,29,Female,Emergency,Type 2 Diabetes,2,3,8,0,7.0,1.2,121,0
PAT-19562,76,Female,Elective,COPD Exacerbation,7,1,9,2,6.9,0.75,128,1
PAT-19563,67,Female,Urgent,Type 2 Diabetes,5,2,6,3,8.8,1.88,136,1
PAT-19564,57,Female,Urgent,Type 2 Diabetes,4,0,11,1,4.8,0.8,122,0
PAT-19565,54,Male,Emergency,Total Hip Arthroplasty,6,3,5,3,7.4,0.64,139,0
PAT-19566,72,Female,Emergency,Pneumonia,7,5,11,0,4.3,2.59,135,1
PAT-19567,86,Male,Emergency,Type 2 Diabetes,4,2,9,2,7.5,1.19,117,0
PAT-19568,65,Female,Emergency,Total Hip Arthroplasty,3,2,12,0,7.3,0.82,145,0
PAT-19569,83,Male,Emergency,Heart Failure,4,2,4,1,9.3,1.54,75,1
PAT-19570,58,Female,Emergency,Acute Myocardial Infarction,2,3,12,2,7.6,3.15,129,0
PAT-19571,32,Male,Urgent,COPD Exacerbation,1,1,10,0,8.0,0.84,165,0
PAT-19572,27,Male,Emergency,Total Hip Arthroplasty,4,3,8,1,9.0,3.06,132,0
PAT-19573,26,Female,Elective,Sepsis,6,5,6,0,7.9,0.96,155,1
PAT-19574,57,Male,Emergency,Acute Myocardial Infarction,5,3,7,0,6.8,0.83,100,0
PAT-19575,54,Female,Elective,Type 2 Diabetes,3,1,8,0,5.3,0.58,166,0
PAT-19576,78,Male,Urgent,Pneumonia,7,1,4,1,6.2,2.6,127,0
PAT-19577,79,Female,Elective,Ischemic Stroke,10,3,5,0,9.6,0.78,129,1
PAT-19578,26,Female,Emergency,Heart Failure,4,3,15,0,6.5,0.83,95,0
PAT-19579,44,Female,Emergency,Sepsis,6,4,4,1,6.4,2.18,115,1
PAT-19580,49,Male,Urgent,Type 2 Diabetes,2,0,6,0,8.7,2.85,124,0
PAT-19581,68,Female,Emergency,Heart Failure,7,4,10,0,6.7,3.49,107,1
PAT-19582,37,Male,Elective,Type 2 Diabetes,4,1,6,1,3.9,1.67,134,0
PAT-19583,36,Female,Emergency,Heart Failure,6,1,8,2,4.7,2.93,140,1
PAT-19584,89,Female,Emergency,Ischemic Stroke,7,2,9,1,6.1,1.09,123,0
PAT-19585,82,Male,Urgent,Sepsis,7,3,8,1,8.3,2.69,109,1
PAT-19586,41,Male,Emergency,Pneumonia,6,4,8,1,7.9,2.93,125,0
PAT-19587,59,Male,Emergency,Acute Myocardial Infarction,5,1,15,0,6.4,1.52,143,0
PAT-19588,55,Male,Emergency,COPD Exacerbation,5,7,10,0,7.2,1.1,114,0
PAT-19589,81,Male,Urgent,Sepsis,7,2,10,0,7.6,0.59,137,1
PAT-19590,66,Male,Emergency,Sepsis,8,3,9,0,4.2,3.02,152,1
PAT-19591,35,Female,Elective,Type 2 Diabetes,1,2,5,0,4.5,2.61,134,0
PAT-19592,79,Female,Emergency,Pneumonia,8,1,8,0,7.2,1.07,154,1
PAT-19593,58,Female,Elective,COPD Exacerbation,6,1,9,3,7.0,1.04,125,0
PAT-19594,48,Female,Urgent,Ischemic Stroke,6,1,12,0,8.2,0.99,123,0
PAT-19595,57,Female,Emergency,Acute Myocardial Infarction,6,5,6,0,3.9,0.67,137,1
PAT-19596,65,Male,Emergency,Total Hip Arthroplasty,6,1,10,0,7.6,2.31,142,0
PAT-19597,54,Female,Emergency,Sepsis,9,1,10,2,5.7,1.08,93,1
PAT-19598,46,Male,Elective,COPD Exacerbation,6,1,11,1,7.5,0.96,97,0
PAT-19599,58,Male,Emergency,Total Hip Arthroplasty,2,1,10,0,5.4,2.03,141,0
PAT-19600,21,Female,Emergency,Type 2 Diabetes,1,2,7,1,8.6,3.6,166,0
PAT-19601,80,Female,Emergency,Type 2 Diabetes,7,2,6,1,8.4,1.08,105,1
PAT-19602,40,Male,Emergency,Sepsis,6,2,5,0,6.4,1.76,128,0
PAT-19603,25,Male,Emergency,Heart Failure,5,3,11,0,4.5,0.61,139,0
PAT-19604,74,Male,Elective,Type 2 Diabetes,8,6,8,1,8.6,2.86,121,1
PAT-19605,80,Female,Urgent,COPD Exacerbation,7,4,6,3,7.4,3.64,128,1
PAT-19606,83,Male,Emergency,Pneumonia,7,2,7,0,10.1,0.65,129,0
PAT-19607,64,Female,Elective,Ischemic Stroke,4,1,7,0,7.6,1.53,121,0
PAT-19608,43,Male,Elective,Ischemic Stroke,6,3,8,0,9.0,1.22,136,1
PAT-19609,79,Male,Elective,Pneumonia,9,1,10,3,7.7,1.65,166,1
PAT-19610,77,Female,Emergency,COPD Exacerbation,5,4,5,0,4.0,0.68,122,1
PAT-19611,46,Female,Emergency,Acute Myocardial Infarction,6,2,14,1,5.9,1.92,119,0
PAT-19612,87,Female,Elective,Pneumonia,8,1,10,0,5.3,0.98,115,0
PAT-19613,32,Female,Elective,Heart Failure,5,2,10,0,4.5,1.56,85,1
PAT-19614,91,Male,Emergency,Acute Myocardial Infarction,5,2,6,0,7.4,1.41,115,0
PAT-19615,85,Female,Emergency,Acute Myocardial Infarction,2,6,11,3,7.3,2.92,138,0
PAT-19616,76,Male,Emergency,Type 2 Diabetes,3,1,16,1,5.6,1.21,118,0
PAT-19617,89,Female,Emergency,Sepsis,9,3,5,0,7.6,3.83,128,1
PAT-19618,78,Male,Emergency,COPD Exacerbation,7,1,8,1,5.3,0.53,99,0
PAT-19619,41,Male,Emergency,Type 2 Diabetes,3,1,11,2,8.5,0.98,116,1
PAT-19620,61,Male,Emergency,COPD Exacerbation,7,3,8,1,9.5,1.29,143,0
PAT-19621,28,Male,Elective,Type 2 Diabetes,3,4,13,0,9.6,0.54,102,0
PAT-19622,58,Female,Emergency,Type 2 Diabetes,3,2,9,1,7.5,1.78,130,0
PAT-19623,79,Male,Emergency,Sepsis,8,2,13,0,6.3,0.8,110,1
PAT-19624,57,Female,Emergency,Total Hip Arthroplasty,2,2,10,0,6.5,0.51,121,0
PAT-19625,53,Female,Emergency,Type 2 Diabetes,4,3,6,2,6.6,1.02,128,1
PAT-19626,71,Female,Emergency,Total Hip Arthroplasty,3,3,9,1,9.5,1.15,137,1
PAT-19627,85,Male,Elective,Type 2 Diabetes,3,1,11,0,8.2,4.3,131,1
PAT-19628,25,Male,Emergency,Heart Failure,6,1,4,0,5.4,0.66,170,0
PAT-19629,57,Male,Urgent,Heart Failure,5,2,8,0,9.1,0.84,157,1
PAT-19630,38,Female,Urgent,Type 2 Diabetes,3,1,9,0,6.4,4.3,128,0
PAT-19631,76,Female,Elective,Pneumonia,5,0,2,2,7.4,2.07,123,0
PAT-19632,33,Male,Elective,Total Hip Arthroplasty,1,0,6,1,8.7,0.94,101,0
PAT-19633,75,Female,Elective,Type 2 Diabetes,4,3,13,3,7.1,1.24,163,1
PAT-19634,50,Female,Emergency,Type 2 Diabetes,1,1,5,0,6.3,2.87,153,0
PAT-19635,42,Male,Urgent,Acute Myocardial Infarction,5,1,5,1,6.4,2.31,126,0
PAT-19636,89,Female,Emergency,Type 2 Diabetes,3,2,1,0,5.8,1.05,140,1
PAT-19637,21,Female,Emergency,Acute Myocardial Infarction,2,5,7,0,6.1,0.6,154,0
PAT-19638,61,Female,Emergency,Pneumonia,7,1,7,0,6.8,0.67,160,0
PAT-19639,21,Female,Elective,Heart Failure,3,1,12,0,7.0,1.29,120,0
PAT-19640,64,Female,Emergency,Acute Myocardial Infarction,2,2,9,1,8.1,1.98,111,0
PAT-19641,65,Male,Urgent,Heart Failure,8,1,8,0,7.1,1.14,147,1
PAT-19642,53,Male,Emergency,Type 2 Diabetes,1,1,9,1,6.5,1.64,146,1
PAT-19643,36,Female,Elective,Type 2 Diabetes,1,4,2,1,7.9,1.69,134,0
PAT-19644,57,Male,Emergency,Pneumonia,8,0,11,2,7.3,1.44,126,0
PAT-19645,75,Male,Emergency,Acute Myocardial Infarction,2,6,5,2,8.7,1.3,129,1
PAT-19646,81,Female,Emergency,Pneumonia,9,1,3,2,8.1,0.79,157,0
PAT-19647,67,Male,Emergency,COPD Exacerbation,6,1,5,2,3.9,0.67,145,1
PAT-19648,70,Male,Emergency,COPD Exacerbation,6,3,15,1,7.2,3.1,97,0
PAT-19649,42,Female,Urgent,Type 2 Diabetes,2,1,12,0,8.3,1.08,137,0
PAT-19650,50,Female,Emergency,Total Hip Arthroplasty,1,4,4,1,6.9,2.24,120,0
PAT-19651,39,Female,Elective,Ischemic Stroke,5,1,12,0,7.7,0.89,137,1
PAT-19652,47,Male,Emergency,COPD Exacerbation,3,2,5,0,5.5,1.48,136,0
PAT-19653,45,Female,Emergency,Heart Failure,7,1,9,2,7.8,0.68,104,0
PAT-19654,66,Male,Emergency,Pneumonia,5,5,5,0,9.0,1.23,109,1
PAT-19655,69,Male,Emergency,Heart Failure,6,3,6,1,5.8,0.99,127,0
PAT-19656,89,Female,Urgent,Pneumonia,9,4,3,0,7.5,0.87,162,0
PAT-19657,42,Male,Elective,Heart Failure,3,3,9,1,5.9,0.66,108,0
PAT-19658,73,Male,Emergency,Acute Myocardial Infarction,6,1,8,2,7.4,2.62,143,1
PAT-19659,83,Female,Elective,Heart Failure,4,2,7,2,4.8,5.21,151,1
PAT-19660,69,Male,Emergency,Ischemic Stroke,7,5,5,0,6.3,2.01,91,1
PAT-19661,47,Female,Elective,Heart Failure,4,2,8,1,8.2,2.2,137,1
PAT-19662,48,Female,Elective,COPD Exacerbation,3,4,4,0,6.4,0.86,170,0
PAT-19663,24,Female,Elective,Total Hip Arthroplasty,2,3,8,1,7.1,1.69,150,0
PAT-19664,51,Male,Emergency,Type 2 Diabetes,1,3,8,1,8.7,0.57,160,0
PAT-19665,79,Male,Emergency,Total Hip Arthroplasty,6,6,6,1,7.5,1.61,155,1
PAT-19666,25,Female,Emergency,Pneumonia,2,1,8,2,8.0,2.11,97,0
PAT-19667,44,Female,Urgent,Ischemic Stroke,4,4,8,0,5.4,0.55,130,0
PAT-19668,77,Female,Urgent,Ischemic Stroke,7,1,14,0,6.8,0.82,132,0
PAT-19669,81,Male,Emergency,Heart Failure,5,1,8,1,6.6,1.44,138,1
PAT-19670,62,Male,Elective,Sepsis,9,4,6,1,7.4,1.03,116,1
PAT-19671,76,Male,Urgent,Heart Failure,6,1,9,2,7.2,1.37,124,1
PAT-19672,57,Male,Emergency,Type 2 Diabetes,1,2,13,1,7.0,1.73,147,0
PAT-19673,38,Male,Elective,Heart Failure,6,4,7,0,7.6,2.48,133,0
PAT-19674,58,Female,Emergency,Heart Failure,4,7,11,0,9.1,0.62,155,1
PAT-19675,70,Female,Emergency,COPD Exacerbation,6,3,3,0,5.8,4.42,134,0
PAT-19676,89,Male,Emergency,Pneumonia,12,0,3,3,7.1,1.42,130,1
PAT-19677,28,Male,Emergency,Sepsis,10,6,5,1,6.1,0.58,151,1
PAT-19678,65,Female,Elective,Type 2 Diabetes,4,4,9,1,10.6,0.91,104,1
PAT-19679,53,Male,Emergency,Ischemic Stroke,4,4,5,1,4.1,0.69,153,0
PAT-19680,65,Male,Emergency,Heart Failure,3,1,12,2,5.5,0.94,133,0
PAT-19681,22,Female,Emergency,Heart Failure,6,1,7,2,5.5,0.72,142,0
PAT-19682,52,Male,Emergency,Acute Myocardial Infarction,3,2,6,0,8.5,0.75,104,0
PAT-19683,83,Male,Elective,Total Hip Arthroplasty,4,1,5,4,9.4,0.63,118,1
PAT-19684,68,Female,Emergency,Sepsis,7,3,9,1,7.6,0.85,158,1
PAT-19685,62,Female,Emergency,Pneumonia,7,2,10,1,7.4,1.25,109,1
PAT-19686,50,Female,Elective,Type 2 Diabetes,6,0,10,2,7.1,0.57,141,0
PAT-19687,51,Female,Urgent,Heart Failure,8,1,7,0,7.0,2.57,125,0
PAT-19688,57,Male,Emergency,Pneumonia,5,3,6,0,8.7,0.88,148,0
PAT-19689,84,Female,Elective,Pneumonia,8,1,9,1,5.7,1.01,148,1
PAT-19690,90,Female,Urgent,Type 2 Diabetes,5,3,15,0,8.1,1.25,111,1
PAT-19691,61,Female,Elective,COPD Exacerbation,7,2,4,0,4.6,1.63,141,0
PAT-19692,58,Female,Elective,Acute Myocardial Infarction,4,5,10,3,8.4,2.3,110,1
PAT-19693,84,Female,Elective,Acute Myocardial Infarction,4,2,7,1,5.7,1.4,150,0
PAT-19694,60,Male,Emergency,Type 2 Diabetes,6,4,10,2,5.9,1.74,169,0
PAT-19695,68,Female,Elective,COPD Exacerbation,5,1,11,0,9.1,1.45,112,0
PAT-19696,45,Male,Elective,Heart Failure,4,3,7,1,4.8,1.95,140,0
PAT-19697,79,Male,Emergency,Heart Failure,6,5,7,1,8.5,1.22,123,1
PAT-19698,67,Female,Urgent,Sepsis,7,2,7,1,6.7,0.61,141,1
PAT-19699,82,Male,Elective,Acute Myocardial Infarction,6,2,6,5,8.5,1.68,125,1
PAT-19700,81,Male,Emergency,Acute Myocardial Infarction,5,1,10,0,7.5,0.86,140,0
PAT-19701,44,Female,Elective,Heart Failure,3,2,9,1,6.6,0.99,141,0
PAT-19702,77,Female,Emergency,Total Hip Arthroplasty,8,3,7,2,5.9,1.33,154,1
PAT-19703,82,Male,Elective,Heart Failure,4,3,5,2,4.8,1.11,160,0
PAT-19704,54,Male,Emergency,Total Hip Arthroplasty,3,1,7,1,5.7,1.73,108,1
PAT-19705,40,Female,Urgent,Type 2 Diabetes,3,2,9,0,5.9,1.22,123,0
PAT-19706,18,Female,Emergency,Heart Failure,1,0,13,0,5.6,0.55,132,0
PAT-19707,62,Female,Elective,Type 2 Diabetes,3,7,12,0,8.1,1.31,111,1
PAT-19708,55,Female,Urgent,Heart Failure,2,2,6,2,8.5,2.67,125,1
PAT-19709,68,Male,Emergency,Pneumonia,10,5,8,3,7.4,1.07,135,1
PAT-19710,41,Female,Elective,Ischemic Stroke,5,4,9,3,7.7,1.71,104,0
PAT-19711,85,Female,Emergency,Type 2 Diabetes,4,0,11,1,7.5,0.58,166,0
PAT-19712,47,Female,Elective,COPD Exacerbation,8,2,8,0,8.2,1.38,152,0
PAT-19713,45,Female,Elective,Total Hip Arthroplasty,1,4,8,1,6.9,2.86,109,1
PAT-19714,64,Female,Urgent,COPD Exacerbation,8,2,8,1,8.1,4.15,154,1
PAT-19715,65,Female,Urgent,Type 2 Diabetes,5,1,7,1,7.6,0.74,143,1
PAT-19716,44,Female,Emergency,Ischemic Stroke,2,4,10,1,7.7,2.4,115,0
PAT-19717,49,Male,Emergency,Heart Failure,4,2,8,1,7.6,5.23,123,1
PAT-19718,39,Male,Elective,Pneumonia,6,1,8,2,7.3,0.91,110,1
PAT-19719,78,Female,Emergency,Sepsis,9,4,7,0,6.1,1.89,121,1
PAT-19720,80,Male,Emergency,Heart Failure,6,6,5,0,6.9,0.61,144,1
PAT-19721,62,Female,Emergency,Acute Myocardial Infarction,3,5,4,3,7.7,0.9,124,0
PAT-19722,77,Female,Emergency,Type 2 Diabetes,3,2,11,0,6.1,2.03,132,0
PAT-19723,78,Female,Emergency,Heart Failure,5,2,5,0,7.2,6.89,136,1
PAT-19724,36,Female,Urgent,Type 2 Diabetes,7,5,3,1,6.7,1.25,148,0
PAT-19725,90,Male,Elective,Ischemic Stroke,6,4,6,0,8.7,1.05,133,0
PAT-19726,83,Female,Elective,Total Hip Arthroplasty,3,4,10,0,6.3,1.43,161,0
PAT-19727,43,Female,Emergency,Type 2 Diabetes,3,3,13,2,6.4,2.6,141,0
PAT-19728,41,Male,Emergency,Heart Failure,1,1,12,0,8.7,0.93,127,0
PAT-19729,35,Male,Emergency,Type 2 Diabetes,4,2,9,0,8.3,0.59,121,1
PAT-19730,36,Female,Urgent,COPD Exacerbation,1,3,4,2,6.1,1.76,115,1
PAT-19731,79,Female,Emergency,Sepsis,7,2,7,0,6.5,0.67,132,0
PAT-19732,63,Female,Emergency,Ischemic Stroke,5,2,6,0,7.5,4.54,131,0
PAT-19733,81,Female,Emergency,Acute Myocardial Infarction,2,0,5,2,8.0,2.63,124,1
PAT-19734,79,Female,Elective,COPD Exacerbation,8,3,9,0,7.1,0.63,108,1
PAT-19735,71,Female,Elective,Heart Failure,7,2,8,1,6.4,1.17,118,0
PAT-19736,76,Male,Emergency,Heart Failure,8,0,10,0,5.9,2.04,119,0
PAT-19737,21,Male,Emergency,COPD Exacerbation,5,4,8,0,7.1,0.57,135,0
PAT-19738,52,Male,Elective,COPD Exacerbation,4,3,8,0,6.5,2.22,173,0
PAT-19739,73,Female,Emergency,Sepsis,9,2,8,1,9.0,1.19,138,1
PAT-19740,19,Female,Elective,Type 2 Diabetes,4,1,5,0,5.3,3.02,128,0
PAT-19741,23,Female,Elective,Heart Failure,7,3,8,0,9.5,1.04,143,0
PAT-19742,84,Male,Elective,Pneumonia,4,0,9,4,7.2,0.95,116,1
PAT-19743,76,Female,Elective,Ischemic Stroke,12,3,7,2,5.5,0.68,126,1
PAT-19744,48,Male,Elective,Sepsis,5,4,9,0,6.5,1.78,151,0
PAT-19745,76,Male,Urgent,Heart Failure,5,1,5,2,5.6,0.61,156,1
PAT-19746,81,Male,Emergency,Total Hip Arthroplasty,4,1,5,2,7.5,1.58,139,0
PAT-19747,51,Male,Emergency,Pneumonia,6,3,12,0,10.7,1.84,99,1
PAT-19748,24,Male,Elective,Type 2 Diabetes,6,3,4,1,7.0,1.28,125,0
PAT-19749,88,Male,Emergency,Type 2 Diabetes,7,2,8,1,8.4,2.54,106,1
PAT-19750,54,Male,Urgent,COPD Exacerbation,5,5,7,1,10.1,7.39,133,1
PAT-19751,33,Female,Emergency,COPD Exacerbation,6,3,8,1,9.1,2.91,123,0
PAT-19752,64,Female,Urgent,COPD Exacerbation,6,4,10,1,7.5,2.09,139,1
PAT-19753,80,Male,Elective,COPD Exacerbation,4,3,3,1,7.4,0.9,134,1
PAT-19754,44,Male,Elective,Heart Failure,5,5,4,1,7.9,1.15,156,1
PAT-19755,48,Female,Emergency,Type 2 Diabetes,3,3,5,2,5.6,0.54,146,0
PAT-19756,46,Female,Urgent,Sepsis,6,1,12,0,5.7,0.86,150,1
PAT-19757,91,Male,Emergency,COPD Exacerbation,9,1,6,1,6.0,2.96,115,0
PAT-19758,42,Male,Emergency,Pneumonia,5,0,8,3,7.5,1.5,114,1
PAT-19759,69,Female,Emergency,Heart Failure,3,4,9,1,6.8,1.54,119,0
PAT-19760,88,Male,Urgent,Heart Failure,4,5,9,0,8.7,0.52,102,0
PAT-19761,37,Male,Emergency,Type 2 Diabetes,4,1,5,1,10.1,0.99,127,0
PAT-19762,90,Male,Elective,Heart Failure,8,3,8,0,6.7,1.48,116,0
PAT-19763,89,Female,Elective,Pneumonia,8,3,4,1,10.0,2.63,148,1
PAT-19764,86,Female,Urgent,Sepsis,11,0,3,0,8.1,2.68,116,0
PAT-19765,44,Female,Elective,Type 2 Diabetes,1,2,4,1,5.2,0.96,126,0
PAT-19766,73,Female,Emergency,Sepsis,9,0,9,0,9.2,1.49,127,0
PAT-19767,80,Female,Elective,Acute Myocardial Infarction,5,6,6,0,7.7,0.53,154,1
PAT-19768,91,Male,Elective,Heart Failure,6,1,5,1,5.2,0.79,96,1
PAT-19769,40,Female,Emergency,COPD Exacerbation,4,3,9,1,6.8,3.76,139,1
PAT-19770,80,Male,Emergency,Heart Failure,5,3,7,3,6.8,2.03,146,1
PAT-19771,54,Male,Emergency,COPD Exacerbation,6,3,8,2,5.8,0.68,139,0
PAT-19772,40,Female,Emergency,Heart Failure,2,2,5,0,7.9,1.94,127,0
PAT-19773,60,Male,Emergency,Pneumonia,3,1,6,0,10.1,0.75,139,0
PAT-19774,82,Male,Elective,COPD Exacerbation,4,2,10,1,6.8,0.62,122,0
PAT-19775,63,Male,Urgent,Heart Failure,7,3,4,3,8.3,0.59,122,1
PAT-19776,67,Female,Emergency,Heart Failure,6,2,7,2,5.8,1.41,125,1
PAT-19777,91,Female,Elective,Type 2 Diabetes,1,6,7,1,8.1,1.1,129,1
PAT-19778,58,Female,Emergency,Pneumonia,7,1,7,1,8.9,1.44,108,1
PAT-19779,72,Male,Emergency,Sepsis,9,2,8,1,6.5,0.62,123,1
PAT-19780,56,Female,Elective,Heart Failure,4,1,4,0,4.8,1.93,126,0
PAT-19781,58,Male,Urgent,Type 2 Diabetes,3,1,3,1,9.0,2.36,119,0
PAT-19782,76,Female,Emergency,Pneumonia,4,3,6,3,3.8,0.75,122,1
PAT-19783,89,Female,Emergency,Type 2 Diabetes,5,1,3,2,8.0,0.8,109,1
PAT-19784,67,Male,Emergency,COPD Exacerbation,3,0,9,2,9.4,1.13,124,0
PAT-19785,80,Male,Emergency,Type 2 Diabetes,4,2,7,0,5.8,0.94,131,1
PAT-19786,31,Female,Elective,Acute Myocardial Infarction,3,2,8,2,6.1,1.55,138,0
PAT-19787,43,Female,Elective,Pneumonia,7,3,11,2,7.9,0.72,134,0
PAT-19788,65,Male,Elective,Heart Failure,5,0,6,3,7.5,2.0,100,1
PAT-19789,21,Male,Emergency,COPD Exacerbation,5,3,10,1,6.8,2.14,124,0
PAT-19790,47,Female,Urgent,COPD Exacerbation,2,3,9,0,8.4,2.01,133,0
PAT-19791,66,Female,Emergency,Type 2 Diabetes,4,3,7,1,5.0,0.75,145,0
PAT-19792,20,Female,Elective,Heart Failure,5,3,8,0,8.1,0.84,112,1
PAT-19793,48,Female,Emergency,Type 2 Diabetes,6,4,13,0,8.1,1.25,157,0
PAT-19794,66,Male,Urgent,Pneumonia,4,2,6,1,6.1,1.39,118,0
PAT-19795,69,Male,Elective,Heart Failure,4,0,8,0,8.9,0.89,132,0
PAT-19796,88,Male,Urgent,COPD Exacerbation,7,1,8,0,7.3,0.93,142,0
PAT-19797,74,Female,Emergency,Acute Myocardial Infarction,8,5,9,0,7.9,1.36,118,1
PAT-19798,59,Male,Elective,Sepsis,9,2,3,1,4.1,1.03,154,1
PAT-19799,88,Female,Elective,COPD Exacerbation,4,3,11,0,3.8,0.97,101,0
PAT-19800,81,Male,Elective,Acute Myocardial Infarction,3,1,9,0,6.9,1.01,160,0
PAT-19801,42,Female,Emergency,COPD Exacerbation,4,0,12,0,6.6,2.5,126,0
PAT-19802,35,Female,Emergency,Ischemic Stroke,6,5,9,0,6.1,1.29,98,0
PAT-19803,75,Male,Emergency,Type 2 Diabetes,4,2,4,1,8.0,1.49,118,0
PAT-19804,69,Female,Emergency,Type 2 Diabetes,2,6,6,2,7.6,0.56,110,1
PAT-19805,81,Male,Elective,Heart Failure,8,3,9,0,4.8,0.63,141,0
PAT-19806,79,Male,Elective,Pneumonia,6,1,8,2,8.9,0.98,109,1
PAT-19807,72,Female,Emergency,Heart Failure,7,7,10,0,6.8,1.12,122,1
PAT-19808,91,Male,Urgent,Type 2 Diabetes,1,2,10,0,5.9,3.84,150,0
PAT-19809,67,Female,Emergency,Pneumonia,9,5,6,1,7.8,1.44,127,0
PAT-19810,33,Female,Emergency,Ischemic Stroke,4,3,14,0,9.6,0.52,141,0
PAT-19811,83,Male,Emergency,Ischemic Stroke,10,3,12,0,4.3,1.96,157,1
PAT-19812,47,Male,Urgent,Acute Myocardial Infarction,5,2,8,1,5.7,1.74,124,0
PAT-19813,81,Female,Elective,Pneumonia,4,2,9,0,7.5,0.93,129,1
PAT-19814,90,Male,Emergency,Sepsis,10,3,9,0,7.3,1.39,126,1
PAT-19815,76,Female,Elective,Total Hip Arthroplasty,7,3,8,1,8.7,1.05,115,1
PAT-19816,71,Male,Emergency,Total Hip Arthroplasty,2,1,9,0,7.7,6.25,108,0
PAT-19817,62,Male,Emergency,COPD Exacerbation,8,1,8,1,5.2,0.78,131,1
PAT-19818,56,Female,Emergency,Type 2 Diabetes,4,2,11,2,5.4,0.83,160,0
PAT-19819,55,Male,Emergency,Heart Failure,8,3,7,1,6.0,1.38,150,1
PAT-19820,73,Female,Urgent,Total Hip Arthroplasty,4,3,6,1,8.5,2.13,131,1
PAT-19821,79,Female,Elective,Heart Failure,6,3,7,0,6.7,1.36,105,1
PAT-19822,75,Male,Emergency,Type 2 Diabetes,8,3,7,1,7.0,2.13,137,1
PAT-19823,42,Female,Emergency,Pneumonia,7,2,7,1,7.6,1.2,135,0
PAT-19824,64,Female,Emergency,Heart Failure,5,3,3,1,9.6,1.2,142,0
PAT-19825,81,Male,Emergency,Total Hip Arthroplasty,5,1,11,2,6.0,1.11,131,1
PAT-19826,63,Female,Emergency,Type 2 Diabetes,3,4,5,1,5.6,1.25,156,0
PAT-19827,67,Female,Emergency,Heart Failure,6,2,7,0,6.9,0.6,137,1
PAT-19828,80,Male,Elective,Ischemic Stroke,10,3,8,1,6.0,10.1,120,1
PAT-19829,74,Male,Emergency,Type 2 Diabetes,4,3,9,1,6.0,4.41,131,1
PAT-19830,59,Male,Emergency,Total Hip Arthroplasty,1,2,5,1,6.7,2.25,113,0
PAT-19831,87,Female,Urgent,Pneumonia,5,3,11,3,8.3,1.32,121,1
PAT-19832,39,Male,Emergency,COPD Exacerbation,4,2,22,1,6.9,1.2,111,0
PAT-19833,91,Male,Emergency,Type 2 Diabetes,3,0,3,1,7.9,2.83,113,0
PAT-19834,34,Female,Emergency,Pneumonia,2,1,10,1,5.5,1.57,153,0
PAT-19835,20,Female,Emergency,Type 2 Diabetes,1,4,9,0,9.8,4.47,125,0
PAT-19836,86,Female,Emergency,Ischemic Stroke,10,2,9,1,7.4,1.07,132,0
PAT-19837,46,Female,Emergency,Heart Failure,4,5,8,1,6.8,1.53,156,1
PAT-19838,78,Female,Urgent,Type 2 Diabetes,5,2,12,1,4.5,1.76,128,1
PAT-19839,82,Male,Elective,Total Hip Arthroplasty,2,5,6,0,7.2,2.41,101,1
PAT-19840,85,Male,Elective,Pneumonia,6,3,7,0,7.5,1.09,145,1
PAT-19841,91,Male,Emergency,COPD Exacerbation,5,4,8,0,6.8,1.09,139,1
PAT-19842,50,Male,Emergency,COPD Exacerbation,4,1,13,0,7.8,1.21,154,0
PAT-19843,77,Male,Emergency,Heart Failure,2,1,9,0,7.5,4.1,115,1
PAT-19844,34,Male,Emergency,Heart Failure,6,3,14,0,5.8,3.14,105,0
PAT-19845,59,Female,Emergency,Total Hip Arthroplasty,3,4,5,1,8.6,3.64,122,1
PAT-19846,84,Female,Emergency,Type 2 Diabetes,5,2,6,0,6.9,0.95,109,0
PAT-19847,56,Female,Emergency,Pneumonia,8,2,6,0,7.4,1.8,130,0
PAT-19848,70,Female,Emergency,Acute Myocardial Infarction,6,3,7,1,9.1,2.5,131,1
PAT-19849,65,Female,Emergency,Type 2 Diabetes,3,3,14,0,5.7,0.78,110,0
PAT-19850,74,Female,Emergency,Acute Myocardial Infarction,6,4,9,0,7.1,0.82,118,0
PAT-19851,90,Female,Emergency,Pneumonia,8,2,9,0,6.8,1.07,123,1
PAT-19852,26,Female,Emergency,Sepsis,8,1,5,0,4.6,2.88,121,0
PAT-19853,69,Male,Emergency,Type 2 Diabetes,6,2,8,0,7.5,0.69,145,0
PAT-19854,85,Female,Emergency,Type 2 Diabetes,6,2,9,1,10.2,5.57,139,1
PAT-19855,64,Male,Emergency,Sepsis,10,2,8,0,8.1,0.51,115,1
PAT-19856,29,Female,Emergency,Type 2 Diabetes,5,1,7,0,7.0,0.79,107,0
PAT-19857,69,Male,Emergency,Pneumonia,6,1,5,1,5.0,0.88,72,1
PAT-19858,53,Male,Elective,Sepsis,8,5,8,0,7.4,3.08,136,1
PAT-19859,38,Male,Emergency,COPD Exacerbation,6,4,5,2,4.7,0.85,155,0
PAT-19860,84,Male,Emergency,Pneumonia,7,0,7,1,8.3,3.15,120,1
PAT-19861,66,Male,Emergency,Type 2 Diabetes,5,2,6,1,6.2,0.79,130,0
PAT-19862,88,Female,Emergency,Acute Myocardial Infarction,4,0,3,2,7.0,3.15,121,0
PAT-19863,82,Male,Emergency,Heart Failure,1,1,6,0,7.4,0.54,124,1
PAT-19864,76,Male,Urgent,Total Hip Arthroplasty,5,4,6,0,6.4,1.17,130,0
PAT-19865,18,Male,Elective,Heart Failure,1,6,7,2,8.1,1.89,123,1
PAT-19866,60,Female,Emergency,Sepsis,7,3,11,0,8.7,3.69,133,1
PAT-19867,42,Male,Elective,Pneumonia,7,5,6,1,5.9,0.67,137,1
PAT-19868,87,Male,Emergency,Heart Failure,8,1,3,2,9.1,1.7,139,1
PAT-19869,40,Male,Emergency,Pneumonia,8,1,15,0,9.2,0.85,155,0
PAT-19870,50,Male,Elective,Type 2 Diabetes,1,2,14,2,9.3,2.77,111,0
PAT-19871,66,Female,Emergency,Heart Failure,6,0,8,1,5.6,2.67,128,1
PAT-19872,48,Female,Emergency,Type 2 Diabetes,3,1,6,1,6.2,0.65,128,0
PAT-19873,43,Female,Elective,Sepsis,10,5,6,1,7.3,0.84,102,0
PAT-19874,71,Female,Emergency,Heart Failure,8,3,8,0,6.2,0.8,145,0
PAT-19875,31,Female,Urgent,Ischemic Stroke,3,3,13,0,9.1,1.91,143,1
PAT-19876,27,Female,Elective,Heart Failure,4,4,12,1,5.2,0.56,158,1
PAT-19877,56,Female,Elective,COPD Exacerbation,6,1,7,2,7.7,1.29,153,1
PAT-19878,78,Female,Emergency,Sepsis,9,1,11,1,8.3,3.15,132,1
PAT-19879,68,Female,Emergency,Total Hip Arthroplasty,7,2,13,1,8.0,0.7,121,1
PAT-19880,60,Male,Elective,Heart Failure,4,1,6,2,7.2,1.82,129,1
PAT-19881,69,Male,Urgent,Acute Myocardial Infarction,4,1,7,0,8.8,1.1,134,0
PAT-19882,56,Male,Emergency,Heart Failure,3,2,10,0,8.9,1.2,124,0
PAT-19883,89,Female,Urgent,Type 2 Diabetes,5,2,6,1,6.7,0.84,149,1
PAT-19884,26,Male,Emergency,Acute Myocardial Infarction,1,4,9,0,5.9,0.97,157,0
PAT-19885,75,Male,Emergency,Type 2 Diabetes,4,1,7,1,5.9,1.66,140,1
PAT-19886,86,Male,Emergency,Type 2 Diabetes,7,1,7,2,5.6,0.91,110,1
PAT-19887,82,Male,Emergency,Heart Failure,3,4,9,1,6.0,0.8,125,0
PAT-19888,41,Male,Elective,Heart Failure,1,1,10,1,8.8,0.65,136,1
PAT-19889,51,Male,Emergency,Heart Failure,7,4,7,1,4.8,4.25,163,0
PAT-19890,77,Female,Urgent,Total Hip Arthroplasty,6,0,8,0,8.4,3.33,118,0
PAT-19891,30,Female,Emergency,Heart Failure,1,3,8,1,5.7,0.76,127,0
PAT-19892,82,Male,Emergency,Acute Myocardial Infarction,9,5,3,0,9.3,0.77,144,1
PAT-19893,78,Female,Elective,Acute Myocardial Infarction,6,2,7,0,8.3,1.83,146,0
PAT-19894,78,Female,Emergency,COPD Exacerbation,8,1,12,3,8.2,0.87,127,0
PAT-19895,32,Male,Elective,Acute Myocardial Infarction,2,1,2,0,7.0,1.16,109,0
PAT-19896,78,Female,Emergency,COPD Exacerbation,8,0,10,1,9.0,3.1,131,0
PAT-19897,75,Male,Emergency,Pneumonia,6,4,8,0,5.4,2.13,89,0
PAT-19898,83,Male,Elective,Pneumonia,6,2,12,0,8.2,1.2,131,1
PAT-19899,24,Female,Urgent,Ischemic Stroke,6,2,5,1,7.2,2.96,94,0
PAT-19900,22,Female,Emergency,Ischemic Stroke,4,5,7,0,7.5,1.05,131,0
PAT-19901,56,Female,Elective,COPD Exacerbation,2,5,12,0,7.1,1.46,121,0
PAT-19902,37,Female,Elective,Heart Failure,4,2,7,2,8.2,2.27,129,1
PAT-19903,68,Female,Emergency,Pneumonia,6,5,3,1,6.5,0.71,132,0
PAT-19904,88,Female,Elective,Pneumonia,6,3,5,0,9.0,0.84,181,0
PAT-19905,58,Female,Emergency,Acute Myocardial Infarction,7,2,10,2,5.8,0.53,106,0
PAT-19906,84,Female,Emergency,COPD Exacerbation,11,3,9,2,7.5,0.77,151,1
PAT-19907,18,Male,Emergency,Pneumonia,2,3,17,0,7.7,0.85,114,0
PAT-19908,39,Male,Emergency,Acute Myocardial Infarction,4,2,5,1,7.3,1.43,123,0
PAT-19909,23,Male,Emergency,Heart Failure,3,5,8,2,5.7,0.66,125,1
PAT-19910,53,Male,Emergency,Acute Myocardial Infarction,9,4,13,1,6.0,2.16,121,1
PAT-19911,87,Female,Emergency,Type 2 Diabetes,6,1,3,1,6.7,2.56,131,0
PAT-19912,32,Male,Elective,COPD Exacerbation,6,1,7,1,5.6,0.63,145,0
PAT-19913,71,Female,Emergency,Heart Failure,8,4,8,0,9.3,0.56,111,1
PAT-19914,62,Female,Elective,Heart Failure,5,1,13,0,7.0,2.73,116,0
PAT-19915,89,Male,Emergency,Heart Failure,6,2,6,1,8.1,0.71,123,1
PAT-19916,35,Female,Elective,Total Hip Arthroplasty,5,3,6,0,7.8,1.13,133,0
PAT-19917,43,Female,Emergency,COPD Exacerbation,6,0,10,0,9.7,1.62,137,0
PAT-19918,23,Male,Emergency,Type 2 Diabetes,1,2,6,0,4.6,2.03,167,0
PAT-19919,61,Male,Emergency,Sepsis,7,3,8,0,7.5,0.67,151,1
PAT-19920,49,Female,Emergency,COPD Exacerbation,4,2,8,0,6.7,0.9,145,1
PAT-19921,85,Female,Emergency,COPD Exacerbation,8,1,7,0,7.6,0.64,98,0
PAT-19922,71,Male,Elective,Pneumonia,9,3,10,2,7.9,3.03,131,1
PAT-19923,72,Male,Urgent,Heart Failure,10,3,11,1,7.3,1.41,155,1
PAT-19924,67,Female,Elective,Type 2 Diabetes,3,6,2,1,8.4,2.47,159,0
PAT-19925,31,Male,Emergency,Heart Failure,4,2,11,1,9.2,1.36,120,1
PAT-19926,61,Male,Emergency,COPD Exacerbation,4,4,14,0,6.5,1.43,111,0
PAT-19927,91,Female,Urgent,Type 2 Diabetes,5,1,11,0,4.3,0.77,120,1
PAT-19928,84,Male,Emergency,Pneumonia,9,4,13,1,7.4,1.1,158,1
PAT-19929,86,Male,Urgent,Type 2 Diabetes,5,3,12,1,9.4,1.15,130,1
PAT-19930,83,Female,Emergency,Heart Failure,9,4,7,1,7.7,2.87,130,1
PAT-19931,32,Male,Urgent,Ischemic Stroke,5,0,10,2,8.0,0.77,108,0
PAT-19932,45,Female,Urgent,Total Hip Arthroplasty,4,2,11,1,6.8,0.55,130,0
PAT-19933,18,Male,Elective,Heart Failure,3,3,12,1,5.0,1.69,159,0
PAT-19934,51,Male,Emergency,Sepsis,5,1,13,1,5.7,0.62,144,1
PAT-19935,33,Female,Emergency,Pneumonia,3,2,9,1,5.5,0.78,125,0
PAT-19936,63,Male,Urgent,Acute Myocardial Infarction,5,2,15,0,7.0,0.94,84,1
PAT-19937,75,Male,Urgent,Heart Failure,10,4,5,0,8.2,1.09,132,1
PAT-19938,86,Female,Emergency,Heart Failure,5,1,3,0,7.5,0.77,133,0
PAT-19939,79,Female,Emergency,Total Hip Arthroplasty,3,1,7,2,5.0,0.57,111,0
PAT-19940,89,Female,Elective,Total Hip Arthroplasty,5,3,11,0,7.1,0.6,147,0
PAT-19941,26,Male,Emergency,Pneumonia,3,2,8,1,9.6,3.15,139,1
PAT-19942,20,Male,Elective,Total Hip Arthroplasty,1,1,14,1,8.3,0.54,117,0
PAT-19943,74,Male,Elective,COPD Exacerbation,6,4,7,1,5.2,0.65,103,1
PAT-19944,50,Female,Urgent,Heart Failure,4,2,12,0,8.0,1.05,157,0
PAT-19945,47,Male,Emergency,Type 2 Diabetes,1,1,11,1,9.5,0.54,142,0
PAT-19946,53,Female,Emergency,Heart Failure,4,1,8,0,6.4,1.03,114,0
PAT-19947,48,Female,Emergency,Acute Myocardial Infarction,5,2,8,2,5.3,3.92,110,1
PAT-19948,66,Female,Urgent,Ischemic Stroke,8,2,11,1,7.5,1.24,129,1
PAT-19949,61,Female,Emergency,COPD Exacerbation,8,3,10,1,7.3,1.4,141,0
PAT-19950,66,Male,Emergency,COPD Exacerbation,8,4,6,1,6.0,0.68,119,1
PAT-19951,75,Male,Emergency,Acute Myocardial Infarction,3,0,4,0,7.4,0.93,131,0
PAT-19952,57,Male,Emergency,Type 2 Diabetes,2,4,6,0,6.3,3.87,148,0
PAT-19953,47,Male,Elective,Type 2 Diabetes,2,3,13,0,8.5,1.71,141,0
PAT-19954,39,Female,Elective,Pneumonia,5,0,9,0,7.1,1.52,132,0
PAT-19955,55,Male,Elective,COPD Exacerbation,3,1,12,4,4.7,1.57,129,0
PAT-19956,79,Male,Emergency,Sepsis,9,1,4,0,5.3,2.7,114,0
PAT-19957,80,Male,Urgent,Type 2 Diabetes,3,0,8,0,7.0,1.0,122,0
PAT-19958,75,Female,Emergency,Pneumonia,8,2,8,0,6.2,1.79,143,0
PAT-19959,45,Female,Elective,Acute Myocardial Infarction,2,2,9,0,5.9,0.56,97,0
PAT-19960,70,Male,Emergency,Heart Failure,4,7,11,1,7.0,1.82,148,1
PAT-19961,69,Female,Emergency,Pneumonia,7,4,10,1,6.2,0.92,134,1
PAT-19962,64,Male,Emergency,Heart Failure,7,3,7,1,5.3,0.89,110,0
PAT-19963,68,Male,Emergency,COPD Exacerbation,5,3,4,0,5.7,4.36,111,0
PAT-19964,64,Female,Elective,Acute Myocardial Infarction,6,3,11,0,6.7,0.95,134,0
PAT-19965,69,Female,Emergency,Type 2 Diabetes,6,3,6,0,7.9,0.79,132,0
PAT-19966,77,Male,Emergency,Sepsis,13,1,10,2,5.4,1.99,133,1
PAT-19967,33,Female,Elective,Type 2 Diabetes,4,2,10,1,4.6,0.76,130,0
PAT-19968,79,Male,Emergency,Heart Failure,9,3,10,1,8.8,0.87,153,0
PAT-19969,36,Male,Emergency,Pneumonia,5,4,2,0,5.3,1.06,131,0
PAT-19970,28,Female,Emergency,Total Hip Arthroplasty,5,6,7,2,6.3,1.21,143,1
PAT-19971,90,Male,Elective,Heart Failure,9,4,5,3,8.9,2.23,149,1
PAT-19972,90,Male,Emergency,Type 2 Diabetes,5,0,13,1,9.2,1.31,132,0
PAT-19973,27,Male,Urgent,COPD Exacerbation,2,0,11,0,7.2,2.31,126,0
PAT-19974,61,Male,Emergency,Type 2 Diabetes,3,4,5,1,6.7,3.15,181,0
PAT-19975,41,Male,Emergency,Heart Failure,5,2,9,0,6.1,3.36,152,0
PAT-19976,64,Female,Emergency,Type 2 Diabetes,2,1,9,1,8.2,1.02,124,1
PAT-19977,83,Female,Elective,Sepsis,9,6,7,0,8.9,1.13,139,1
PAT-19978,89,Female,Emergency,Ischemic Stroke,10,4,8,1,4.8,1.35,133,1
PAT-19979,73,Female,Elective,Heart Failure,7,2,4,3,4.9,2.06,140,1
PAT-19980,55,Male,Emergency,COPD Exacerbation,1,0,5,0,7.1,1.13,138,0
PAT-19981,71,Female,Emergency,Heart Failure,3,1,6,2,7.7,1.92,90,1
PAT-19982,52,Male,Elective,Acute Myocardial Infarction,8,0,18,0,9.3,0.93,103,0
PAT-19983,87,Female,Elective,Heart Failure,9,3,10,1,8.3,0.81,135,1
PAT-19984,85,Female,Emergency,Heart Failure,5,1,16,1,4.8,1.96,141,0
PAT-19985,68,Male,Elective,Acute Myocardial Infarction,2,2,11,0,5.3,0.54,122,1
PAT-19986,53,Female,Elective,Heart Failure,2,6,5,1,6.3,0.63,118,0
PAT-19987,50,Male,Emergency,Type 2 Diabetes,4,0,7,2,5.2,0.52,109,0
PAT-19988,23,Female,Emergency,Ischemic Stroke,9,0,4,2,5.2,1.24,92,0
PAT-19989,83,Male,Emergency,Ischemic Stroke,11,4,7,1,6.0,5.58,143,1
PAT-19990,62,Male,Emergency,Heart Failure,2,0,8,0,8.5,0.58,130,0
PAT-19991,53,Male,Elective,COPD Exacerbation,4,1,16,0,7.2,6.44,142,0
PAT-19992,63,Female,Emergency,COPD Exacerbation,3,1,7,1,7.6,0.51,160,0
PAT-19993,83,Female,Emergency,Pneumonia,7,6,8,1,5.0,1.31,115,1
PAT-19994,35,Male,Emergency,Total Hip Arthroplasty,1,4,8,0,8.2,0.92,127,1
PAT-19995,85,Male,Urgent,Acute Myocardial Infarction,4,0,9,0,7.7,3.58,116,0
PAT-19996,87,Female,Elective,Acute Myocardial Infarction,4,1,9,2,7.6,1.08,101,1
PAT-19997,89,Female,Emergency,Type 2 Diabetes,6,2,8,2,6.6,3.11,127,1
PAT-19998,58,Female,Emergency,Pneumonia,5,1,5,2,6.4,7.18,153,1
PAT-19999,44,Female,Emergency,Pneumonia,5,1,9,2,6.8,1.5,112,0
